ISO-10303-21;
HEADER;
FILE_DESCRIPTION(('Open CASCADE Model'),'2;1');
FILE_NAME('Open CASCADE Shape Model','2026-10-03T14:16:37',('Author'),(
    'Open CASCADE'),'Open CASCADE STEP processor 7.9','Open CASCADE 7.9'
  ,'Unknown');
FILE_SCHEMA(('AUTOMOTIVE_DESIGN { 1 0 10303 214 1 1 1 1 }'));
ENDSEC;
DATA;
#1 = APPLICATION_PROTOCOL_DEFINITION('international standard',
  'automotive_design',2000,#2);
#2 = APPLICATION_CONTEXT(
  'core data for automotive mechanical design processes');
#3 = SHAPE_DEFINITION_REPRESENTATION(#4,#10);
#4 = PRODUCT_DEFINITION_SHAPE('','',#5);
#5 = PRODUCT_DEFINITION('design','',#6,#9);
#6 = PRODUCT_DEFINITION_FORMATION('','',#7);
#7 = PRODUCT('Open CASCADE STEP translator 7.9 1',
  'Open CASCADE STEP translator 7.9 1','',(#8));
#8 = PRODUCT_CONTEXT('',#2,'mechanical');
#9 = PRODUCT_DEFINITION_CONTEXT('part definition',#2,'design');
#10 = ADVANCED_BREP_SHAPE_REPRESENTATION('',(#11,#15),#4510);
#11 = AXIS2_PLACEMENT_3D('',#12,#13,#14);
#12 = CARTESIAN_POINT('',(0.,0.,0.));
#13 = DIRECTION('',(0.,0.,1.));
#14 = DIRECTION('',(1.,0.,-0.));
#15 = MANIFOLD_SOLID_BREP('',#16);
#16 = CLOSED_SHELL('',(#17,#301,#434,#562,#686,#815,#897,#1088,#1276,
    #1448,#1526,#1597,#1673,#1754,#1829,#1854,#1879,#1960,#2036,#2114,
    #2190,#2276,#2345,#2481,#2690,#2815,#2885,#2932,#2986,#3035,#3063,
    #3305,#3360,#3364,#3419,#3458,#3517,#3552,#3606,#3661,#3700,#3759,
    #3794,#3848,#3903,#3907,#3962,#3966,#4021,#4025,#4075,#4106,#4133,
    #4169,#4201,#4230,#4257,#4299,#4331,#4364,#4393,#4420,#4447,#4474,
    #4501));
#17 = ADVANCED_FACE('',(#18),#32,.F.);
#18 = FACE_BOUND('',#19,.F.);
#19 = EDGE_LOOP('',(#20,#55,#83,#111,#139,#167,#193,#222,#248,#277));
#20 = ORIENTED_EDGE('',*,*,#21,.F.);
#21 = EDGE_CURVE('',#22,#24,#26,.T.);
#22 = VERTEX_POINT('',#23);
#23 = CARTESIAN_POINT('',(96.6,-146.9,2.1));
#24 = VERTEX_POINT('',#25);
#25 = CARTESIAN_POINT('',(96.6,-133.7,2.1));
#26 = SURFACE_CURVE('',#27,(#31,#43),.PCURVE_S1.);
#27 = LINE('',#28,#29);
#28 = CARTESIAN_POINT('',(96.6,-149.9,2.1));
#29 = VECTOR('',#30,1.);
#30 = DIRECTION('',(0.,1.,0.));
#31 = PCURVE('',#32,#37);
#32 = PLANE('',#33);
#33 = AXIS2_PLACEMENT_3D('',#34,#35,#36);
#34 = CARTESIAN_POINT('',(96.6,-149.9,-4.2));
#35 = DIRECTION('',(1.,0.,0.));
#36 = DIRECTION('',(0.,0.,1.));
#37 = DEFINITIONAL_REPRESENTATION('',(#38),#42);
#38 = LINE('',#39,#40);
#39 = CARTESIAN_POINT('',(6.3,0.));
#40 = VECTOR('',#41,1.);
#41 = DIRECTION('',(0.,-1.));
#42 = ( GEOMETRIC_REPRESENTATION_CONTEXT(2) 
PARAMETRIC_REPRESENTATION_CONTEXT() REPRESENTATION_CONTEXT('2D SPACE',''
  ) );
#43 = PCURVE('',#44,#49);
#44 = PLANE('',#45);
#45 = AXIS2_PLACEMENT_3D('',#46,#47,#48);
#46 = CARTESIAN_POINT('',(96.6,-149.9,2.1));
#47 = DIRECTION('',(0.,0.,1.));
#48 = DIRECTION('',(1.,0.,0.));
#49 = DEFINITIONAL_REPRESENTATION('',(#50),#54);
#50 = LINE('',#51,#52);
#51 = CARTESIAN_POINT('',(0.,0.));
#52 = VECTOR('',#53,1.);
#53 = DIRECTION('',(0.,1.));
#54 = ( GEOMETRIC_REPRESENTATION_CONTEXT(2) 
PARAMETRIC_REPRESENTATION_CONTEXT() REPRESENTATION_CONTEXT('2D SPACE',''
  ) );
#55 = ORIENTED_EDGE('',*,*,#56,.F.);
#56 = EDGE_CURVE('',#57,#22,#59,.T.);
#57 = VERTEX_POINT('',#58);
#58 = CARTESIAN_POINT('',(96.6,-146.9,-4.2));
#59 = SURFACE_CURVE('',#60,(#64,#71),.PCURVE_S1.);
#60 = LINE('',#61,#62);
#61 = CARTESIAN_POINT('',(96.6,-146.9,-4.2));
#62 = VECTOR('',#63,1.);
#63 = DIRECTION('',(0.,0.,1.));
#64 = PCURVE('',#32,#65);
#65 = DEFINITIONAL_REPRESENTATION('',(#66),#70);
#66 = LINE('',#67,#68);
#67 = CARTESIAN_POINT('',(0.,-3.));
#68 = VECTOR('',#69,1.);
#69 = DIRECTION('',(1.,0.));
#70 = ( GEOMETRIC_REPRESENTATION_CONTEXT(2) 
PARAMETRIC_REPRESENTATION_CONTEXT() REPRESENTATION_CONTEXT('2D SPACE',''
  ) );
#71 = PCURVE('',#72,#77);
#72 = CYLINDRICAL_SURFACE('',#73,3.);
#73 = AXIS2_PLACEMENT_3D('',#74,#75,#76);
#74 = CARTESIAN_POINT('',(99.6,-146.9,-4.2));
#75 = DIRECTION('',(0.,0.,1.));
#76 = DIRECTION('',(-1.,-0.,0.));
#77 = DEFINITIONAL_REPRESENTATION('',(#78),#82);
#78 = LINE('',#79,#80);
#79 = CARTESIAN_POINT('',(0.,0.));
#80 = VECTOR('',#81,1.);
#81 = DIRECTION('',(0.,1.));
#82 = ( GEOMETRIC_REPRESENTATION_CONTEXT(2) 
PARAMETRIC_REPRESENTATION_CONTEXT() REPRESENTATION_CONTEXT('2D SPACE',''
  ) );
#83 = ORIENTED_EDGE('',*,*,#84,.T.);
#84 = EDGE_CURVE('',#57,#85,#87,.T.);
#85 = VERTEX_POINT('',#86);
#86 = CARTESIAN_POINT('',(96.6,-100.1,-4.2));
#87 = SURFACE_CURVE('',#88,(#92,#99),.PCURVE_S1.);
#88 = LINE('',#89,#90);
#89 = CARTESIAN_POINT('',(96.6,-149.9,-4.2));
#90 = VECTOR('',#91,1.);
#91 = DIRECTION('',(0.,1.,0.));
#92 = PCURVE('',#32,#93);
#93 = DEFINITIONAL_REPRESENTATION('',(#94),#98);
#94 = LINE('',#95,#96);
#95 = CARTESIAN_POINT('',(0.,0.));
#96 = VECTOR('',#97,1.);
#97 = DIRECTION('',(0.,-1.));
#98 = ( GEOMETRIC_REPRESENTATION_CONTEXT(2) 
PARAMETRIC_REPRESENTATION_CONTEXT() REPRESENTATION_CONTEXT('2D SPACE',''
  ) );
#99 = PCURVE('',#100,#105);
#100 = PLANE('',#101);
#101 = AXIS2_PLACEMENT_3D('',#102,#103,#104);
#102 = CARTESIAN_POINT('',(96.6,-149.9,-4.2));
#103 = DIRECTION('',(0.,0.,1.));
#104 = DIRECTION('',(1.,0.,0.));
#105 = DEFINITIONAL_REPRESENTATION('',(#106),#110);
#106 = LINE('',#107,#108);
#107 = CARTESIAN_POINT('',(0.,0.));
#108 = VECTOR('',#109,1.);
#109 = DIRECTION('',(0.,1.));
#110 = ( GEOMETRIC_REPRESENTATION_CONTEXT(2) 
PARAMETRIC_REPRESENTATION_CONTEXT() REPRESENTATION_CONTEXT('2D SPACE',''
  ) );
#111 = ORIENTED_EDGE('',*,*,#112,.T.);
#112 = EDGE_CURVE('',#85,#113,#115,.T.);
#113 = VERTEX_POINT('',#114);
#114 = CARTESIAN_POINT('',(96.6,-100.1,2.1));
#115 = SURFACE_CURVE('',#116,(#120,#127),.PCURVE_S1.);
#116 = LINE('',#117,#118);
#117 = CARTESIAN_POINT('',(96.6,-100.1,-4.2));
#118 = VECTOR('',#119,1.);
#119 = DIRECTION('',(0.,0.,1.));
#120 = PCURVE('',#32,#121);
#121 = DEFINITIONAL_REPRESENTATION('',(#122),#126);
#122 = LINE('',#123,#124);
#123 = CARTESIAN_POINT('',(0.,-49.8));
#124 = VECTOR('',#125,1.);
#125 = DIRECTION('',(1.,0.));
#126 = ( GEOMETRIC_REPRESENTATION_CONTEXT(2) 
PARAMETRIC_REPRESENTATION_CONTEXT() REPRESENTATION_CONTEXT('2D SPACE',''
  ) );
#127 = PCURVE('',#128,#133);
#128 = CYLINDRICAL_SURFACE('',#129,3.);
#129 = AXIS2_PLACEMENT_3D('',#130,#131,#132);
#130 = CARTESIAN_POINT('',(99.6,-100.1,-4.2));
#131 = DIRECTION('',(0.,0.,1.));
#132 = DIRECTION('',(-1.,-0.,0.));
#133 = DEFINITIONAL_REPRESENTATION('',(#134),#138);
#134 = LINE('',#135,#136);
#135 = CARTESIAN_POINT('',(-0.,0.));
#136 = VECTOR('',#137,1.);
#137 = DIRECTION('',(-0.,1.));
#138 = ( GEOMETRIC_REPRESENTATION_CONTEXT(2) 
PARAMETRIC_REPRESENTATION_CONTEXT() REPRESENTATION_CONTEXT('2D SPACE',''
  ) );
#139 = ORIENTED_EDGE('',*,*,#140,.F.);
#140 = EDGE_CURVE('',#141,#113,#143,.T.);
#141 = VERTEX_POINT('',#142);
#142 = CARTESIAN_POINT('',(96.6,-120.3,2.1));
#143 = SURFACE_CURVE('',#144,(#148,#155),.PCURVE_S1.);
#144 = LINE('',#145,#146);
#145 = CARTESIAN_POINT('',(96.6,-149.9,2.1));
#146 = VECTOR('',#147,1.);
#147 = DIRECTION('',(0.,1.,0.));
#148 = PCURVE('',#32,#149);
#149 = DEFINITIONAL_REPRESENTATION('',(#150),#154);
#150 = LINE('',#151,#152);
#151 = CARTESIAN_POINT('',(6.3,0.));
#152 = VECTOR('',#153,1.);
#153 = DIRECTION('',(0.,-1.));
#154 = ( GEOMETRIC_REPRESENTATION_CONTEXT(2) 
PARAMETRIC_REPRESENTATION_CONTEXT() REPRESENTATION_CONTEXT('2D SPACE',''
  ) );
#155 = PCURVE('',#156,#161);
#156 = PLANE('',#157);
#157 = AXIS2_PLACEMENT_3D('',#158,#159,#160);
#158 = CARTESIAN_POINT('',(96.6,-149.9,2.1));
#159 = DIRECTION('',(0.,0.,1.));
#160 = DIRECTION('',(1.,0.,0.));
#161 = DEFINITIONAL_REPRESENTATION('',(#162),#166);
#162 = LINE('',#163,#164);
#163 = CARTESIAN_POINT('',(0.,0.));
#164 = VECTOR('',#165,1.);
#165 = DIRECTION('',(0.,1.));
#166 = ( GEOMETRIC_REPRESENTATION_CONTEXT(2) 
PARAMETRIC_REPRESENTATION_CONTEXT() REPRESENTATION_CONTEXT('2D SPACE',''
  ) );
#167 = ORIENTED_EDGE('',*,*,#168,.T.);
#168 = EDGE_CURVE('',#141,#169,#171,.T.);
#169 = VERTEX_POINT('',#170);
#170 = CARTESIAN_POINT('',(96.6,-120.3,1.93));
#171 = SURFACE_CURVE('',#172,(#176,#182),.PCURVE_S1.);
#172 = LINE('',#173,#174);
#173 = CARTESIAN_POINT('',(96.6,-120.3,-2.335));
#174 = VECTOR('',#175,1.);
#175 = DIRECTION('',(0.,0.,-1.));
#176 = PCURVE('',#32,#177);
#177 = DEFINITIONAL_REPRESENTATION('',(#178),#181);
#178 = B_SPLINE_CURVE_WITH_KNOTS('',1,(#179,#180),.UNSPECIFIED.,.F.,.F.,
  (2,2),(-4.435,-4.265),.PIECEWISE_BEZIER_KNOTS.);
#179 = CARTESIAN_POINT('',(6.3,-29.6));
#180 = CARTESIAN_POINT('',(6.13,-29.6));
#181 = ( GEOMETRIC_REPRESENTATION_CONTEXT(2) 
PARAMETRIC_REPRESENTATION_CONTEXT() REPRESENTATION_CONTEXT('2D SPACE',''
  ) );
#182 = PCURVE('',#183,#188);
#183 = PLANE('',#184);
#184 = AXIS2_PLACEMENT_3D('',#185,#186,#187);
#185 = CARTESIAN_POINT('',(95.1,-120.3,-0.47));
#186 = DIRECTION('',(0.,-1.,0.));
#187 = DIRECTION('',(0.,0.,1.));
#188 = DEFINITIONAL_REPRESENTATION('',(#189),#192);
#189 = B_SPLINE_CURVE_WITH_KNOTS('',1,(#190,#191),.UNSPECIFIED.,.F.,.F.,
  (2,2),(-4.435,-4.265),.PIECEWISE_BEZIER_KNOTS.);
#190 = CARTESIAN_POINT('',(2.57,-1.5));
#191 = CARTESIAN_POINT('',(2.4,-1.5));
#192 = ( GEOMETRIC_REPRESENTATION_CONTEXT(2) 
PARAMETRIC_REPRESENTATION_CONTEXT() REPRESENTATION_CONTEXT('2D SPACE',''
  ) );
#193 = ORIENTED_EDGE('',*,*,#194,.F.);
#194 = EDGE_CURVE('',#195,#169,#197,.T.);
#195 = VERTEX_POINT('',#196);
#196 = CARTESIAN_POINT('',(96.6,-122.7,-0.47));
#197 = SURFACE_CURVE('',#198,(#203,#210),.PCURVE_S1.);
#198 = CIRCLE('',#199,2.4);
#199 = AXIS2_PLACEMENT_3D('',#200,#201,#202);
#200 = CARTESIAN_POINT('',(96.6,-122.7,1.93));
#201 = DIRECTION('',(1.,0.,0.));
#202 = DIRECTION('',(0.,0.,-1.));
#203 = PCURVE('',#32,#204);
#204 = DEFINITIONAL_REPRESENTATION('',(#205),#209);
#205 = CIRCLE('',#206,2.4);
#206 = AXIS2_PLACEMENT_2D('',#207,#208);
#207 = CARTESIAN_POINT('',(6.13,-27.2));
#208 = DIRECTION('',(-1.,0.));
#209 = ( GEOMETRIC_REPRESENTATION_CONTEXT(2) 
PARAMETRIC_REPRESENTATION_CONTEXT() REPRESENTATION_CONTEXT('2D SPACE',''
  ) );
#210 = PCURVE('',#211,#216);
#211 = CYLINDRICAL_SURFACE('',#212,2.4);
#212 = AXIS2_PLACEMENT_3D('',#213,#214,#215);
#213 = CARTESIAN_POINT('',(95.1,-122.7,1.93));
#214 = DIRECTION('',(1.,0.,0.));
#215 = DIRECTION('',(0.,0.,-1.));
#216 = DEFINITIONAL_REPRESENTATION('',(#217),#221);
#217 = LINE('',#218,#219);
#218 = CARTESIAN_POINT('',(0.,1.5));
#219 = VECTOR('',#220,1.);
#220 = DIRECTION('',(1.,0.));
#221 = ( GEOMETRIC_REPRESENTATION_CONTEXT(2) 
PARAMETRIC_REPRESENTATION_CONTEXT() REPRESENTATION_CONTEXT('2D SPACE',''
  ) );
#222 = ORIENTED_EDGE('',*,*,#223,.T.);
#223 = EDGE_CURVE('',#195,#224,#226,.T.);
#224 = VERTEX_POINT('',#225);
#225 = CARTESIAN_POINT('',(96.6,-131.3,-0.47));
#226 = SURFACE_CURVE('',#227,(#231,#237),.PCURVE_S1.);
#227 = LINE('',#228,#229);
#228 = CARTESIAN_POINT('',(96.6,-141.8,-0.47));
#229 = VECTOR('',#230,1.);
#230 = DIRECTION('',(0.,-1.,0.));
#231 = PCURVE('',#32,#232);
#232 = DEFINITIONAL_REPRESENTATION('',(#233),#236);
#233 = B_SPLINE_CURVE_WITH_KNOTS('',1,(#234,#235),.UNSPECIFIED.,.F.,.F.,
  (2,2),(-19.1,-10.5),.PIECEWISE_BEZIER_KNOTS.);
#234 = CARTESIAN_POINT('',(3.73,-27.2));
#235 = CARTESIAN_POINT('',(3.73,-18.6));
#236 = ( GEOMETRIC_REPRESENTATION_CONTEXT(2) 
PARAMETRIC_REPRESENTATION_CONTEXT() REPRESENTATION_CONTEXT('2D SPACE',''
  ) );
#237 = PCURVE('',#238,#243);
#238 = PLANE('',#239);
#239 = AXIS2_PLACEMENT_3D('',#240,#241,#242);
#240 = CARTESIAN_POINT('',(95.1,-133.7,-0.47));
#241 = DIRECTION('',(0.,0.,1.));
#242 = DIRECTION('',(0.,1.,0.));
#243 = DEFINITIONAL_REPRESENTATION('',(#244),#247);
#244 = B_SPLINE_CURVE_WITH_KNOTS('',1,(#245,#246),.UNSPECIFIED.,.F.,.F.,
  (2,2),(-19.1,-10.5),.PIECEWISE_BEZIER_KNOTS.);
#245 = CARTESIAN_POINT('',(11.,-1.5));
#246 = CARTESIAN_POINT('',(2.4,-1.5));
#247 = ( GEOMETRIC_REPRESENTATION_CONTEXT(2) 
PARAMETRIC_REPRESENTATION_CONTEXT() REPRESENTATION_CONTEXT('2D SPACE',''
  ) );
#248 = ORIENTED_EDGE('',*,*,#249,.F.);
#249 = EDGE_CURVE('',#250,#224,#252,.T.);
#250 = VERTEX_POINT('',#251);
#251 = CARTESIAN_POINT('',(96.6,-133.7,1.93));
#252 = SURFACE_CURVE('',#253,(#258,#265),.PCURVE_S1.);
#253 = CIRCLE('',#254,2.4);
#254 = AXIS2_PLACEMENT_3D('',#255,#256,#257);
#255 = CARTESIAN_POINT('',(96.6,-131.3,1.93));
#256 = DIRECTION('',(1.,0.,0.));
#257 = DIRECTION('',(0.,0.,-1.));
#258 = PCURVE('',#32,#259);
#259 = DEFINITIONAL_REPRESENTATION('',(#260),#264);
#260 = CIRCLE('',#261,2.4);
#261 = AXIS2_PLACEMENT_2D('',#262,#263);
#262 = CARTESIAN_POINT('',(6.13,-18.6));
#263 = DIRECTION('',(-1.,0.));
#264 = ( GEOMETRIC_REPRESENTATION_CONTEXT(2) 
PARAMETRIC_REPRESENTATION_CONTEXT() REPRESENTATION_CONTEXT('2D SPACE',''
  ) );
#265 = PCURVE('',#266,#271);
#266 = CYLINDRICAL_SURFACE('',#267,2.4);
#267 = AXIS2_PLACEMENT_3D('',#268,#269,#270);
#268 = CARTESIAN_POINT('',(95.1,-131.3,1.93));
#269 = DIRECTION('',(1.,0.,0.));
#270 = DIRECTION('',(0.,0.,-1.));
#271 = DEFINITIONAL_REPRESENTATION('',(#272),#276);
#272 = LINE('',#273,#274);
#273 = CARTESIAN_POINT('',(-6.28318530718,1.5));
#274 = VECTOR('',#275,1.);
#275 = DIRECTION('',(1.,-0.));
#276 = ( GEOMETRIC_REPRESENTATION_CONTEXT(2) 
PARAMETRIC_REPRESENTATION_CONTEXT() REPRESENTATION_CONTEXT('2D SPACE',''
  ) );
#277 = ORIENTED_EDGE('',*,*,#278,.T.);
#278 = EDGE_CURVE('',#250,#24,#279,.T.);
#279 = SURFACE_CURVE('',#280,(#284,#290),.PCURVE_S1.);
#280 = LINE('',#281,#282);
#281 = CARTESIAN_POINT('',(96.6,-133.7,1.365));
#282 = VECTOR('',#283,1.);
#283 = DIRECTION('',(0.,-0.,1.));
#284 = PCURVE('',#32,#285);
#285 = DEFINITIONAL_REPRESENTATION('',(#286),#289);
#286 = B_SPLINE_CURVE_WITH_KNOTS('',1,(#287,#288),.UNSPECIFIED.,.F.,.F.,
  (2,2),(0.565,0.735),.PIECEWISE_BEZIER_KNOTS.);
#287 = CARTESIAN_POINT('',(6.13,-16.2));
#288 = CARTESIAN_POINT('',(6.3,-16.2));
#289 = ( GEOMETRIC_REPRESENTATION_CONTEXT(2) 
PARAMETRIC_REPRESENTATION_CONTEXT() REPRESENTATION_CONTEXT('2D SPACE',''
  ) );
#290 = PCURVE('',#291,#296);
#291 = PLANE('',#292);
#292 = AXIS2_PLACEMENT_3D('',#293,#294,#295);
#293 = CARTESIAN_POINT('',(95.1,-133.7,6.93));
#294 = DIRECTION('',(-0.,1.,0.));
#295 = DIRECTION('',(0.,0.,-1.));
#296 = DEFINITIONAL_REPRESENTATION('',(#297),#300);
#297 = B_SPLINE_CURVE_WITH_KNOTS('',1,(#298,#299),.UNSPECIFIED.,.F.,.F.,
  (2,2),(0.565,0.735),.PIECEWISE_BEZIER_KNOTS.);
#298 = CARTESIAN_POINT('',(5.,-1.5));
#299 = CARTESIAN_POINT('',(4.83,-1.5));
#300 = ( GEOMETRIC_REPRESENTATION_CONTEXT(2) 
PARAMETRIC_REPRESENTATION_CONTEXT() REPRESENTATION_CONTEXT('2D SPACE',''
  ) );
#301 = ADVANCED_FACE('',(#302),#72,.T.);
#302 = FACE_BOUND('',#303,.T.);
#303 = EDGE_LOOP('',(#304,#305,#329,#357,#386,#412));
#304 = ORIENTED_EDGE('',*,*,#56,.F.);
#305 = ORIENTED_EDGE('',*,*,#306,.T.);
#306 = EDGE_CURVE('',#57,#307,#309,.T.);
#307 = VERTEX_POINT('',#308);
#308 = CARTESIAN_POINT('',(99.6,-149.9,-4.2));
#309 = SURFACE_CURVE('',#310,(#315,#322),.PCURVE_S1.);
#310 = CIRCLE('',#311,3.);
#311 = AXIS2_PLACEMENT_3D('',#312,#313,#314);
#312 = CARTESIAN_POINT('',(99.6,-146.9,-4.2));
#313 = DIRECTION('',(0.,0.,1.));
#314 = DIRECTION('',(0.,-1.,0.));
#315 = PCURVE('',#72,#316);
#316 = DEFINITIONAL_REPRESENTATION('',(#317),#321);
#317 = LINE('',#318,#319);
#318 = CARTESIAN_POINT('',(-4.712388980385,0.));
#319 = VECTOR('',#320,1.);
#320 = DIRECTION('',(1.,0.));
#321 = ( GEOMETRIC_REPRESENTATION_CONTEXT(2) 
PARAMETRIC_REPRESENTATION_CONTEXT() REPRESENTATION_CONTEXT('2D SPACE',''
  ) );
#322 = PCURVE('',#100,#323);
#323 = DEFINITIONAL_REPRESENTATION('',(#324),#328);
#324 = CIRCLE('',#325,3.);
#325 = AXIS2_PLACEMENT_2D('',#326,#327);
#326 = CARTESIAN_POINT('',(3.,3.));
#327 = DIRECTION('',(0.,-1.));
#328 = ( GEOMETRIC_REPRESENTATION_CONTEXT(2) 
PARAMETRIC_REPRESENTATION_CONTEXT() REPRESENTATION_CONTEXT('2D SPACE',''
  ) );
#329 = ORIENTED_EDGE('',*,*,#330,.T.);
#330 = EDGE_CURVE('',#307,#331,#333,.T.);
#331 = VERTEX_POINT('',#332);
#332 = CARTESIAN_POINT('',(99.6,-149.9,1.));
#333 = SURFACE_CURVE('',#334,(#338,#345),.PCURVE_S1.);
#334 = LINE('',#335,#336);
#335 = CARTESIAN_POINT('',(99.6,-149.9,-4.2));
#336 = VECTOR('',#337,1.);
#337 = DIRECTION('',(0.,0.,1.));
#338 = PCURVE('',#72,#339);
#339 = DEFINITIONAL_REPRESENTATION('',(#340),#344);
#340 = LINE('',#341,#342);
#341 = CARTESIAN_POINT('',(1.570796326795,0.));
#342 = VECTOR('',#343,1.);
#343 = DIRECTION('',(0.,1.));
#344 = ( GEOMETRIC_REPRESENTATION_CONTEXT(2) 
PARAMETRIC_REPRESENTATION_CONTEXT() REPRESENTATION_CONTEXT('2D SPACE',''
  ) );
#345 = PCURVE('',#346,#351);
#346 = PLANE('',#347);
#347 = AXIS2_PLACEMENT_3D('',#348,#349,#350);
#348 = CARTESIAN_POINT('',(96.6,-149.9,-4.2));
#349 = DIRECTION('',(0.,1.,0.));
#350 = DIRECTION('',(0.,0.,1.));
#351 = DEFINITIONAL_REPRESENTATION('',(#352),#356);
#352 = LINE('',#353,#354);
#353 = CARTESIAN_POINT('',(0.,3.));
#354 = VECTOR('',#355,1.);
#355 = DIRECTION('',(1.,0.));
#356 = ( GEOMETRIC_REPRESENTATION_CONTEXT(2) 
PARAMETRIC_REPRESENTATION_CONTEXT() REPRESENTATION_CONTEXT('2D SPACE',''
  ) );
#357 = ORIENTED_EDGE('',*,*,#358,.F.);
#358 = EDGE_CURVE('',#359,#331,#361,.T.);
#359 = VERTEX_POINT('',#360);
#360 = CARTESIAN_POINT('',(99.3,-149.8849623113,1.));
#361 = SURFACE_CURVE('',#362,(#367,#374),.PCURVE_S1.);
#362 = CIRCLE('',#363,3.);
#363 = AXIS2_PLACEMENT_3D('',#364,#365,#366);
#364 = CARTESIAN_POINT('',(99.6,-146.9,1.));
#365 = DIRECTION('',(0.,0.,1.));
#366 = DIRECTION('',(-1.,-0.,0.));
#367 = PCURVE('',#72,#368);
#368 = DEFINITIONAL_REPRESENTATION('',(#369),#373);
#369 = LINE('',#370,#371);
#370 = CARTESIAN_POINT('',(0.,5.2));
#371 = VECTOR('',#372,1.);
#372 = DIRECTION('',(1.,0.));
#373 = ( GEOMETRIC_REPRESENTATION_CONTEXT(2) 
PARAMETRIC_REPRESENTATION_CONTEXT() REPRESENTATION_CONTEXT('2D SPACE',''
  ) );
#374 = PCURVE('',#375,#380);
#375 = PLANE('',#376);
#376 = AXIS2_PLACEMENT_3D('',#377,#378,#379);
#377 = CARTESIAN_POINT('',(99.3,-150.9,1.));
#378 = DIRECTION('',(0.,0.,1.));
#379 = DIRECTION('',(1.,0.,0.));
#380 = DEFINITIONAL_REPRESENTATION('',(#381),#385);
#381 = CIRCLE('',#382,3.);
#382 = AXIS2_PLACEMENT_2D('',#383,#384);
#383 = CARTESIAN_POINT('',(0.3,4.));
#384 = DIRECTION('',(-1.,0.));
#385 = ( GEOMETRIC_REPRESENTATION_CONTEXT(2) 
PARAMETRIC_REPRESENTATION_CONTEXT() REPRESENTATION_CONTEXT('2D SPACE',''
  ) );
#386 = ORIENTED_EDGE('',*,*,#387,.T.);
#387 = EDGE_CURVE('',#359,#388,#390,.T.);
#388 = VERTEX_POINT('',#389);
#389 = CARTESIAN_POINT('',(99.3,-149.8849623113,2.1));
#390 = SURFACE_CURVE('',#391,(#395,#401),.PCURVE_S1.);
#391 = LINE('',#392,#393);
#392 = CARTESIAN_POINT('',(99.3,-149.8849623113,-4.2));
#393 = VECTOR('',#394,1.);
#394 = DIRECTION('',(0.,0.,1.));
#395 = PCURVE('',#72,#396);
#396 = DEFINITIONAL_REPRESENTATION('',(#397),#400);
#397 = B_SPLINE_CURVE_WITH_KNOTS('',1,(#398,#399),.UNSPECIFIED.,.F.,.F.,
  (2,2),(3.94,6.3000006),.PIECEWISE_BEZIER_KNOTS.);
#398 = CARTESIAN_POINT('',(1.470628905633,3.94));
#399 = CARTESIAN_POINT('',(1.470628905633,6.3000006));
#400 = ( GEOMETRIC_REPRESENTATION_CONTEXT(2) 
PARAMETRIC_REPRESENTATION_CONTEXT() REPRESENTATION_CONTEXT('2D SPACE',''
  ) );
#401 = PCURVE('',#402,#407);
#402 = PLANE('',#403);
#403 = AXIS2_PLACEMENT_3D('',#404,#405,#406);
#404 = CARTESIAN_POINT('',(99.3,-150.9,1.));
#405 = DIRECTION('',(1.,0.,0.));
#406 = DIRECTION('',(0.,0.,1.));
#407 = DEFINITIONAL_REPRESENTATION('',(#408),#411);
#408 = B_SPLINE_CURVE_WITH_KNOTS('',1,(#409,#410),.UNSPECIFIED.,.F.,.F.,
  (2,2),(3.94,6.3000006),.PIECEWISE_BEZIER_KNOTS.);
#409 = CARTESIAN_POINT('',(-1.26,-1.01503768868));
#410 = CARTESIAN_POINT('',(1.1000006,-1.01503768868));
#411 = ( GEOMETRIC_REPRESENTATION_CONTEXT(2) 
PARAMETRIC_REPRESENTATION_CONTEXT() REPRESENTATION_CONTEXT('2D SPACE',''
  ) );
#412 = ORIENTED_EDGE('',*,*,#413,.F.);
#413 = EDGE_CURVE('',#22,#388,#414,.T.);
#414 = SURFACE_CURVE('',#415,(#420,#427),.PCURVE_S1.);
#415 = CIRCLE('',#416,3.);
#416 = AXIS2_PLACEMENT_3D('',#417,#418,#419);
#417 = CARTESIAN_POINT('',(99.6,-146.9,2.1));
#418 = DIRECTION('',(0.,0.,1.));
#419 = DIRECTION('',(0.,-1.,0.));
#420 = PCURVE('',#72,#421);
#421 = DEFINITIONAL_REPRESENTATION('',(#422),#426);
#422 = LINE('',#423,#424);
#423 = CARTESIAN_POINT('',(-4.712388980385,6.3));
#424 = VECTOR('',#425,1.);
#425 = DIRECTION('',(1.,0.));
#426 = ( GEOMETRIC_REPRESENTATION_CONTEXT(2) 
PARAMETRIC_REPRESENTATION_CONTEXT() REPRESENTATION_CONTEXT('2D SPACE',''
  ) );
#427 = PCURVE('',#44,#428);
#428 = DEFINITIONAL_REPRESENTATION('',(#429),#433);
#429 = CIRCLE('',#430,3.);
#430 = AXIS2_PLACEMENT_2D('',#431,#432);
#431 = CARTESIAN_POINT('',(3.,3.));
#432 = DIRECTION('',(0.,-1.));
#433 = ( GEOMETRIC_REPRESENTATION_CONTEXT(2) 
PARAMETRIC_REPRESENTATION_CONTEXT() REPRESENTATION_CONTEXT('2D SPACE',''
  ) );
#434 = ADVANCED_FACE('',(#435),#346,.F.);
#435 = FACE_BOUND('',#436,.F.);
#436 = EDGE_LOOP('',(#437,#460,#461,#482,#508,#536));
#437 = ORIENTED_EDGE('',*,*,#438,.F.);
#438 = EDGE_CURVE('',#307,#439,#441,.T.);
#439 = VERTEX_POINT('',#440);
#440 = CARTESIAN_POINT('',(163.1,-149.9,-4.2));
#441 = SURFACE_CURVE('',#442,(#446,#453),.PCURVE_S1.);
#442 = LINE('',#443,#444);
#443 = CARTESIAN_POINT('',(96.6,-149.9,-4.2));
#444 = VECTOR('',#445,1.);
#445 = DIRECTION('',(1.,0.,0.));
#446 = PCURVE('',#346,#447);
#447 = DEFINITIONAL_REPRESENTATION('',(#448),#452);
#448 = LINE('',#449,#450);
#449 = CARTESIAN_POINT('',(0.,0.));
#450 = VECTOR('',#451,1.);
#451 = DIRECTION('',(0.,1.));
#452 = ( GEOMETRIC_REPRESENTATION_CONTEXT(2) 
PARAMETRIC_REPRESENTATION_CONTEXT() REPRESENTATION_CONTEXT('2D SPACE',''
  ) );
#453 = PCURVE('',#100,#454);
#454 = DEFINITIONAL_REPRESENTATION('',(#455),#459);
#455 = LINE('',#456,#457);
#456 = CARTESIAN_POINT('',(0.,0.));
#457 = VECTOR('',#458,1.);
#458 = DIRECTION('',(1.,0.));
#459 = ( GEOMETRIC_REPRESENTATION_CONTEXT(2) 
PARAMETRIC_REPRESENTATION_CONTEXT() REPRESENTATION_CONTEXT('2D SPACE',''
  ) );
#460 = ORIENTED_EDGE('',*,*,#330,.T.);
#461 = ORIENTED_EDGE('',*,*,#462,.T.);
#462 = EDGE_CURVE('',#331,#463,#465,.T.);
#463 = VERTEX_POINT('',#464);
#464 = CARTESIAN_POINT('',(122.1,-149.9,1.));
#465 = SURFACE_CURVE('',#466,(#470,#476),.PCURVE_S1.);
#466 = LINE('',#467,#468);
#467 = CARTESIAN_POINT('',(97.95,-149.9,1.));
#468 = VECTOR('',#469,1.);
#469 = DIRECTION('',(1.,0.,0.));
#470 = PCURVE('',#346,#471);
#471 = DEFINITIONAL_REPRESENTATION('',(#472),#475);
#472 = B_SPLINE_CURVE_WITH_KNOTS('',1,(#473,#474),.UNSPECIFIED.,.F.,.F.,
  (2,2),(1.65,24.15),.PIECEWISE_BEZIER_KNOTS.);
#473 = CARTESIAN_POINT('',(5.2,3.));
#474 = CARTESIAN_POINT('',(5.2,25.5));
#475 = ( GEOMETRIC_REPRESENTATION_CONTEXT(2) 
PARAMETRIC_REPRESENTATION_CONTEXT() REPRESENTATION_CONTEXT('2D SPACE',''
  ) );
#476 = PCURVE('',#375,#477);
#477 = DEFINITIONAL_REPRESENTATION('',(#478),#481);
#478 = B_SPLINE_CURVE_WITH_KNOTS('',1,(#479,#480),.UNSPECIFIED.,.F.,.F.,
  (2,2),(1.65,24.15),.PIECEWISE_BEZIER_KNOTS.);
#479 = CARTESIAN_POINT('',(0.3,1.));
#480 = CARTESIAN_POINT('',(22.8,1.));
#481 = ( GEOMETRIC_REPRESENTATION_CONTEXT(2) 
PARAMETRIC_REPRESENTATION_CONTEXT() REPRESENTATION_CONTEXT('2D SPACE',''
  ) );
#482 = ORIENTED_EDGE('',*,*,#483,.F.);
#483 = EDGE_CURVE('',#484,#463,#486,.T.);
#484 = VERTEX_POINT('',#485);
#485 = CARTESIAN_POINT('',(122.1,-149.9,2.1));
#486 = SURFACE_CURVE('',#487,(#491,#497),.PCURVE_S1.);
#487 = LINE('',#488,#489);
#488 = CARTESIAN_POINT('',(122.1,-149.9,-1.6));
#489 = VECTOR('',#490,1.);
#490 = DIRECTION('',(0.,0.,-1.));
#491 = PCURVE('',#346,#492);
#492 = DEFINITIONAL_REPRESENTATION('',(#493),#496);
#493 = B_SPLINE_CURVE_WITH_KNOTS('',1,(#494,#495),.UNSPECIFIED.,.F.,.F.,
  (2,2),(-3.7,-2.6),.PIECEWISE_BEZIER_KNOTS.);
#494 = CARTESIAN_POINT('',(6.3,25.5));
#495 = CARTESIAN_POINT('',(5.2,25.5));
#496 = ( GEOMETRIC_REPRESENTATION_CONTEXT(2) 
PARAMETRIC_REPRESENTATION_CONTEXT() REPRESENTATION_CONTEXT('2D SPACE',''
  ) );
#497 = PCURVE('',#498,#503);
#498 = PLANE('',#499);
#499 = AXIS2_PLACEMENT_3D('',#500,#501,#502);
#500 = CARTESIAN_POINT('',(122.1,-150.9,1.));
#501 = DIRECTION('',(1.,0.,0.));
#502 = DIRECTION('',(0.,0.,1.));
#503 = DEFINITIONAL_REPRESENTATION('',(#504),#507);
#504 = B_SPLINE_CURVE_WITH_KNOTS('',1,(#505,#506),.UNSPECIFIED.,.F.,.F.,
  (2,2),(-3.7,-2.6),.PIECEWISE_BEZIER_KNOTS.);
#505 = CARTESIAN_POINT('',(1.1,-1.));
#506 = CARTESIAN_POINT('',(0.,-1.));
#507 = ( GEOMETRIC_REPRESENTATION_CONTEXT(2) 
PARAMETRIC_REPRESENTATION_CONTEXT() REPRESENTATION_CONTEXT('2D SPACE',''
  ) );
#508 = ORIENTED_EDGE('',*,*,#509,.T.);
#509 = EDGE_CURVE('',#484,#510,#512,.T.);
#510 = VERTEX_POINT('',#511);
#511 = CARTESIAN_POINT('',(163.1,-149.9,2.1));
#512 = SURFACE_CURVE('',#513,(#517,#524),.PCURVE_S1.);
#513 = LINE('',#514,#515);
#514 = CARTESIAN_POINT('',(96.6,-149.9,2.1));
#515 = VECTOR('',#516,1.);
#516 = DIRECTION('',(1.,0.,0.));
#517 = PCURVE('',#346,#518);
#518 = DEFINITIONAL_REPRESENTATION('',(#519),#523);
#519 = LINE('',#520,#521);
#520 = CARTESIAN_POINT('',(6.3,0.));
#521 = VECTOR('',#522,1.);
#522 = DIRECTION('',(0.,1.));
#523 = ( GEOMETRIC_REPRESENTATION_CONTEXT(2) 
PARAMETRIC_REPRESENTATION_CONTEXT() REPRESENTATION_CONTEXT('2D SPACE',''
  ) );
#524 = PCURVE('',#525,#530);
#525 = PLANE('',#526);
#526 = AXIS2_PLACEMENT_3D('',#527,#528,#529);
#527 = CARTESIAN_POINT('',(96.6,-149.9,2.1));
#528 = DIRECTION('',(0.,0.,1.));
#529 = DIRECTION('',(1.,0.,0.));
#530 = DEFINITIONAL_REPRESENTATION('',(#531),#535);
#531 = LINE('',#532,#533);
#532 = CARTESIAN_POINT('',(0.,0.));
#533 = VECTOR('',#534,1.);
#534 = DIRECTION('',(1.,0.));
#535 = ( GEOMETRIC_REPRESENTATION_CONTEXT(2) 
PARAMETRIC_REPRESENTATION_CONTEXT() REPRESENTATION_CONTEXT('2D SPACE',''
  ) );
#536 = ORIENTED_EDGE('',*,*,#537,.F.);
#537 = EDGE_CURVE('',#439,#510,#538,.T.);
#538 = SURFACE_CURVE('',#539,(#543,#550),.PCURVE_S1.);
#539 = LINE('',#540,#541);
#540 = CARTESIAN_POINT('',(163.1,-149.9,-4.2));
#541 = VECTOR('',#542,1.);
#542 = DIRECTION('',(0.,0.,1.));
#543 = PCURVE('',#346,#544);
#544 = DEFINITIONAL_REPRESENTATION('',(#545),#549);
#545 = LINE('',#546,#547);
#546 = CARTESIAN_POINT('',(0.,66.5));
#547 = VECTOR('',#548,1.);
#548 = DIRECTION('',(1.,0.));
#549 = ( GEOMETRIC_REPRESENTATION_CONTEXT(2) 
PARAMETRIC_REPRESENTATION_CONTEXT() REPRESENTATION_CONTEXT('2D SPACE',''
  ) );
#550 = PCURVE('',#551,#556);
#551 = CYLINDRICAL_SURFACE('',#552,3.);
#552 = AXIS2_PLACEMENT_3D('',#553,#554,#555);
#553 = CARTESIAN_POINT('',(163.1,-146.9,-4.2));
#554 = DIRECTION('',(0.,0.,1.));
#555 = DIRECTION('',(1.,0.,-0.));
#556 = DEFINITIONAL_REPRESENTATION('',(#557),#561);
#557 = LINE('',#558,#559);
#558 = CARTESIAN_POINT('',(-1.570796326795,0.));
#559 = VECTOR('',#560,1.);
#560 = DIRECTION('',(-0.,1.));
#561 = ( GEOMETRIC_REPRESENTATION_CONTEXT(2) 
PARAMETRIC_REPRESENTATION_CONTEXT() REPRESENTATION_CONTEXT('2D SPACE',''
  ) );
#562 = ADVANCED_FACE('',(#563),#498,.F.);
#563 = FACE_BOUND('',#564,.F.);
#564 = EDGE_LOOP('',(#565,#566,#589,#615,#641,#667));
#565 = ORIENTED_EDGE('',*,*,#483,.T.);
#566 = ORIENTED_EDGE('',*,*,#567,.T.);
#567 = EDGE_CURVE('',#463,#568,#570,.T.);
#568 = VERTEX_POINT('',#569);
#569 = CARTESIAN_POINT('',(122.1,-147.5,1.));
#570 = SURFACE_CURVE('',#571,(#575,#582),.PCURVE_S1.);
#571 = LINE('',#572,#573);
#572 = CARTESIAN_POINT('',(122.1,-150.9,1.));
#573 = VECTOR('',#574,1.);
#574 = DIRECTION('',(0.,1.,0.));
#575 = PCURVE('',#498,#576);
#576 = DEFINITIONAL_REPRESENTATION('',(#577),#581);
#577 = LINE('',#578,#579);
#578 = CARTESIAN_POINT('',(0.,0.));
#579 = VECTOR('',#580,1.);
#580 = DIRECTION('',(0.,-1.));
#581 = ( GEOMETRIC_REPRESENTATION_CONTEXT(2) 
PARAMETRIC_REPRESENTATION_CONTEXT() REPRESENTATION_CONTEXT('2D SPACE',''
  ) );
#582 = PCURVE('',#375,#583);
#583 = DEFINITIONAL_REPRESENTATION('',(#584),#588);
#584 = LINE('',#585,#586);
#585 = CARTESIAN_POINT('',(22.8,0.));
#586 = VECTOR('',#587,1.);
#587 = DIRECTION('',(0.,1.));
#588 = ( GEOMETRIC_REPRESENTATION_CONTEXT(2) 
PARAMETRIC_REPRESENTATION_CONTEXT() REPRESENTATION_CONTEXT('2D SPACE',''
  ) );
#589 = ORIENTED_EDGE('',*,*,#590,.F.);
#590 = EDGE_CURVE('',#591,#568,#593,.T.);
#591 = VERTEX_POINT('',#592);
#592 = CARTESIAN_POINT('',(122.1,-147.5,3.3));
#593 = SURFACE_CURVE('',#594,(#598,#604),.PCURVE_S1.);
#594 = LINE('',#595,#596);
#595 = CARTESIAN_POINT('',(122.1,-147.5,1.05));
#596 = VECTOR('',#597,1.);
#597 = DIRECTION('',(0.,0.,-1.));
#598 = PCURVE('',#498,#599);
#599 = DEFINITIONAL_REPRESENTATION('',(#600),#603);
#600 = B_SPLINE_CURVE_WITH_KNOTS('',1,(#601,#602),.UNSPECIFIED.,.F.,.F.,
  (2,2),(-2.25,5.E-02),.PIECEWISE_BEZIER_KNOTS.);
#601 = CARTESIAN_POINT('',(2.3,-3.4));
#602 = CARTESIAN_POINT('',(0.,-3.4));
#603 = ( GEOMETRIC_REPRESENTATION_CONTEXT(2) 
PARAMETRIC_REPRESENTATION_CONTEXT() REPRESENTATION_CONTEXT('2D SPACE',''
  ) );
#604 = PCURVE('',#605,#610);
#605 = PLANE('',#606);
#606 = AXIS2_PLACEMENT_3D('',#607,#608,#609);
#607 = CARTESIAN_POINT('',(99.,-147.5,1.1));
#608 = DIRECTION('',(0.,1.,0.));
#609 = DIRECTION('',(0.,0.,1.));
#610 = DEFINITIONAL_REPRESENTATION('',(#611),#614);
#611 = B_SPLINE_CURVE_WITH_KNOTS('',1,(#612,#613),.UNSPECIFIED.,.F.,.F.,
  (2,2),(-2.25,5.E-02),.PIECEWISE_BEZIER_KNOTS.);
#612 = CARTESIAN_POINT('',(2.2,23.1));
#613 = CARTESIAN_POINT('',(-0.1,23.1));
#614 = ( GEOMETRIC_REPRESENTATION_CONTEXT(2) 
PARAMETRIC_REPRESENTATION_CONTEXT() REPRESENTATION_CONTEXT('2D SPACE',''
  ) );
#615 = ORIENTED_EDGE('',*,*,#616,.F.);
#616 = EDGE_CURVE('',#617,#591,#619,.T.);
#617 = VERTEX_POINT('',#618);
#618 = CARTESIAN_POINT('',(122.1,-148.5,3.3));
#619 = SURFACE_CURVE('',#620,(#624,#630),.PCURVE_S1.);
#620 = LINE('',#621,#622);
#621 = CARTESIAN_POINT('',(122.1,-149.7,3.3));
#622 = VECTOR('',#623,1.);
#623 = DIRECTION('',(0.,1.,0.));
#624 = PCURVE('',#498,#625);
#625 = DEFINITIONAL_REPRESENTATION('',(#626),#629);
#626 = B_SPLINE_CURVE_WITH_KNOTS('',1,(#627,#628),.UNSPECIFIED.,.F.,.F.,
  (2,2),(1.2,13.4),.PIECEWISE_BEZIER_KNOTS.);
#627 = CARTESIAN_POINT('',(2.3,-2.4));
#628 = CARTESIAN_POINT('',(2.3,-14.6));
#629 = ( GEOMETRIC_REPRESENTATION_CONTEXT(2) 
PARAMETRIC_REPRESENTATION_CONTEXT() REPRESENTATION_CONTEXT('2D SPACE',''
  ) );
#630 = PCURVE('',#631,#636);
#631 = PLANE('',#632);
#632 = AXIS2_PLACEMENT_3D('',#633,#634,#635);
#633 = CARTESIAN_POINT('',(98.,-148.5,3.3));
#634 = DIRECTION('',(0.,0.,1.));
#635 = DIRECTION('',(1.,0.,0.));
#636 = DEFINITIONAL_REPRESENTATION('',(#637),#640);
#637 = B_SPLINE_CURVE_WITH_KNOTS('',1,(#638,#639),.UNSPECIFIED.,.F.,.F.,
  (2,2),(1.2,13.4),.PIECEWISE_BEZIER_KNOTS.);
#638 = CARTESIAN_POINT('',(24.1,0.));
#639 = CARTESIAN_POINT('',(24.1,12.2));
#640 = ( GEOMETRIC_REPRESENTATION_CONTEXT(2) 
PARAMETRIC_REPRESENTATION_CONTEXT() REPRESENTATION_CONTEXT('2D SPACE',''
  ) );
#641 = ORIENTED_EDGE('',*,*,#642,.T.);
#642 = EDGE_CURVE('',#617,#643,#645,.T.);
#643 = VERTEX_POINT('',#644);
#644 = CARTESIAN_POINT('',(122.1,-148.5,2.1));
#645 = SURFACE_CURVE('',#646,(#650,#656),.PCURVE_S1.);
#646 = LINE('',#647,#648);
#647 = CARTESIAN_POINT('',(122.1,-148.5,1.55));
#648 = VECTOR('',#649,1.);
#649 = DIRECTION('',(0.,0.,-1.));
#650 = PCURVE('',#498,#651);
#651 = DEFINITIONAL_REPRESENTATION('',(#652),#655);
#652 = B_SPLINE_CURVE_WITH_KNOTS('',1,(#653,#654),.UNSPECIFIED.,.F.,.F.,
  (2,2),(-1.75,-0.55),.PIECEWISE_BEZIER_KNOTS.);
#653 = CARTESIAN_POINT('',(2.3,-2.4));
#654 = CARTESIAN_POINT('',(1.1,-2.4));
#655 = ( GEOMETRIC_REPRESENTATION_CONTEXT(2) 
PARAMETRIC_REPRESENTATION_CONTEXT() REPRESENTATION_CONTEXT('2D SPACE',''
  ) );
#656 = PCURVE('',#657,#662);
#657 = PLANE('',#658);
#658 = AXIS2_PLACEMENT_3D('',#659,#660,#661);
#659 = CARTESIAN_POINT('',(98.,-148.5,2.1));
#660 = DIRECTION('',(0.,1.,0.));
#661 = DIRECTION('',(0.,0.,1.));
#662 = DEFINITIONAL_REPRESENTATION('',(#663),#666);
#663 = B_SPLINE_CURVE_WITH_KNOTS('',1,(#664,#665),.UNSPECIFIED.,.F.,.F.,
  (2,2),(-1.75,-0.55),.PIECEWISE_BEZIER_KNOTS.);
#664 = CARTESIAN_POINT('',(1.2,24.1));
#665 = CARTESIAN_POINT('',(0.,24.1));
#666 = ( GEOMETRIC_REPRESENTATION_CONTEXT(2) 
PARAMETRIC_REPRESENTATION_CONTEXT() REPRESENTATION_CONTEXT('2D SPACE',''
  ) );
#667 = ORIENTED_EDGE('',*,*,#668,.F.);
#668 = EDGE_CURVE('',#484,#643,#669,.T.);
#669 = SURFACE_CURVE('',#670,(#674,#680),.PCURVE_S1.);
#670 = LINE('',#671,#672);
#671 = CARTESIAN_POINT('',(122.1,-150.4,2.1));
#672 = VECTOR('',#673,1.);
#673 = DIRECTION('',(0.,1.,0.));
#674 = PCURVE('',#498,#675);
#675 = DEFINITIONAL_REPRESENTATION('',(#676),#679);
#676 = B_SPLINE_CURVE_WITH_KNOTS('',1,(#677,#678),.UNSPECIFIED.,.F.,.F.,
  (2,2),(0.5,14.1),.PIECEWISE_BEZIER_KNOTS.);
#677 = CARTESIAN_POINT('',(1.1,-1.));
#678 = CARTESIAN_POINT('',(1.1,-14.6));
#679 = ( GEOMETRIC_REPRESENTATION_CONTEXT(2) 
PARAMETRIC_REPRESENTATION_CONTEXT() REPRESENTATION_CONTEXT('2D SPACE',''
  ) );
#680 = PCURVE('',#525,#681);
#681 = DEFINITIONAL_REPRESENTATION('',(#682),#685);
#682 = B_SPLINE_CURVE_WITH_KNOTS('',1,(#683,#684),.UNSPECIFIED.,.F.,.F.,
  (2,2),(0.5,14.1),.PIECEWISE_BEZIER_KNOTS.);
#683 = CARTESIAN_POINT('',(25.5,0.));
#684 = CARTESIAN_POINT('',(25.5,13.6));
#685 = ( GEOMETRIC_REPRESENTATION_CONTEXT(2) 
PARAMETRIC_REPRESENTATION_CONTEXT() REPRESENTATION_CONTEXT('2D SPACE',''
  ) );
#686 = ADVANCED_FACE('',(#687),#605,.T.);
#687 = FACE_BOUND('',#688,.T.);
#688 = EDGE_LOOP('',(#689,#711,#739,#767,#795,#814));
#689 = ORIENTED_EDGE('',*,*,#690,.F.);
#690 = EDGE_CURVE('',#691,#591,#693,.T.);
#691 = VERTEX_POINT('',#692);
#692 = CARTESIAN_POINT('',(162.9,-147.5,3.3));
#693 = SURFACE_CURVE('',#694,(#698,#705),.PCURVE_S1.);
#694 = LINE('',#695,#696);
#695 = CARTESIAN_POINT('',(98.5,-147.5,3.3));
#696 = VECTOR('',#697,1.);
#697 = DIRECTION('',(-1.,0.,0.));
#698 = PCURVE('',#605,#699);
#699 = DEFINITIONAL_REPRESENTATION('',(#700),#704);
#700 = LINE('',#701,#702);
#701 = CARTESIAN_POINT('',(2.2,-0.5));
#702 = VECTOR('',#703,1.);
#703 = DIRECTION('',(0.,-1.));
#704 = ( GEOMETRIC_REPRESENTATION_CONTEXT(2) 
PARAMETRIC_REPRESENTATION_CONTEXT() REPRESENTATION_CONTEXT('2D SPACE',''
  ) );
#705 = PCURVE('',#631,#706);
#706 = DEFINITIONAL_REPRESENTATION('',(#707),#710);
#707 = B_SPLINE_CURVE_WITH_KNOTS('',1,(#708,#709),.UNSPECIFIED.,.F.,.F.,
  (2,2),(-64.4,-1.3),.PIECEWISE_BEZIER_KNOTS.);
#708 = CARTESIAN_POINT('',(64.9,1.));
#709 = CARTESIAN_POINT('',(1.8,1.));
#710 = ( GEOMETRIC_REPRESENTATION_CONTEXT(2) 
PARAMETRIC_REPRESENTATION_CONTEXT() REPRESENTATION_CONTEXT('2D SPACE',''
  ) );
#711 = ORIENTED_EDGE('',*,*,#712,.T.);
#712 = EDGE_CURVE('',#691,#713,#715,.T.);
#713 = VERTEX_POINT('',#714);
#714 = CARTESIAN_POINT('',(162.9,-147.5,-2.6));
#715 = SURFACE_CURVE('',#716,(#720,#727),.PCURVE_S1.);
#716 = LINE('',#717,#718);
#717 = CARTESIAN_POINT('',(162.9,-147.5,3.3));
#718 = VECTOR('',#719,1.);
#719 = DIRECTION('',(0.,0.,-1.));
#720 = PCURVE('',#605,#721);
#721 = DEFINITIONAL_REPRESENTATION('',(#722),#726);
#722 = LINE('',#723,#724);
#723 = CARTESIAN_POINT('',(2.2,63.9));
#724 = VECTOR('',#725,1.);
#725 = DIRECTION('',(-1.,0.));
#726 = ( GEOMETRIC_REPRESENTATION_CONTEXT(2) 
PARAMETRIC_REPRESENTATION_CONTEXT() REPRESENTATION_CONTEXT('2D SPACE',''
  ) );
#727 = PCURVE('',#728,#733);
#728 = CYLINDRICAL_SURFACE('',#729,0.8);
#729 = AXIS2_PLACEMENT_3D('',#730,#731,#732);
#730 = CARTESIAN_POINT('',(162.9,-146.7,1.1));
#731 = DIRECTION('',(0.,0.,1.));
#732 = DIRECTION('',(1.,0.,-0.));
#733 = DEFINITIONAL_REPRESENTATION('',(#734),#738);
#734 = LINE('',#735,#736);
#735 = CARTESIAN_POINT('',(-1.570796326795,2.2));
#736 = VECTOR('',#737,1.);
#737 = DIRECTION('',(-0.,-1.));
#738 = ( GEOMETRIC_REPRESENTATION_CONTEXT(2) 
PARAMETRIC_REPRESENTATION_CONTEXT() REPRESENTATION_CONTEXT('2D SPACE',''
  ) );
#739 = ORIENTED_EDGE('',*,*,#740,.F.);
#740 = EDGE_CURVE('',#741,#713,#743,.T.);
#741 = VERTEX_POINT('',#742);
#742 = CARTESIAN_POINT('',(99.8,-147.5,-2.6));
#743 = SURFACE_CURVE('',#744,(#748,#755),.PCURVE_S1.);
#744 = LINE('',#745,#746);
#745 = CARTESIAN_POINT('',(99.,-147.5,-2.6));
#746 = VECTOR('',#747,1.);
#747 = DIRECTION('',(1.,0.,0.));
#748 = PCURVE('',#605,#749);
#749 = DEFINITIONAL_REPRESENTATION('',(#750),#754);
#750 = LINE('',#751,#752);
#751 = CARTESIAN_POINT('',(-3.7,0.));
#752 = VECTOR('',#753,1.);
#753 = DIRECTION('',(0.,1.));
#754 = ( GEOMETRIC_REPRESENTATION_CONTEXT(2) 
PARAMETRIC_REPRESENTATION_CONTEXT() REPRESENTATION_CONTEXT('2D SPACE',''
  ) );
#755 = PCURVE('',#756,#761);
#756 = PLANE('',#757);
#757 = AXIS2_PLACEMENT_3D('',#758,#759,#760);
#758 = CARTESIAN_POINT('',(99.,-147.5,-2.6));
#759 = DIRECTION('',(0.,0.,1.));
#760 = DIRECTION('',(1.,0.,0.));
#761 = DEFINITIONAL_REPRESENTATION('',(#762),#766);
#762 = LINE('',#763,#764);
#763 = CARTESIAN_POINT('',(0.,0.));
#764 = VECTOR('',#765,1.);
#765 = DIRECTION('',(1.,0.));
#766 = ( GEOMETRIC_REPRESENTATION_CONTEXT(2) 
PARAMETRIC_REPRESENTATION_CONTEXT() REPRESENTATION_CONTEXT('2D SPACE',''
  ) );
#767 = ORIENTED_EDGE('',*,*,#768,.F.);
#768 = EDGE_CURVE('',#769,#741,#771,.T.);
#769 = VERTEX_POINT('',#770);
#770 = CARTESIAN_POINT('',(99.8,-147.5,1.));
#771 = SURFACE_CURVE('',#772,(#776,#783),.PCURVE_S1.);
#772 = LINE('',#773,#774);
#773 = CARTESIAN_POINT('',(99.8,-147.5,3.3));
#774 = VECTOR('',#775,1.);
#775 = DIRECTION('',(0.,0.,-1.));
#776 = PCURVE('',#605,#777);
#777 = DEFINITIONAL_REPRESENTATION('',(#778),#782);
#778 = LINE('',#779,#780);
#779 = CARTESIAN_POINT('',(2.2,0.8));
#780 = VECTOR('',#781,1.);
#781 = DIRECTION('',(-1.,0.));
#782 = ( GEOMETRIC_REPRESENTATION_CONTEXT(2) 
PARAMETRIC_REPRESENTATION_CONTEXT() REPRESENTATION_CONTEXT('2D SPACE',''
  ) );
#783 = PCURVE('',#784,#789);
#784 = CYLINDRICAL_SURFACE('',#785,0.8);
#785 = AXIS2_PLACEMENT_3D('',#786,#787,#788);
#786 = CARTESIAN_POINT('',(99.8,-146.7,1.1));
#787 = DIRECTION('',(0.,0.,1.));
#788 = DIRECTION('',(-1.,-0.,0.));
#789 = DEFINITIONAL_REPRESENTATION('',(#790),#794);
#790 = LINE('',#791,#792);
#791 = CARTESIAN_POINT('',(1.570796326795,2.2));
#792 = VECTOR('',#793,1.);
#793 = DIRECTION('',(-0.,-1.));
#794 = ( GEOMETRIC_REPRESENTATION_CONTEXT(2) 
PARAMETRIC_REPRESENTATION_CONTEXT() REPRESENTATION_CONTEXT('2D SPACE',''
  ) );
#795 = ORIENTED_EDGE('',*,*,#796,.T.);
#796 = EDGE_CURVE('',#769,#568,#797,.T.);
#797 = SURFACE_CURVE('',#798,(#802,#808),.PCURVE_S1.);
#798 = LINE('',#799,#800);
#799 = CARTESIAN_POINT('',(99.15,-147.5,1.));
#800 = VECTOR('',#801,1.);
#801 = DIRECTION('',(1.,0.,0.));
#802 = PCURVE('',#605,#803);
#803 = DEFINITIONAL_REPRESENTATION('',(#804),#807);
#804 = B_SPLINE_CURVE_WITH_KNOTS('',1,(#805,#806),.UNSPECIFIED.,.F.,.F.,
  (2,2),(0.65,22.95),.PIECEWISE_BEZIER_KNOTS.);
#805 = CARTESIAN_POINT('',(-0.1,0.8));
#806 = CARTESIAN_POINT('',(-0.1,23.1));
#807 = ( GEOMETRIC_REPRESENTATION_CONTEXT(2) 
PARAMETRIC_REPRESENTATION_CONTEXT() REPRESENTATION_CONTEXT('2D SPACE',''
  ) );
#808 = PCURVE('',#375,#809);
#809 = DEFINITIONAL_REPRESENTATION('',(#810),#813);
#810 = B_SPLINE_CURVE_WITH_KNOTS('',1,(#811,#812),.UNSPECIFIED.,.F.,.F.,
  (2,2),(0.65,22.95),.PIECEWISE_BEZIER_KNOTS.);
#811 = CARTESIAN_POINT('',(0.5,3.4));
#812 = CARTESIAN_POINT('',(22.8,3.4));
#813 = ( GEOMETRIC_REPRESENTATION_CONTEXT(2) 
PARAMETRIC_REPRESENTATION_CONTEXT() REPRESENTATION_CONTEXT('2D SPACE',''
  ) );
#814 = ORIENTED_EDGE('',*,*,#590,.F.);
#815 = ADVANCED_FACE('',(#816),#728,.F.);
#816 = FACE_BOUND('',#817,.T.);
#817 = EDGE_LOOP('',(#818,#848,#874,#875));
#818 = ORIENTED_EDGE('',*,*,#819,.T.);
#819 = EDGE_CURVE('',#820,#822,#824,.T.);
#820 = VERTEX_POINT('',#821);
#821 = CARTESIAN_POINT('',(163.7,-146.7,3.3));
#822 = VERTEX_POINT('',#823);
#823 = CARTESIAN_POINT('',(163.7,-146.7,-2.6));
#824 = SURFACE_CURVE('',#825,(#829,#836),.PCURVE_S1.);
#825 = LINE('',#826,#827);
#826 = CARTESIAN_POINT('',(163.7,-146.7,3.3));
#827 = VECTOR('',#828,1.);
#828 = DIRECTION('',(0.,0.,-1.));
#829 = PCURVE('',#728,#830);
#830 = DEFINITIONAL_REPRESENTATION('',(#831),#835);
#831 = LINE('',#832,#833);
#832 = CARTESIAN_POINT('',(-0.,2.2));
#833 = VECTOR('',#834,1.);
#834 = DIRECTION('',(-0.,-1.));
#835 = ( GEOMETRIC_REPRESENTATION_CONTEXT(2) 
PARAMETRIC_REPRESENTATION_CONTEXT() REPRESENTATION_CONTEXT('2D SPACE',''
  ) );
#836 = PCURVE('',#837,#842);
#837 = PLANE('',#838);
#838 = AXIS2_PLACEMENT_3D('',#839,#840,#841);
#839 = CARTESIAN_POINT('',(163.7,-147.5,1.1));
#840 = DIRECTION('',(1.,0.,0.));
#841 = DIRECTION('',(0.,0.,1.));
#842 = DEFINITIONAL_REPRESENTATION('',(#843),#847);
#843 = LINE('',#844,#845);
#844 = CARTESIAN_POINT('',(2.2,-0.8));
#845 = VECTOR('',#846,1.);
#846 = DIRECTION('',(-1.,0.));
#847 = ( GEOMETRIC_REPRESENTATION_CONTEXT(2) 
PARAMETRIC_REPRESENTATION_CONTEXT() REPRESENTATION_CONTEXT('2D SPACE',''
  ) );
#848 = ORIENTED_EDGE('',*,*,#849,.T.);
#849 = EDGE_CURVE('',#822,#713,#850,.T.);
#850 = SURFACE_CURVE('',#851,(#856,#863),.PCURVE_S1.);
#851 = CIRCLE('',#852,0.8);
#852 = AXIS2_PLACEMENT_3D('',#853,#854,#855);
#853 = CARTESIAN_POINT('',(162.9,-146.7,-2.6));
#854 = DIRECTION('',(-0.,-0.,-1.));
#855 = DIRECTION('',(0.,-1.,0.));
#856 = PCURVE('',#728,#857);
#857 = DEFINITIONAL_REPRESENTATION('',(#858),#862);
#858 = LINE('',#859,#860);
#859 = CARTESIAN_POINT('',(4.712388980385,-3.7));
#860 = VECTOR('',#861,1.);
#861 = DIRECTION('',(-1.,0.));
#862 = ( GEOMETRIC_REPRESENTATION_CONTEXT(2) 
PARAMETRIC_REPRESENTATION_CONTEXT() REPRESENTATION_CONTEXT('2D SPACE',''
  ) );
#863 = PCURVE('',#756,#864);
#864 = DEFINITIONAL_REPRESENTATION('',(#865),#873);
#865 = ( BOUNDED_CURVE() B_SPLINE_CURVE(2,(#866,#867,#868,#869,#870,#871
,#872),.UNSPECIFIED.,.T.,.F.) B_SPLINE_CURVE_WITH_KNOTS((1,2,2,2,2,1),(
    -2.094395102393,0.,2.094395102393,4.188790204786,6.28318530718,
8.377580409573),.UNSPECIFIED.) CURVE() GEOMETRIC_REPRESENTATION_ITEM() 
RATIONAL_B_SPLINE_CURVE((1.,0.5,1.,0.5,1.,0.5,1.)) REPRESENTATION_ITEM(
  '') );
#866 = CARTESIAN_POINT('',(63.9,1.132427485118E-14));
#867 = CARTESIAN_POINT('',(62.514359353945,1.132427485118E-14));
#868 = CARTESIAN_POINT('',(63.207179676972,1.2));
#869 = CARTESIAN_POINT('',(63.9,2.4));
#870 = CARTESIAN_POINT('',(64.592820323028,1.2));
#871 = CARTESIAN_POINT('',(65.285640646055,1.254552017826E-14));
#872 = CARTESIAN_POINT('',(63.9,1.132427485118E-14));
#873 = ( GEOMETRIC_REPRESENTATION_CONTEXT(2) 
PARAMETRIC_REPRESENTATION_CONTEXT() REPRESENTATION_CONTEXT('2D SPACE',''
  ) );
#874 = ORIENTED_EDGE('',*,*,#712,.F.);
#875 = ORIENTED_EDGE('',*,*,#876,.T.);
#876 = EDGE_CURVE('',#691,#820,#877,.T.);
#877 = SURFACE_CURVE('',#878,(#883,#890),.PCURVE_S1.);
#878 = CIRCLE('',#879,0.8);
#879 = AXIS2_PLACEMENT_3D('',#880,#881,#882);
#880 = CARTESIAN_POINT('',(162.9,-146.7,3.3));
#881 = DIRECTION('',(0.,0.,1.));
#882 = DIRECTION('',(1.,0.,-0.));
#883 = PCURVE('',#728,#884);
#884 = DEFINITIONAL_REPRESENTATION('',(#885),#889);
#885 = LINE('',#886,#887);
#886 = CARTESIAN_POINT('',(-6.28318530718,2.2));
#887 = VECTOR('',#888,1.);
#888 = DIRECTION('',(1.,-0.));
#889 = ( GEOMETRIC_REPRESENTATION_CONTEXT(2) 
PARAMETRIC_REPRESENTATION_CONTEXT() REPRESENTATION_CONTEXT('2D SPACE',''
  ) );
#890 = PCURVE('',#631,#891);
#891 = DEFINITIONAL_REPRESENTATION('',(#892),#896);
#892 = CIRCLE('',#893,0.8);
#893 = AXIS2_PLACEMENT_2D('',#894,#895);
#894 = CARTESIAN_POINT('',(64.9,1.8));
#895 = DIRECTION('',(1.,0.));
#896 = ( GEOMETRIC_REPRESENTATION_CONTEXT(2) 
PARAMETRIC_REPRESENTATION_CONTEXT() REPRESENTATION_CONTEXT('2D SPACE',''
  ) );
#897 = ADVANCED_FACE('',(#898),#837,.F.);
#898 = FACE_BOUND('',#899,.F.);
#899 = EDGE_LOOP('',(#900,#922,#923,#946,#974,#1001,#1034,#1061));
#900 = ORIENTED_EDGE('',*,*,#901,.F.);
#901 = EDGE_CURVE('',#820,#902,#904,.T.);
#902 = VERTEX_POINT('',#903);
#903 = CARTESIAN_POINT('',(163.7,-134.5203476621,3.3));
#904 = SURFACE_CURVE('',#905,(#909,#916),.PCURVE_S1.);
#905 = LINE('',#906,#907);
#906 = CARTESIAN_POINT('',(163.7,-148.,3.3));
#907 = VECTOR('',#908,1.);
#908 = DIRECTION('',(0.,1.,0.));
#909 = PCURVE('',#837,#910);
#910 = DEFINITIONAL_REPRESENTATION('',(#911),#915);
#911 = LINE('',#912,#913);
#912 = CARTESIAN_POINT('',(2.2,0.5));
#913 = VECTOR('',#914,1.);
#914 = DIRECTION('',(0.,-1.));
#915 = ( GEOMETRIC_REPRESENTATION_CONTEXT(2) 
PARAMETRIC_REPRESENTATION_CONTEXT() REPRESENTATION_CONTEXT('2D SPACE',''
  ) );
#916 = PCURVE('',#631,#917);
#917 = DEFINITIONAL_REPRESENTATION('',(#918),#921);
#918 = B_SPLINE_CURVE_WITH_KNOTS('',1,(#919,#920),.UNSPECIFIED.,.F.,.F.,
  (2,2),(1.3,47.7),.PIECEWISE_BEZIER_KNOTS.);
#919 = CARTESIAN_POINT('',(65.7,1.8));
#920 = CARTESIAN_POINT('',(65.7,48.2));
#921 = ( GEOMETRIC_REPRESENTATION_CONTEXT(2) 
PARAMETRIC_REPRESENTATION_CONTEXT() REPRESENTATION_CONTEXT('2D SPACE',''
  ) );
#922 = ORIENTED_EDGE('',*,*,#819,.T.);
#923 = ORIENTED_EDGE('',*,*,#924,.T.);
#924 = EDGE_CURVE('',#822,#925,#927,.T.);
#925 = VERTEX_POINT('',#926);
#926 = CARTESIAN_POINT('',(163.7,-100.3,-2.6));
#927 = SURFACE_CURVE('',#928,(#932,#939),.PCURVE_S1.);
#928 = LINE('',#929,#930);
#929 = CARTESIAN_POINT('',(163.7,-147.5,-2.6));
#930 = VECTOR('',#931,1.);
#931 = DIRECTION('',(0.,1.,0.));
#932 = PCURVE('',#837,#933);
#933 = DEFINITIONAL_REPRESENTATION('',(#934),#938);
#934 = LINE('',#935,#936);
#935 = CARTESIAN_POINT('',(-3.7,0.));
#936 = VECTOR('',#937,1.);
#937 = DIRECTION('',(0.,-1.));
#938 = ( GEOMETRIC_REPRESENTATION_CONTEXT(2) 
PARAMETRIC_REPRESENTATION_CONTEXT() REPRESENTATION_CONTEXT('2D SPACE',''
  ) );
#939 = PCURVE('',#756,#940);
#940 = DEFINITIONAL_REPRESENTATION('',(#941),#945);
#941 = LINE('',#942,#943);
#942 = CARTESIAN_POINT('',(64.7,0.));
#943 = VECTOR('',#944,1.);
#944 = DIRECTION('',(0.,1.));
#945 = ( GEOMETRIC_REPRESENTATION_CONTEXT(2) 
PARAMETRIC_REPRESENTATION_CONTEXT() REPRESENTATION_CONTEXT('2D SPACE',''
  ) );
#946 = ORIENTED_EDGE('',*,*,#947,.F.);
#947 = EDGE_CURVE('',#948,#925,#950,.T.);
#948 = VERTEX_POINT('',#949);
#949 = CARTESIAN_POINT('',(163.7,-100.3,3.3));
#950 = SURFACE_CURVE('',#951,(#955,#962),.PCURVE_S1.);
#951 = LINE('',#952,#953);
#952 = CARTESIAN_POINT('',(163.7,-100.3,3.3));
#953 = VECTOR('',#954,1.);
#954 = DIRECTION('',(0.,0.,-1.));
#955 = PCURVE('',#837,#956);
#956 = DEFINITIONAL_REPRESENTATION('',(#957),#961);
#957 = LINE('',#958,#959);
#958 = CARTESIAN_POINT('',(2.2,-47.2));
#959 = VECTOR('',#960,1.);
#960 = DIRECTION('',(-1.,0.));
#961 = ( GEOMETRIC_REPRESENTATION_CONTEXT(2) 
PARAMETRIC_REPRESENTATION_CONTEXT() REPRESENTATION_CONTEXT('2D SPACE',''
  ) );
#962 = PCURVE('',#963,#968);
#963 = CYLINDRICAL_SURFACE('',#964,0.8);
#964 = AXIS2_PLACEMENT_3D('',#965,#966,#967);
#965 = CARTESIAN_POINT('',(162.9,-100.3,1.1));
#966 = DIRECTION('',(0.,0.,1.));
#967 = DIRECTION('',(1.,0.,-0.));
#968 = DEFINITIONAL_REPRESENTATION('',(#969),#973);
#969 = LINE('',#970,#971);
#970 = CARTESIAN_POINT('',(0.,2.2));
#971 = VECTOR('',#972,1.);
#972 = DIRECTION('',(-0.,-1.));
#973 = ( GEOMETRIC_REPRESENTATION_CONTEXT(2) 
PARAMETRIC_REPRESENTATION_CONTEXT() REPRESENTATION_CONTEXT('2D SPACE',''
  ) );
#974 = ORIENTED_EDGE('',*,*,#975,.F.);
#975 = EDGE_CURVE('',#976,#948,#978,.T.);
#976 = VERTEX_POINT('',#977);
#977 = CARTESIAN_POINT('',(163.7,-102.4796523378,3.3));
#978 = SURFACE_CURVE('',#979,(#983,#990),.PCURVE_S1.);
#979 = LINE('',#980,#981);
#980 = CARTESIAN_POINT('',(163.7,-148.,3.3));
#981 = VECTOR('',#982,1.);
#982 = DIRECTION('',(0.,1.,0.));
#983 = PCURVE('',#837,#984);
#984 = DEFINITIONAL_REPRESENTATION('',(#985),#989);
#985 = LINE('',#986,#987);
#986 = CARTESIAN_POINT('',(2.2,0.5));
#987 = VECTOR('',#988,1.);
#988 = DIRECTION('',(0.,-1.));
#989 = ( GEOMETRIC_REPRESENTATION_CONTEXT(2) 
PARAMETRIC_REPRESENTATION_CONTEXT() REPRESENTATION_CONTEXT('2D SPACE',''
  ) );
#990 = PCURVE('',#991,#996);
#991 = PLANE('',#992);
#992 = AXIS2_PLACEMENT_3D('',#993,#994,#995);
#993 = CARTESIAN_POINT('',(98.,-148.5,3.3));
#994 = DIRECTION('',(0.,0.,1.));
#995 = DIRECTION('',(1.,0.,0.));
#996 = DEFINITIONAL_REPRESENTATION('',(#997),#1000);
#997 = B_SPLINE_CURVE_WITH_KNOTS('',1,(#998,#999),.UNSPECIFIED.,.F.,.F.,
  (2,2),(1.3,47.7),.PIECEWISE_BEZIER_KNOTS.);
#998 = CARTESIAN_POINT('',(65.7,1.8));
#999 = CARTESIAN_POINT('',(65.7,48.2));
#1000 = ( GEOMETRIC_REPRESENTATION_CONTEXT(2) 
PARAMETRIC_REPRESENTATION_CONTEXT() REPRESENTATION_CONTEXT('2D SPACE',''
  ) );
#1001 = ORIENTED_EDGE('',*,*,#1002,.T.);
#1002 = EDGE_CURVE('',#976,#1003,#1005,.T.);
#1003 = VERTEX_POINT('',#1004);
#1004 = CARTESIAN_POINT('',(163.7,-108.5203476621,3.3));
#1005 = SURFACE_CURVE('',#1006,(#1011,#1022),.PCURVE_S1.);
#1006 = CIRCLE('',#1007,3.25);
#1007 = AXIS2_PLACEMENT_3D('',#1008,#1009,#1010);
#1008 = CARTESIAN_POINT('',(163.7,-105.5,2.1));
#1009 = DIRECTION('',(-1.,0.,0.));
#1010 = DIRECTION('',(0.,0.929337742187,0.369230769231));
#1011 = PCURVE('',#837,#1012);
#1012 = DEFINITIONAL_REPRESENTATION('',(#1013),#1021);
#1013 = ( BOUNDED_CURVE() B_SPLINE_CURVE(2,(#1014,#1015,#1016,#1017,
#1018,#1019,#1020),.UNSPECIFIED.,.T.,.F.) B_SPLINE_CURVE_WITH_KNOTS((1,2
    ,2,2,2,1),(-2.094395102393,0.,2.094395102393,4.188790204786,
6.28318530718,8.377580409573),.UNSPECIFIED.) CURVE() 
GEOMETRIC_REPRESENTATION_ITEM() RATIONAL_B_SPLINE_CURVE((1.,0.5,1.,0.5,
1.,0.5,1.)) REPRESENTATION_ITEM('') );
#1014 = CARTESIAN_POINT('',(2.2,-45.0203476621));
#1015 = CARTESIAN_POINT('',(-3.031395607292,-47.09880863119));
#1016 = CARTESIAN_POINT('',(-2.215697803646,-41.52905665348));
#1017 = CARTESIAN_POINT('',(-1.4,-35.95930467578));
#1018 = CARTESIAN_POINT('',(3.015697803646,-39.4505956844));
#1019 = CARTESIAN_POINT('',(7.431395607293,-42.94188669302));
#1020 = CARTESIAN_POINT('',(2.2,-45.0203476621));
#1021 = ( GEOMETRIC_REPRESENTATION_CONTEXT(2) 
PARAMETRIC_REPRESENTATION_CONTEXT() REPRESENTATION_CONTEXT('2D SPACE',''
  ) );
#1022 = PCURVE('',#1023,#1028);
#1023 = CYLINDRICAL_SURFACE('',#1024,3.25);
#1024 = AXIS2_PLACEMENT_3D('',#1025,#1026,#1027);
#1025 = CARTESIAN_POINT('',(162.7,-105.5,2.1));
#1026 = DIRECTION('',(-1.,-0.,-0.));
#1027 = DIRECTION('',(0.,1.,0.));
#1028 = DEFINITIONAL_REPRESENTATION('',(#1029),#1033);
#1029 = LINE('',#1030,#1031);
#1030 = CARTESIAN_POINT('',(-6.661366472353,-1.));
#1031 = VECTOR('',#1032,1.);
#1032 = DIRECTION('',(1.,-0.));
#1033 = ( GEOMETRIC_REPRESENTATION_CONTEXT(2) 
PARAMETRIC_REPRESENTATION_CONTEXT() REPRESENTATION_CONTEXT('2D SPACE',''
  ) );
#1034 = ORIENTED_EDGE('',*,*,#1035,.F.);
#1035 = EDGE_CURVE('',#1036,#1003,#1038,.T.);
#1036 = VERTEX_POINT('',#1037);
#1037 = CARTESIAN_POINT('',(163.7,-128.4796523378,3.3));
#1038 = SURFACE_CURVE('',#1039,(#1043,#1050),.PCURVE_S1.);
#1039 = LINE('',#1040,#1041);
#1040 = CARTESIAN_POINT('',(163.7,-148.,3.3));
#1041 = VECTOR('',#1042,1.);
#1042 = DIRECTION('',(0.,1.,0.));
#1043 = PCURVE('',#837,#1044);
#1044 = DEFINITIONAL_REPRESENTATION('',(#1045),#1049);
#1045 = LINE('',#1046,#1047);
#1046 = CARTESIAN_POINT('',(2.2,0.5));
#1047 = VECTOR('',#1048,1.);
#1048 = DIRECTION('',(0.,-1.));
#1049 = ( GEOMETRIC_REPRESENTATION_CONTEXT(2) 
PARAMETRIC_REPRESENTATION_CONTEXT() REPRESENTATION_CONTEXT('2D SPACE',''
  ) );
#1050 = PCURVE('',#1051,#1056);
#1051 = PLANE('',#1052);
#1052 = AXIS2_PLACEMENT_3D('',#1053,#1054,#1055);
#1053 = CARTESIAN_POINT('',(98.,-148.5,3.3));
#1054 = DIRECTION('',(0.,0.,1.));
#1055 = DIRECTION('',(1.,0.,0.));
#1056 = DEFINITIONAL_REPRESENTATION('',(#1057),#1060);
#1057 = B_SPLINE_CURVE_WITH_KNOTS('',1,(#1058,#1059),.UNSPECIFIED.,.F.,
  .F.,(2,2),(1.3,47.7),.PIECEWISE_BEZIER_KNOTS.);
#1058 = CARTESIAN_POINT('',(65.7,1.8));
#1059 = CARTESIAN_POINT('',(65.7,48.2));
#1060 = ( GEOMETRIC_REPRESENTATION_CONTEXT(2) 
PARAMETRIC_REPRESENTATION_CONTEXT() REPRESENTATION_CONTEXT('2D SPACE',''
  ) );
#1061 = ORIENTED_EDGE('',*,*,#1062,.F.);
#1062 = EDGE_CURVE('',#902,#1036,#1063,.T.);
#1063 = SURFACE_CURVE('',#1064,(#1069,#1076),.PCURVE_S1.);
#1064 = CIRCLE('',#1065,3.25);
#1065 = AXIS2_PLACEMENT_3D('',#1066,#1067,#1068);
#1066 = CARTESIAN_POINT('',(163.7,-131.5,2.1));
#1067 = DIRECTION('',(1.,0.,0.));
#1068 = DIRECTION('',(0.,-0.929337742187,0.369230769231));
#1069 = PCURVE('',#837,#1070);
#1070 = DEFINITIONAL_REPRESENTATION('',(#1071),#1075);
#1071 = CIRCLE('',#1072,3.25);
#1072 = AXIS2_PLACEMENT_2D('',#1073,#1074);
#1073 = CARTESIAN_POINT('',(1.,-16.));
#1074 = DIRECTION('',(0.369230769231,0.929337742187));
#1075 = ( GEOMETRIC_REPRESENTATION_CONTEXT(2) 
PARAMETRIC_REPRESENTATION_CONTEXT() REPRESENTATION_CONTEXT('2D SPACE',''
  ) );
#1076 = PCURVE('',#1077,#1082);
#1077 = CYLINDRICAL_SURFACE('',#1078,3.25);
#1078 = AXIS2_PLACEMENT_3D('',#1079,#1080,#1081);
#1079 = CARTESIAN_POINT('',(162.7,-131.5,2.1));
#1080 = DIRECTION('',(-1.,-0.,-0.));
#1081 = DIRECTION('',(0.,1.,0.));
#1082 = DEFINITIONAL_REPRESENTATION('',(#1083),#1087);
#1083 = LINE('',#1084,#1085);
#1084 = CARTESIAN_POINT('',(-2.763411488416,-1.));
#1085 = VECTOR('',#1086,1.);
#1086 = DIRECTION('',(-1.,-0.));
#1087 = ( GEOMETRIC_REPRESENTATION_CONTEXT(2) 
PARAMETRIC_REPRESENTATION_CONTEXT() REPRESENTATION_CONTEXT('2D SPACE',''
  ) );
#1088 = ADVANCED_FACE('',(#1089),#1077,.F.);
#1089 = FACE_BOUND('',#1090,.T.);
#1090 = EDGE_LOOP('',(#1091,#1120,#1152,#1171,#1172,#1193,#1225,#1246));
#1091 = ORIENTED_EDGE('',*,*,#1092,.F.);
#1092 = EDGE_CURVE('',#1093,#1095,#1097,.T.);
#1093 = VERTEX_POINT('',#1094);
#1094 = CARTESIAN_POINT('',(164.7,-128.25,2.1));
#1095 = VERTEX_POINT('',#1096);
#1096 = CARTESIAN_POINT('',(166.1,-128.25,2.1));
#1097 = SURFACE_CURVE('',#1098,(#1102,#1108),.PCURVE_S1.);
#1098 = LINE('',#1099,#1100);
#1099 = CARTESIAN_POINT('',(162.7,-128.25,2.1));
#1100 = VECTOR('',#1101,1.);
#1101 = DIRECTION('',(1.,0.,0.));
#1102 = PCURVE('',#1077,#1103);
#1103 = DEFINITIONAL_REPRESENTATION('',(#1104),#1107);
#1104 = B_SPLINE_CURVE_WITH_KNOTS('',1,(#1105,#1106),.UNSPECIFIED.,.F.,
  .F.,(2,2),(2.,3.4),.PIECEWISE_BEZIER_KNOTS.);
#1105 = CARTESIAN_POINT('',(-6.28318530718,-2.));
#1106 = CARTESIAN_POINT('',(-6.28318530718,-3.4));
#1107 = ( GEOMETRIC_REPRESENTATION_CONTEXT(2) 
PARAMETRIC_REPRESENTATION_CONTEXT() REPRESENTATION_CONTEXT('2D SPACE',''
  ) );
#1108 = PCURVE('',#1109,#1114);
#1109 = PLANE('',#1110);
#1110 = AXIS2_PLACEMENT_3D('',#1111,#1112,#1113);
#1111 = CARTESIAN_POINT('',(96.6,-149.9,2.1));
#1112 = DIRECTION('',(0.,0.,1.));
#1113 = DIRECTION('',(1.,0.,0.));
#1114 = DEFINITIONAL_REPRESENTATION('',(#1115),#1119);
#1115 = LINE('',#1116,#1117);
#1116 = CARTESIAN_POINT('',(66.1,21.65));
#1117 = VECTOR('',#1118,1.);
#1118 = DIRECTION('',(1.,0.));
#1119 = ( GEOMETRIC_REPRESENTATION_CONTEXT(2) 
PARAMETRIC_REPRESENTATION_CONTEXT() REPRESENTATION_CONTEXT('2D SPACE',''
  ) );
#1120 = ORIENTED_EDGE('',*,*,#1121,.F.);
#1121 = EDGE_CURVE('',#1122,#1093,#1124,.T.);
#1122 = VERTEX_POINT('',#1123);
#1123 = CARTESIAN_POINT('',(164.7,-128.4796523378,3.3));
#1124 = SURFACE_CURVE('',#1125,(#1130,#1136),.PCURVE_S1.);
#1125 = CIRCLE('',#1126,3.25);
#1126 = AXIS2_PLACEMENT_3D('',#1127,#1128,#1129);
#1127 = CARTESIAN_POINT('',(164.7,-131.5,2.1));
#1128 = DIRECTION('',(-1.,0.,0.));
#1129 = DIRECTION('',(0.,1.,0.));
#1130 = PCURVE('',#1077,#1131);
#1131 = DEFINITIONAL_REPRESENTATION('',(#1132),#1135);
#1132 = B_SPLINE_CURVE_WITH_KNOTS('',1,(#1133,#1134),.UNSPECIFIED.,.F.,
  .F.,(2,2),(5.905004142006,6.28318530718),.PIECEWISE_BEZIER_KNOTS.);
#1133 = CARTESIAN_POINT('',(-6.661366472353,-2.));
#1134 = CARTESIAN_POINT('',(-6.28318530718,-2.));
#1135 = ( GEOMETRIC_REPRESENTATION_CONTEXT(2) 
PARAMETRIC_REPRESENTATION_CONTEXT() REPRESENTATION_CONTEXT('2D SPACE',''
  ) );
#1136 = PCURVE('',#1137,#1142);
#1137 = PLANE('',#1138);
#1138 = AXIS2_PLACEMENT_3D('',#1139,#1140,#1141);
#1139 = CARTESIAN_POINT('',(164.7,-148.5,2.1));
#1140 = DIRECTION('',(1.,0.,0.));
#1141 = DIRECTION('',(0.,0.,1.));
#1142 = DEFINITIONAL_REPRESENTATION('',(#1143),#1151);
#1143 = ( BOUNDED_CURVE() B_SPLINE_CURVE(2,(#1144,#1145,#1146,#1147,
#1148,#1149,#1150),.UNSPECIFIED.,.T.,.F.) B_SPLINE_CURVE_WITH_KNOTS((1,2
    ,2,2,2,1),(-2.094395102393,0.,2.094395102393,4.188790204786,
6.28318530718,8.377580409573),.UNSPECIFIED.) CURVE() 
GEOMETRIC_REPRESENTATION_ITEM() RATIONAL_B_SPLINE_CURVE((1.,0.5,1.,0.5,
1.,0.5,1.)) REPRESENTATION_ITEM('') );
#1144 = CARTESIAN_POINT('',(0.,-20.25));
#1145 = CARTESIAN_POINT('',(-5.629165124599,-20.25));
#1146 = CARTESIAN_POINT('',(-2.814582562299,-15.375));
#1147 = CARTESIAN_POINT('',(-7.960204194458E-16,-10.5));
#1148 = CARTESIAN_POINT('',(2.814582562299,-15.375));
#1149 = CARTESIAN_POINT('',(5.629165124599,-20.25));
#1150 = CARTESIAN_POINT('',(0.,-20.25));
#1151 = ( GEOMETRIC_REPRESENTATION_CONTEXT(2) 
PARAMETRIC_REPRESENTATION_CONTEXT() REPRESENTATION_CONTEXT('2D SPACE',''
  ) );
#1152 = ORIENTED_EDGE('',*,*,#1153,.T.);
#1153 = EDGE_CURVE('',#1122,#1036,#1154,.T.);
#1154 = SURFACE_CURVE('',#1155,(#1159,#1165),.PCURVE_S1.);
#1155 = LINE('',#1156,#1157);
#1156 = CARTESIAN_POINT('',(162.7,-128.4796523378,3.3));
#1157 = VECTOR('',#1158,1.);
#1158 = DIRECTION('',(-1.,-0.,-0.));
#1159 = PCURVE('',#1077,#1160);
#1160 = DEFINITIONAL_REPRESENTATION('',(#1161),#1164);
#1161 = B_SPLINE_CURVE_WITH_KNOTS('',1,(#1162,#1163),.UNSPECIFIED.,.F.,
  .F.,(2,2),(-2.,-1.),.PIECEWISE_BEZIER_KNOTS.);
#1162 = CARTESIAN_POINT('',(-6.661366472353,-2.));
#1163 = CARTESIAN_POINT('',(-6.661366472353,-1.));
#1164 = ( GEOMETRIC_REPRESENTATION_CONTEXT(2) 
PARAMETRIC_REPRESENTATION_CONTEXT() REPRESENTATION_CONTEXT('2D SPACE',''
  ) );
#1165 = PCURVE('',#1051,#1166);
#1166 = DEFINITIONAL_REPRESENTATION('',(#1167),#1170);
#1167 = B_SPLINE_CURVE_WITH_KNOTS('',1,(#1168,#1169),.UNSPECIFIED.,.F.,
  .F.,(2,2),(-6.4000006,5.999999928008E-07),.PIECEWISE_BEZIER_KNOTS.);
#1168 = CARTESIAN_POINT('',(71.1000006,20.020347662108));
#1169 = CARTESIAN_POINT('',(64.6999994,20.020347662108));
#1170 = ( GEOMETRIC_REPRESENTATION_CONTEXT(2) 
PARAMETRIC_REPRESENTATION_CONTEXT() REPRESENTATION_CONTEXT('2D SPACE',''
  ) );
#1171 = ORIENTED_EDGE('',*,*,#1062,.F.);
#1172 = ORIENTED_EDGE('',*,*,#1173,.F.);
#1173 = EDGE_CURVE('',#1174,#902,#1176,.T.);
#1174 = VERTEX_POINT('',#1175);
#1175 = CARTESIAN_POINT('',(164.7,-134.5203476621,3.3));
#1176 = SURFACE_CURVE('',#1177,(#1181,#1187),.PCURVE_S1.);
#1177 = LINE('',#1178,#1179);
#1178 = CARTESIAN_POINT('',(162.7,-134.5203476621,3.3));
#1179 = VECTOR('',#1180,1.);
#1180 = DIRECTION('',(-1.,-0.,-0.));
#1181 = PCURVE('',#1077,#1182);
#1182 = DEFINITIONAL_REPRESENTATION('',(#1183),#1186);
#1183 = B_SPLINE_CURVE_WITH_KNOTS('',1,(#1184,#1185),.UNSPECIFIED.,.F.,
  .F.,(2,2),(-2.,-1.),.PIECEWISE_BEZIER_KNOTS.);
#1184 = CARTESIAN_POINT('',(-2.763411488417,-2.));
#1185 = CARTESIAN_POINT('',(-2.763411488417,-1.));
#1186 = ( GEOMETRIC_REPRESENTATION_CONTEXT(2) 
PARAMETRIC_REPRESENTATION_CONTEXT() REPRESENTATION_CONTEXT('2D SPACE',''
  ) );
#1187 = PCURVE('',#631,#1188);
#1188 = DEFINITIONAL_REPRESENTATION('',(#1189),#1192);
#1189 = B_SPLINE_CURVE_WITH_KNOTS('',1,(#1190,#1191),.UNSPECIFIED.,.F.,
  .F.,(2,2),(-6.4000006,5.999999928008E-07),.PIECEWISE_BEZIER_KNOTS.);
#1190 = CARTESIAN_POINT('',(71.1000006,13.979652337892));
#1191 = CARTESIAN_POINT('',(64.6999994,13.979652337892));
#1192 = ( GEOMETRIC_REPRESENTATION_CONTEXT(2) 
PARAMETRIC_REPRESENTATION_CONTEXT() REPRESENTATION_CONTEXT('2D SPACE',''
  ) );
#1193 = ORIENTED_EDGE('',*,*,#1194,.F.);
#1194 = EDGE_CURVE('',#1195,#1174,#1197,.T.);
#1195 = VERTEX_POINT('',#1196);
#1196 = CARTESIAN_POINT('',(164.7,-134.7499999999,2.1));
#1197 = SURFACE_CURVE('',#1198,(#1203,#1209),.PCURVE_S1.);
#1198 = CIRCLE('',#1199,3.25);
#1199 = AXIS2_PLACEMENT_3D('',#1200,#1201,#1202);
#1200 = CARTESIAN_POINT('',(164.7,-131.5,2.1));
#1201 = DIRECTION('',(-1.,0.,0.));
#1202 = DIRECTION('',(0.,1.,0.));
#1203 = PCURVE('',#1077,#1204);
#1204 = DEFINITIONAL_REPRESENTATION('',(#1205),#1208);
#1205 = B_SPLINE_CURVE_WITH_KNOTS('',1,(#1206,#1207),.UNSPECIFIED.,.F.,
  .F.,(2,2),(3.14159265359,3.519773818763),.PIECEWISE_BEZIER_KNOTS.);
#1206 = CARTESIAN_POINT('',(-3.14159265359,-2.));
#1207 = CARTESIAN_POINT('',(-2.763411488416,-2.));
#1208 = ( GEOMETRIC_REPRESENTATION_CONTEXT(2) 
PARAMETRIC_REPRESENTATION_CONTEXT() REPRESENTATION_CONTEXT('2D SPACE',''
  ) );
#1209 = PCURVE('',#1210,#1215);
#1210 = PLANE('',#1211);
#1211 = AXIS2_PLACEMENT_3D('',#1212,#1213,#1214);
#1212 = CARTESIAN_POINT('',(164.7,-148.5,2.1));
#1213 = DIRECTION('',(1.,0.,0.));
#1214 = DIRECTION('',(0.,0.,1.));
#1215 = DEFINITIONAL_REPRESENTATION('',(#1216),#1224);
#1216 = ( BOUNDED_CURVE() B_SPLINE_CURVE(2,(#1217,#1218,#1219,#1220,
#1221,#1222,#1223),.UNSPECIFIED.,.T.,.F.) B_SPLINE_CURVE_WITH_KNOTS((1,2
    ,2,2,2,1),(-2.094395102393,0.,2.094395102393,4.188790204786,
6.28318530718,8.377580409573),.UNSPECIFIED.) CURVE() 
GEOMETRIC_REPRESENTATION_ITEM() RATIONAL_B_SPLINE_CURVE((1.,0.5,1.,0.5,
1.,0.5,1.)) REPRESENTATION_ITEM('') );
#1217 = CARTESIAN_POINT('',(0.,-20.25));
#1218 = CARTESIAN_POINT('',(-5.629165124599,-20.25));
#1219 = CARTESIAN_POINT('',(-2.814582562299,-15.375));
#1220 = CARTESIAN_POINT('',(-7.960204194458E-16,-10.5));
#1221 = CARTESIAN_POINT('',(2.814582562299,-15.375));
#1222 = CARTESIAN_POINT('',(5.629165124599,-20.25));
#1223 = CARTESIAN_POINT('',(0.,-20.25));
#1224 = ( GEOMETRIC_REPRESENTATION_CONTEXT(2) 
PARAMETRIC_REPRESENTATION_CONTEXT() REPRESENTATION_CONTEXT('2D SPACE',''
  ) );
#1225 = ORIENTED_EDGE('',*,*,#1226,.F.);
#1226 = EDGE_CURVE('',#1227,#1195,#1229,.T.);
#1227 = VERTEX_POINT('',#1228);
#1228 = CARTESIAN_POINT('',(166.1,-134.75,2.1));
#1229 = SURFACE_CURVE('',#1230,(#1234,#1240),.PCURVE_S1.);
#1230 = LINE('',#1231,#1232);
#1231 = CARTESIAN_POINT('',(162.7,-134.75,2.1));
#1232 = VECTOR('',#1233,1.);
#1233 = DIRECTION('',(-1.,-0.,-0.));
#1234 = PCURVE('',#1077,#1235);
#1235 = DEFINITIONAL_REPRESENTATION('',(#1236),#1239);
#1236 = B_SPLINE_CURVE_WITH_KNOTS('',1,(#1237,#1238),.UNSPECIFIED.,.F.,
  .F.,(2,2),(-3.4,-2.),.PIECEWISE_BEZIER_KNOTS.);
#1237 = CARTESIAN_POINT('',(-3.14159265359,-3.4));
#1238 = CARTESIAN_POINT('',(-3.14159265359,-2.));
#1239 = ( GEOMETRIC_REPRESENTATION_CONTEXT(2) 
PARAMETRIC_REPRESENTATION_CONTEXT() REPRESENTATION_CONTEXT('2D SPACE',''
  ) );
#1240 = PCURVE('',#525,#1241);
#1241 = DEFINITIONAL_REPRESENTATION('',(#1242),#1245);
#1242 = B_SPLINE_CURVE_WITH_KNOTS('',1,(#1243,#1244),.UNSPECIFIED.,.F.,
  .F.,(2,2),(-6.4000006,5.999999928008E-07),.PIECEWISE_BEZIER_KNOTS.);
#1243 = CARTESIAN_POINT('',(72.5000006,15.15));
#1244 = CARTESIAN_POINT('',(66.0999994,15.15));
#1245 = ( GEOMETRIC_REPRESENTATION_CONTEXT(2) 
PARAMETRIC_REPRESENTATION_CONTEXT() REPRESENTATION_CONTEXT('2D SPACE',''
  ) );
#1246 = ORIENTED_EDGE('',*,*,#1247,.F.);
#1247 = EDGE_CURVE('',#1095,#1227,#1248,.T.);
#1248 = SURFACE_CURVE('',#1249,(#1254,#1260),.PCURVE_S1.);
#1249 = CIRCLE('',#1250,3.25);
#1250 = AXIS2_PLACEMENT_3D('',#1251,#1252,#1253);
#1251 = CARTESIAN_POINT('',(166.1,-131.5,2.1));
#1252 = DIRECTION('',(-1.,0.,0.));
#1253 = DIRECTION('',(0.,1.,0.));
#1254 = PCURVE('',#1077,#1255);
#1255 = DEFINITIONAL_REPRESENTATION('',(#1256),#1259);
#1256 = B_SPLINE_CURVE_WITH_KNOTS('',1,(#1257,#1258),.UNSPECIFIED.,.F.,
  .F.,(2,2),(0.,3.14159265359),.PIECEWISE_BEZIER_KNOTS.);
#1257 = CARTESIAN_POINT('',(-6.28318530718,-3.4));
#1258 = CARTESIAN_POINT('',(-3.14159265359,-3.4));
#1259 = ( GEOMETRIC_REPRESENTATION_CONTEXT(2) 
PARAMETRIC_REPRESENTATION_CONTEXT() REPRESENTATION_CONTEXT('2D SPACE',''
  ) );
#1260 = PCURVE('',#1261,#1266);
#1261 = PLANE('',#1262);
#1262 = AXIS2_PLACEMENT_3D('',#1263,#1264,#1265);
#1263 = CARTESIAN_POINT('',(166.1,-149.9,-4.2));
#1264 = DIRECTION('',(1.,0.,0.));
#1265 = DIRECTION('',(0.,0.,1.));
#1266 = DEFINITIONAL_REPRESENTATION('',(#1267),#1275);
#1267 = ( BOUNDED_CURVE() B_SPLINE_CURVE(2,(#1268,#1269,#1270,#1271,
#1272,#1273,#1274),.UNSPECIFIED.,.T.,.F.) B_SPLINE_CURVE_WITH_KNOTS((1,2
    ,2,2,2,1),(-2.094395102393,0.,2.094395102393,4.188790204786,
6.28318530718,8.377580409573),.UNSPECIFIED.) CURVE() 
GEOMETRIC_REPRESENTATION_ITEM() RATIONAL_B_SPLINE_CURVE((1.,0.5,1.,0.5,
1.,0.5,1.)) REPRESENTATION_ITEM('') );
#1268 = CARTESIAN_POINT('',(6.3,-21.65));
#1269 = CARTESIAN_POINT('',(0.670834875401,-21.65));
#1270 = CARTESIAN_POINT('',(3.485417437701,-16.775));
#1271 = CARTESIAN_POINT('',(6.3,-11.9));
#1272 = CARTESIAN_POINT('',(9.114582562299,-16.775));
#1273 = CARTESIAN_POINT('',(11.929165124599,-21.65));
#1274 = CARTESIAN_POINT('',(6.3,-21.65));
#1275 = ( GEOMETRIC_REPRESENTATION_CONTEXT(2) 
PARAMETRIC_REPRESENTATION_CONTEXT() REPRESENTATION_CONTEXT('2D SPACE',''
  ) );
#1276 = ADVANCED_FACE('',(#1277),#1261,.T.);
#1277 = FACE_BOUND('',#1278,.T.);
#1278 = EDGE_LOOP('',(#1279,#1304,#1331,#1352,#1353,#1376,#1399,#1422));
#1279 = ORIENTED_EDGE('',*,*,#1280,.F.);
#1280 = EDGE_CURVE('',#1281,#1283,#1285,.T.);
#1281 = VERTEX_POINT('',#1282);
#1282 = CARTESIAN_POINT('',(166.1,-102.25,2.1));
#1283 = VERTEX_POINT('',#1284);
#1284 = CARTESIAN_POINT('',(166.1,-100.1,2.1));
#1285 = SURFACE_CURVE('',#1286,(#1290,#1297),.PCURVE_S1.);
#1286 = LINE('',#1287,#1288);
#1287 = CARTESIAN_POINT('',(166.1,-149.9,2.1));
#1288 = VECTOR('',#1289,1.);
#1289 = DIRECTION('',(0.,1.,0.));
#1290 = PCURVE('',#1261,#1291);
#1291 = DEFINITIONAL_REPRESENTATION('',(#1292),#1296);
#1292 = LINE('',#1293,#1294);
#1293 = CARTESIAN_POINT('',(6.3,0.));
#1294 = VECTOR('',#1295,1.);
#1295 = DIRECTION('',(0.,-1.));
#1296 = ( GEOMETRIC_REPRESENTATION_CONTEXT(2) 
PARAMETRIC_REPRESENTATION_CONTEXT() REPRESENTATION_CONTEXT('2D SPACE',''
  ) );
#1297 = PCURVE('',#156,#1298);
#1298 = DEFINITIONAL_REPRESENTATION('',(#1299),#1303);
#1299 = LINE('',#1300,#1301);
#1300 = CARTESIAN_POINT('',(69.5,0.));
#1301 = VECTOR('',#1302,1.);
#1302 = DIRECTION('',(0.,1.));
#1303 = ( GEOMETRIC_REPRESENTATION_CONTEXT(2) 
PARAMETRIC_REPRESENTATION_CONTEXT() REPRESENTATION_CONTEXT('2D SPACE',''
  ) );
#1304 = ORIENTED_EDGE('',*,*,#1305,.T.);
#1305 = EDGE_CURVE('',#1281,#1306,#1308,.T.);
#1306 = VERTEX_POINT('',#1307);
#1307 = CARTESIAN_POINT('',(166.1,-108.75,2.1));
#1308 = SURFACE_CURVE('',#1309,(#1314,#1325),.PCURVE_S1.);
#1309 = CIRCLE('',#1310,3.25);
#1310 = AXIS2_PLACEMENT_3D('',#1311,#1312,#1313);
#1311 = CARTESIAN_POINT('',(166.1,-105.5,2.1));
#1312 = DIRECTION('',(-1.,0.,0.));
#1313 = DIRECTION('',(0.,1.,0.));
#1314 = PCURVE('',#1261,#1315);
#1315 = DEFINITIONAL_REPRESENTATION('',(#1316),#1324);
#1316 = ( BOUNDED_CURVE() B_SPLINE_CURVE(2,(#1317,#1318,#1319,#1320,
#1321,#1322,#1323),.UNSPECIFIED.,.T.,.F.) B_SPLINE_CURVE_WITH_KNOTS((1,2
    ,2,2,2,1),(-2.094395102393,0.,2.094395102393,4.188790204786,
6.28318530718,8.377580409573),.UNSPECIFIED.) CURVE() 
GEOMETRIC_REPRESENTATION_ITEM() RATIONAL_B_SPLINE_CURVE((1.,0.5,1.,0.5,
1.,0.5,1.)) REPRESENTATION_ITEM('') );
#1317 = CARTESIAN_POINT('',(6.3,-47.65));
#1318 = CARTESIAN_POINT('',(0.670834875401,-47.65));
#1319 = CARTESIAN_POINT('',(3.485417437701,-42.775));
#1320 = CARTESIAN_POINT('',(6.3,-37.9));
#1321 = CARTESIAN_POINT('',(9.114582562299,-42.775));
#1322 = CARTESIAN_POINT('',(11.929165124599,-47.65));
#1323 = CARTESIAN_POINT('',(6.3,-47.65));
#1324 = ( GEOMETRIC_REPRESENTATION_CONTEXT(2) 
PARAMETRIC_REPRESENTATION_CONTEXT() REPRESENTATION_CONTEXT('2D SPACE',''
  ) );
#1325 = PCURVE('',#1023,#1326);
#1326 = DEFINITIONAL_REPRESENTATION('',(#1327),#1330);
#1327 = B_SPLINE_CURVE_WITH_KNOTS('',1,(#1328,#1329),.UNSPECIFIED.,.F.,
  .F.,(2,2),(0.,3.14159265359),.PIECEWISE_BEZIER_KNOTS.);
#1328 = CARTESIAN_POINT('',(-6.28318530718,-3.4));
#1329 = CARTESIAN_POINT('',(-3.14159265359,-3.4));
#1330 = ( GEOMETRIC_REPRESENTATION_CONTEXT(2) 
PARAMETRIC_REPRESENTATION_CONTEXT() REPRESENTATION_CONTEXT('2D SPACE',''
  ) );
#1331 = ORIENTED_EDGE('',*,*,#1332,.F.);
#1332 = EDGE_CURVE('',#1095,#1306,#1333,.T.);
#1333 = SURFACE_CURVE('',#1334,(#1338,#1345),.PCURVE_S1.);
#1334 = LINE('',#1335,#1336);
#1335 = CARTESIAN_POINT('',(166.1,-149.9,2.1));
#1336 = VECTOR('',#1337,1.);
#1337 = DIRECTION('',(0.,1.,0.));
#1338 = PCURVE('',#1261,#1339);
#1339 = DEFINITIONAL_REPRESENTATION('',(#1340),#1344);
#1340 = LINE('',#1341,#1342);
#1341 = CARTESIAN_POINT('',(6.3,0.));
#1342 = VECTOR('',#1343,1.);
#1343 = DIRECTION('',(0.,-1.));
#1344 = ( GEOMETRIC_REPRESENTATION_CONTEXT(2) 
PARAMETRIC_REPRESENTATION_CONTEXT() REPRESENTATION_CONTEXT('2D SPACE',''
  ) );
#1345 = PCURVE('',#1109,#1346);
#1346 = DEFINITIONAL_REPRESENTATION('',(#1347),#1351);
#1347 = LINE('',#1348,#1349);
#1348 = CARTESIAN_POINT('',(69.5,0.));
#1349 = VECTOR('',#1350,1.);
#1350 = DIRECTION('',(0.,1.));
#1351 = ( GEOMETRIC_REPRESENTATION_CONTEXT(2) 
PARAMETRIC_REPRESENTATION_CONTEXT() REPRESENTATION_CONTEXT('2D SPACE',''
  ) );
#1352 = ORIENTED_EDGE('',*,*,#1247,.T.);
#1353 = ORIENTED_EDGE('',*,*,#1354,.F.);
#1354 = EDGE_CURVE('',#1355,#1227,#1357,.T.);
#1355 = VERTEX_POINT('',#1356);
#1356 = CARTESIAN_POINT('',(166.1,-146.9,2.1));
#1357 = SURFACE_CURVE('',#1358,(#1362,#1369),.PCURVE_S1.);
#1358 = LINE('',#1359,#1360);
#1359 = CARTESIAN_POINT('',(166.1,-149.9,2.1));
#1360 = VECTOR('',#1361,1.);
#1361 = DIRECTION('',(0.,1.,0.));
#1362 = PCURVE('',#1261,#1363);
#1363 = DEFINITIONAL_REPRESENTATION('',(#1364),#1368);
#1364 = LINE('',#1365,#1366);
#1365 = CARTESIAN_POINT('',(6.3,0.));
#1366 = VECTOR('',#1367,1.);
#1367 = DIRECTION('',(0.,-1.));
#1368 = ( GEOMETRIC_REPRESENTATION_CONTEXT(2) 
PARAMETRIC_REPRESENTATION_CONTEXT() REPRESENTATION_CONTEXT('2D SPACE',''
  ) );
#1369 = PCURVE('',#525,#1370);
#1370 = DEFINITIONAL_REPRESENTATION('',(#1371),#1375);
#1371 = LINE('',#1372,#1373);
#1372 = CARTESIAN_POINT('',(69.5,0.));
#1373 = VECTOR('',#1374,1.);
#1374 = DIRECTION('',(0.,1.));
#1375 = ( GEOMETRIC_REPRESENTATION_CONTEXT(2) 
PARAMETRIC_REPRESENTATION_CONTEXT() REPRESENTATION_CONTEXT('2D SPACE',''
  ) );
#1376 = ORIENTED_EDGE('',*,*,#1377,.F.);
#1377 = EDGE_CURVE('',#1378,#1355,#1380,.T.);
#1378 = VERTEX_POINT('',#1379);
#1379 = CARTESIAN_POINT('',(166.1,-146.9,-4.2));
#1380 = SURFACE_CURVE('',#1381,(#1385,#1392),.PCURVE_S1.);
#1381 = LINE('',#1382,#1383);
#1382 = CARTESIAN_POINT('',(166.1,-146.9,-4.2));
#1383 = VECTOR('',#1384,1.);
#1384 = DIRECTION('',(0.,0.,1.));
#1385 = PCURVE('',#1261,#1386);
#1386 = DEFINITIONAL_REPRESENTATION('',(#1387),#1391);
#1387 = LINE('',#1388,#1389);
#1388 = CARTESIAN_POINT('',(0.,-3.));
#1389 = VECTOR('',#1390,1.);
#1390 = DIRECTION('',(1.,0.));
#1391 = ( GEOMETRIC_REPRESENTATION_CONTEXT(2) 
PARAMETRIC_REPRESENTATION_CONTEXT() REPRESENTATION_CONTEXT('2D SPACE',''
  ) );
#1392 = PCURVE('',#551,#1393);
#1393 = DEFINITIONAL_REPRESENTATION('',(#1394),#1398);
#1394 = LINE('',#1395,#1396);
#1395 = CARTESIAN_POINT('',(-0.,0.));
#1396 = VECTOR('',#1397,1.);
#1397 = DIRECTION('',(-0.,1.));
#1398 = ( GEOMETRIC_REPRESENTATION_CONTEXT(2) 
PARAMETRIC_REPRESENTATION_CONTEXT() REPRESENTATION_CONTEXT('2D SPACE',''
  ) );
#1399 = ORIENTED_EDGE('',*,*,#1400,.T.);
#1400 = EDGE_CURVE('',#1378,#1401,#1403,.T.);
#1401 = VERTEX_POINT('',#1402);
#1402 = CARTESIAN_POINT('',(166.1,-100.1,-4.2));
#1403 = SURFACE_CURVE('',#1404,(#1408,#1415),.PCURVE_S1.);
#1404 = LINE('',#1405,#1406);
#1405 = CARTESIAN_POINT('',(166.1,-149.9,-4.2));
#1406 = VECTOR('',#1407,1.);
#1407 = DIRECTION('',(0.,1.,0.));
#1408 = PCURVE('',#1261,#1409);
#1409 = DEFINITIONAL_REPRESENTATION('',(#1410),#1414);
#1410 = LINE('',#1411,#1412);
#1411 = CARTESIAN_POINT('',(0.,0.));
#1412 = VECTOR('',#1413,1.);
#1413 = DIRECTION('',(0.,-1.));
#1414 = ( GEOMETRIC_REPRESENTATION_CONTEXT(2) 
PARAMETRIC_REPRESENTATION_CONTEXT() REPRESENTATION_CONTEXT('2D SPACE',''
  ) );
#1415 = PCURVE('',#100,#1416);
#1416 = DEFINITIONAL_REPRESENTATION('',(#1417),#1421);
#1417 = LINE('',#1418,#1419);
#1418 = CARTESIAN_POINT('',(69.5,0.));
#1419 = VECTOR('',#1420,1.);
#1420 = DIRECTION('',(0.,1.));
#1421 = ( GEOMETRIC_REPRESENTATION_CONTEXT(2) 
PARAMETRIC_REPRESENTATION_CONTEXT() REPRESENTATION_CONTEXT('2D SPACE',''
  ) );
#1422 = ORIENTED_EDGE('',*,*,#1423,.T.);
#1423 = EDGE_CURVE('',#1401,#1283,#1424,.T.);
#1424 = SURFACE_CURVE('',#1425,(#1429,#1436),.PCURVE_S1.);
#1425 = LINE('',#1426,#1427);
#1426 = CARTESIAN_POINT('',(166.1,-100.1,-4.2));
#1427 = VECTOR('',#1428,1.);
#1428 = DIRECTION('',(0.,0.,1.));
#1429 = PCURVE('',#1261,#1430);
#1430 = DEFINITIONAL_REPRESENTATION('',(#1431),#1435);
#1431 = LINE('',#1432,#1433);
#1432 = CARTESIAN_POINT('',(0.,-49.8));
#1433 = VECTOR('',#1434,1.);
#1434 = DIRECTION('',(1.,0.));
#1435 = ( GEOMETRIC_REPRESENTATION_CONTEXT(2) 
PARAMETRIC_REPRESENTATION_CONTEXT() REPRESENTATION_CONTEXT('2D SPACE',''
  ) );
#1436 = PCURVE('',#1437,#1442);
#1437 = CYLINDRICAL_SURFACE('',#1438,3.);
#1438 = AXIS2_PLACEMENT_3D('',#1439,#1440,#1441);
#1439 = CARTESIAN_POINT('',(163.1,-100.1,-4.2));
#1440 = DIRECTION('',(0.,0.,1.));
#1441 = DIRECTION('',(1.,0.,-0.));
#1442 = DEFINITIONAL_REPRESENTATION('',(#1443),#1447);
#1443 = LINE('',#1444,#1445);
#1444 = CARTESIAN_POINT('',(0.,0.));
#1445 = VECTOR('',#1446,1.);
#1446 = DIRECTION('',(0.,1.));
#1447 = ( GEOMETRIC_REPRESENTATION_CONTEXT(2) 
PARAMETRIC_REPRESENTATION_CONTEXT() REPRESENTATION_CONTEXT('2D SPACE',''
  ) );
#1448 = ADVANCED_FACE('',(#1449),#1437,.T.);
#1449 = FACE_BOUND('',#1450,.T.);
#1450 = EDGE_LOOP('',(#1451,#1475,#1503,#1525));
#1451 = ORIENTED_EDGE('',*,*,#1452,.T.);
#1452 = EDGE_CURVE('',#1401,#1453,#1455,.T.);
#1453 = VERTEX_POINT('',#1454);
#1454 = CARTESIAN_POINT('',(163.1,-97.1,-4.2));
#1455 = SURFACE_CURVE('',#1456,(#1461,#1468),.PCURVE_S1.);
#1456 = CIRCLE('',#1457,3.);
#1457 = AXIS2_PLACEMENT_3D('',#1458,#1459,#1460);
#1458 = CARTESIAN_POINT('',(163.1,-100.1,-4.2));
#1459 = DIRECTION('',(0.,0.,1.));
#1460 = DIRECTION('',(0.,-1.,0.));
#1461 = PCURVE('',#1437,#1462);
#1462 = DEFINITIONAL_REPRESENTATION('',(#1463),#1467);
#1463 = LINE('',#1464,#1465);
#1464 = CARTESIAN_POINT('',(-1.570796326795,0.));
#1465 = VECTOR('',#1466,1.);
#1466 = DIRECTION('',(1.,0.));
#1467 = ( GEOMETRIC_REPRESENTATION_CONTEXT(2) 
PARAMETRIC_REPRESENTATION_CONTEXT() REPRESENTATION_CONTEXT('2D SPACE',''
  ) );
#1468 = PCURVE('',#100,#1469);
#1469 = DEFINITIONAL_REPRESENTATION('',(#1470),#1474);
#1470 = CIRCLE('',#1471,3.);
#1471 = AXIS2_PLACEMENT_2D('',#1472,#1473);
#1472 = CARTESIAN_POINT('',(66.5,49.8));
#1473 = DIRECTION('',(0.,-1.));
#1474 = ( GEOMETRIC_REPRESENTATION_CONTEXT(2) 
PARAMETRIC_REPRESENTATION_CONTEXT() REPRESENTATION_CONTEXT('2D SPACE',''
  ) );
#1475 = ORIENTED_EDGE('',*,*,#1476,.T.);
#1476 = EDGE_CURVE('',#1453,#1477,#1479,.T.);
#1477 = VERTEX_POINT('',#1478);
#1478 = CARTESIAN_POINT('',(163.1,-97.1,2.1));
#1479 = SURFACE_CURVE('',#1480,(#1484,#1491),.PCURVE_S1.);
#1480 = LINE('',#1481,#1482);
#1481 = CARTESIAN_POINT('',(163.1,-97.1,-4.2));
#1482 = VECTOR('',#1483,1.);
#1483 = DIRECTION('',(0.,0.,1.));
#1484 = PCURVE('',#1437,#1485);
#1485 = DEFINITIONAL_REPRESENTATION('',(#1486),#1490);
#1486 = LINE('',#1487,#1488);
#1487 = CARTESIAN_POINT('',(1.570796326795,0.));
#1488 = VECTOR('',#1489,1.);
#1489 = DIRECTION('',(0.,1.));
#1490 = ( GEOMETRIC_REPRESENTATION_CONTEXT(2) 
PARAMETRIC_REPRESENTATION_CONTEXT() REPRESENTATION_CONTEXT('2D SPACE',''
  ) );
#1491 = PCURVE('',#1492,#1497);
#1492 = PLANE('',#1493);
#1493 = AXIS2_PLACEMENT_3D('',#1494,#1495,#1496);
#1494 = CARTESIAN_POINT('',(96.6,-97.1,-4.2));
#1495 = DIRECTION('',(0.,1.,0.));
#1496 = DIRECTION('',(0.,0.,1.));
#1497 = DEFINITIONAL_REPRESENTATION('',(#1498),#1502);
#1498 = LINE('',#1499,#1500);
#1499 = CARTESIAN_POINT('',(0.,66.5));
#1500 = VECTOR('',#1501,1.);
#1501 = DIRECTION('',(1.,0.));
#1502 = ( GEOMETRIC_REPRESENTATION_CONTEXT(2) 
PARAMETRIC_REPRESENTATION_CONTEXT() REPRESENTATION_CONTEXT('2D SPACE',''
  ) );
#1503 = ORIENTED_EDGE('',*,*,#1504,.F.);
#1504 = EDGE_CURVE('',#1283,#1477,#1505,.T.);
#1505 = SURFACE_CURVE('',#1506,(#1511,#1518),.PCURVE_S1.);
#1506 = CIRCLE('',#1507,3.);
#1507 = AXIS2_PLACEMENT_3D('',#1508,#1509,#1510);
#1508 = CARTESIAN_POINT('',(163.1,-100.1,2.1));
#1509 = DIRECTION('',(0.,0.,1.));
#1510 = DIRECTION('',(0.,-1.,0.));
#1511 = PCURVE('',#1437,#1512);
#1512 = DEFINITIONAL_REPRESENTATION('',(#1513),#1517);
#1513 = LINE('',#1514,#1515);
#1514 = CARTESIAN_POINT('',(-1.570796326795,6.3));
#1515 = VECTOR('',#1516,1.);
#1516 = DIRECTION('',(1.,0.));
#1517 = ( GEOMETRIC_REPRESENTATION_CONTEXT(2) 
PARAMETRIC_REPRESENTATION_CONTEXT() REPRESENTATION_CONTEXT('2D SPACE',''
  ) );
#1518 = PCURVE('',#156,#1519);
#1519 = DEFINITIONAL_REPRESENTATION('',(#1520),#1524);
#1520 = CIRCLE('',#1521,3.);
#1521 = AXIS2_PLACEMENT_2D('',#1522,#1523);
#1522 = CARTESIAN_POINT('',(66.5,49.8));
#1523 = DIRECTION('',(0.,-1.));
#1524 = ( GEOMETRIC_REPRESENTATION_CONTEXT(2) 
PARAMETRIC_REPRESENTATION_CONTEXT() REPRESENTATION_CONTEXT('2D SPACE',''
  ) );
#1525 = ORIENTED_EDGE('',*,*,#1423,.F.);
#1526 = ADVANCED_FACE('',(#1527),#1492,.T.);
#1527 = FACE_BOUND('',#1528,.T.);
#1528 = EDGE_LOOP('',(#1529,#1552,#1575,#1596));
#1529 = ORIENTED_EDGE('',*,*,#1530,.F.);
#1530 = EDGE_CURVE('',#1531,#1453,#1533,.T.);
#1531 = VERTEX_POINT('',#1532);
#1532 = CARTESIAN_POINT('',(99.6,-97.1,-4.2));
#1533 = SURFACE_CURVE('',#1534,(#1538,#1545),.PCURVE_S1.);
#1534 = LINE('',#1535,#1536);
#1535 = CARTESIAN_POINT('',(96.6,-97.1,-4.2));
#1536 = VECTOR('',#1537,1.);
#1537 = DIRECTION('',(1.,0.,0.));
#1538 = PCURVE('',#1492,#1539);
#1539 = DEFINITIONAL_REPRESENTATION('',(#1540),#1544);
#1540 = LINE('',#1541,#1542);
#1541 = CARTESIAN_POINT('',(0.,0.));
#1542 = VECTOR('',#1543,1.);
#1543 = DIRECTION('',(0.,1.));
#1544 = ( GEOMETRIC_REPRESENTATION_CONTEXT(2) 
PARAMETRIC_REPRESENTATION_CONTEXT() REPRESENTATION_CONTEXT('2D SPACE',''
  ) );
#1545 = PCURVE('',#100,#1546);
#1546 = DEFINITIONAL_REPRESENTATION('',(#1547),#1551);
#1547 = LINE('',#1548,#1549);
#1548 = CARTESIAN_POINT('',(0.,52.8));
#1549 = VECTOR('',#1550,1.);
#1550 = DIRECTION('',(1.,0.));
#1551 = ( GEOMETRIC_REPRESENTATION_CONTEXT(2) 
PARAMETRIC_REPRESENTATION_CONTEXT() REPRESENTATION_CONTEXT('2D SPACE',''
  ) );
#1552 = ORIENTED_EDGE('',*,*,#1553,.T.);
#1553 = EDGE_CURVE('',#1531,#1554,#1556,.T.);
#1554 = VERTEX_POINT('',#1555);
#1555 = CARTESIAN_POINT('',(99.6,-97.1,2.1));
#1556 = SURFACE_CURVE('',#1557,(#1561,#1568),.PCURVE_S1.);
#1557 = LINE('',#1558,#1559);
#1558 = CARTESIAN_POINT('',(99.6,-97.1,-4.2));
#1559 = VECTOR('',#1560,1.);
#1560 = DIRECTION('',(0.,0.,1.));
#1561 = PCURVE('',#1492,#1562);
#1562 = DEFINITIONAL_REPRESENTATION('',(#1563),#1567);
#1563 = LINE('',#1564,#1565);
#1564 = CARTESIAN_POINT('',(0.,3.));
#1565 = VECTOR('',#1566,1.);
#1566 = DIRECTION('',(1.,0.));
#1567 = ( GEOMETRIC_REPRESENTATION_CONTEXT(2) 
PARAMETRIC_REPRESENTATION_CONTEXT() REPRESENTATION_CONTEXT('2D SPACE',''
  ) );
#1568 = PCURVE('',#128,#1569);
#1569 = DEFINITIONAL_REPRESENTATION('',(#1570),#1574);
#1570 = LINE('',#1571,#1572);
#1571 = CARTESIAN_POINT('',(-1.570796326795,0.));
#1572 = VECTOR('',#1573,1.);
#1573 = DIRECTION('',(-0.,1.));
#1574 = ( GEOMETRIC_REPRESENTATION_CONTEXT(2) 
PARAMETRIC_REPRESENTATION_CONTEXT() REPRESENTATION_CONTEXT('2D SPACE',''
  ) );
#1575 = ORIENTED_EDGE('',*,*,#1576,.T.);
#1576 = EDGE_CURVE('',#1554,#1477,#1577,.T.);
#1577 = SURFACE_CURVE('',#1578,(#1582,#1589),.PCURVE_S1.);
#1578 = LINE('',#1579,#1580);
#1579 = CARTESIAN_POINT('',(96.6,-97.1,2.1));
#1580 = VECTOR('',#1581,1.);
#1581 = DIRECTION('',(1.,0.,0.));
#1582 = PCURVE('',#1492,#1583);
#1583 = DEFINITIONAL_REPRESENTATION('',(#1584),#1588);
#1584 = LINE('',#1585,#1586);
#1585 = CARTESIAN_POINT('',(6.3,0.));
#1586 = VECTOR('',#1587,1.);
#1587 = DIRECTION('',(0.,1.));
#1588 = ( GEOMETRIC_REPRESENTATION_CONTEXT(2) 
PARAMETRIC_REPRESENTATION_CONTEXT() REPRESENTATION_CONTEXT('2D SPACE',''
  ) );
#1589 = PCURVE('',#156,#1590);
#1590 = DEFINITIONAL_REPRESENTATION('',(#1591),#1595);
#1591 = LINE('',#1592,#1593);
#1592 = CARTESIAN_POINT('',(0.,52.8));
#1593 = VECTOR('',#1594,1.);
#1594 = DIRECTION('',(1.,0.));
#1595 = ( GEOMETRIC_REPRESENTATION_CONTEXT(2) 
PARAMETRIC_REPRESENTATION_CONTEXT() REPRESENTATION_CONTEXT('2D SPACE',''
  ) );
#1596 = ORIENTED_EDGE('',*,*,#1476,.F.);
#1597 = ADVANCED_FACE('',(#1598),#1210,.T.);
#1598 = FACE_BOUND('',#1599,.T.);
#1599 = EDGE_LOOP('',(#1600,#1623,#1651,#1672));
#1600 = ORIENTED_EDGE('',*,*,#1601,.F.);
#1601 = EDGE_CURVE('',#1602,#1174,#1604,.T.);
#1602 = VERTEX_POINT('',#1603);
#1603 = CARTESIAN_POINT('',(164.7,-146.7,3.3));
#1604 = SURFACE_CURVE('',#1605,(#1609,#1616),.PCURVE_S1.);
#1605 = LINE('',#1606,#1607);
#1606 = CARTESIAN_POINT('',(164.7,-148.5,3.3));
#1607 = VECTOR('',#1608,1.);
#1608 = DIRECTION('',(0.,1.,0.));
#1609 = PCURVE('',#1210,#1610);
#1610 = DEFINITIONAL_REPRESENTATION('',(#1611),#1615);
#1611 = LINE('',#1612,#1613);
#1612 = CARTESIAN_POINT('',(1.2,0.));
#1613 = VECTOR('',#1614,1.);
#1614 = DIRECTION('',(0.,-1.));
#1615 = ( GEOMETRIC_REPRESENTATION_CONTEXT(2) 
PARAMETRIC_REPRESENTATION_CONTEXT() REPRESENTATION_CONTEXT('2D SPACE',''
  ) );
#1616 = PCURVE('',#631,#1617);
#1617 = DEFINITIONAL_REPRESENTATION('',(#1618),#1622);
#1618 = LINE('',#1619,#1620);
#1619 = CARTESIAN_POINT('',(66.7,0.));
#1620 = VECTOR('',#1621,1.);
#1621 = DIRECTION('',(0.,1.));
#1622 = ( GEOMETRIC_REPRESENTATION_CONTEXT(2) 
PARAMETRIC_REPRESENTATION_CONTEXT() REPRESENTATION_CONTEXT('2D SPACE',''
  ) );
#1623 = ORIENTED_EDGE('',*,*,#1624,.F.);
#1624 = EDGE_CURVE('',#1625,#1602,#1627,.T.);
#1625 = VERTEX_POINT('',#1626);
#1626 = CARTESIAN_POINT('',(164.7,-146.7,2.1));
#1627 = SURFACE_CURVE('',#1628,(#1632,#1639),.PCURVE_S1.);
#1628 = LINE('',#1629,#1630);
#1629 = CARTESIAN_POINT('',(164.7,-146.7,2.1));
#1630 = VECTOR('',#1631,1.);
#1631 = DIRECTION('',(0.,0.,1.));
#1632 = PCURVE('',#1210,#1633);
#1633 = DEFINITIONAL_REPRESENTATION('',(#1634),#1638);
#1634 = LINE('',#1635,#1636);
#1635 = CARTESIAN_POINT('',(0.,-1.8));
#1636 = VECTOR('',#1637,1.);
#1637 = DIRECTION('',(1.,0.));
#1638 = ( GEOMETRIC_REPRESENTATION_CONTEXT(2) 
PARAMETRIC_REPRESENTATION_CONTEXT() REPRESENTATION_CONTEXT('2D SPACE',''
  ) );
#1639 = PCURVE('',#1640,#1645);
#1640 = CYLINDRICAL_SURFACE('',#1641,1.8);
#1641 = AXIS2_PLACEMENT_3D('',#1642,#1643,#1644);
#1642 = CARTESIAN_POINT('',(162.9,-146.7,2.1));
#1643 = DIRECTION('',(0.,0.,1.));
#1644 = DIRECTION('',(1.,0.,-0.));
#1645 = DEFINITIONAL_REPRESENTATION('',(#1646),#1650);
#1646 = LINE('',#1647,#1648);
#1647 = CARTESIAN_POINT('',(-0.,0.));
#1648 = VECTOR('',#1649,1.);
#1649 = DIRECTION('',(-0.,1.));
#1650 = ( GEOMETRIC_REPRESENTATION_CONTEXT(2) 
PARAMETRIC_REPRESENTATION_CONTEXT() REPRESENTATION_CONTEXT('2D SPACE',''
  ) );
#1651 = ORIENTED_EDGE('',*,*,#1652,.T.);
#1652 = EDGE_CURVE('',#1625,#1195,#1653,.T.);
#1653 = SURFACE_CURVE('',#1654,(#1658,#1665),.PCURVE_S1.);
#1654 = LINE('',#1655,#1656);
#1655 = CARTESIAN_POINT('',(164.7,-148.5,2.1));
#1656 = VECTOR('',#1657,1.);
#1657 = DIRECTION('',(0.,1.,0.));
#1658 = PCURVE('',#1210,#1659);
#1659 = DEFINITIONAL_REPRESENTATION('',(#1660),#1664);
#1660 = LINE('',#1661,#1662);
#1661 = CARTESIAN_POINT('',(0.,0.));
#1662 = VECTOR('',#1663,1.);
#1663 = DIRECTION('',(0.,-1.));
#1664 = ( GEOMETRIC_REPRESENTATION_CONTEXT(2) 
PARAMETRIC_REPRESENTATION_CONTEXT() REPRESENTATION_CONTEXT('2D SPACE',''
  ) );
#1665 = PCURVE('',#525,#1666);
#1666 = DEFINITIONAL_REPRESENTATION('',(#1667),#1671);
#1667 = LINE('',#1668,#1669);
#1668 = CARTESIAN_POINT('',(68.1,1.4));
#1669 = VECTOR('',#1670,1.);
#1670 = DIRECTION('',(0.,1.));
#1671 = ( GEOMETRIC_REPRESENTATION_CONTEXT(2) 
PARAMETRIC_REPRESENTATION_CONTEXT() REPRESENTATION_CONTEXT('2D SPACE',''
  ) );
#1672 = ORIENTED_EDGE('',*,*,#1194,.T.);
#1673 = ADVANCED_FACE('',(#1674),#1640,.T.);
#1674 = FACE_BOUND('',#1675,.F.);
#1675 = EDGE_LOOP('',(#1676,#1704,#1727,#1753));
#1676 = ORIENTED_EDGE('',*,*,#1677,.T.);
#1677 = EDGE_CURVE('',#1625,#1678,#1680,.T.);
#1678 = VERTEX_POINT('',#1679);
#1679 = CARTESIAN_POINT('',(162.9,-148.5,2.1));
#1680 = SURFACE_CURVE('',#1681,(#1686,#1693),.PCURVE_S1.);
#1681 = CIRCLE('',#1682,1.8);
#1682 = AXIS2_PLACEMENT_3D('',#1683,#1684,#1685);
#1683 = CARTESIAN_POINT('',(162.9,-146.7,2.1));
#1684 = DIRECTION('',(-0.,-0.,-1.));
#1685 = DIRECTION('',(0.,-1.,0.));
#1686 = PCURVE('',#1640,#1687);
#1687 = DEFINITIONAL_REPRESENTATION('',(#1688),#1692);
#1688 = LINE('',#1689,#1690);
#1689 = CARTESIAN_POINT('',(4.712388980385,-0.));
#1690 = VECTOR('',#1691,1.);
#1691 = DIRECTION('',(-1.,0.));
#1692 = ( GEOMETRIC_REPRESENTATION_CONTEXT(2) 
PARAMETRIC_REPRESENTATION_CONTEXT() REPRESENTATION_CONTEXT('2D SPACE',''
  ) );
#1693 = PCURVE('',#525,#1694);
#1694 = DEFINITIONAL_REPRESENTATION('',(#1695),#1703);
#1695 = ( BOUNDED_CURVE() B_SPLINE_CURVE(2,(#1696,#1697,#1698,#1699,
#1700,#1701,#1702),.UNSPECIFIED.,.T.,.F.) B_SPLINE_CURVE_WITH_KNOTS((1,2
    ,2,2,2,1),(-2.094395102393,0.,2.094395102393,4.188790204786,
6.28318530718,8.377580409573),.UNSPECIFIED.) CURVE() 
GEOMETRIC_REPRESENTATION_ITEM() RATIONAL_B_SPLINE_CURVE((1.,0.5,1.,0.5,
1.,0.5,1.)) REPRESENTATION_ITEM('') );
#1696 = CARTESIAN_POINT('',(66.3,1.4));
#1697 = CARTESIAN_POINT('',(63.182308546376,1.4));
#1698 = CARTESIAN_POINT('',(64.741154273188,4.1));
#1699 = CARTESIAN_POINT('',(66.3,6.8));
#1700 = CARTESIAN_POINT('',(67.858845726812,4.1));
#1701 = CARTESIAN_POINT('',(69.417691453624,1.4));
#1702 = CARTESIAN_POINT('',(66.3,1.4));
#1703 = ( GEOMETRIC_REPRESENTATION_CONTEXT(2) 
PARAMETRIC_REPRESENTATION_CONTEXT() REPRESENTATION_CONTEXT('2D SPACE',''
  ) );
#1704 = ORIENTED_EDGE('',*,*,#1705,.T.);
#1705 = EDGE_CURVE('',#1678,#1706,#1708,.T.);
#1706 = VERTEX_POINT('',#1707);
#1707 = CARTESIAN_POINT('',(162.9,-148.5,3.3));
#1708 = SURFACE_CURVE('',#1709,(#1713,#1720),.PCURVE_S1.);
#1709 = LINE('',#1710,#1711);
#1710 = CARTESIAN_POINT('',(162.9,-148.5,2.1));
#1711 = VECTOR('',#1712,1.);
#1712 = DIRECTION('',(0.,0.,1.));
#1713 = PCURVE('',#1640,#1714);
#1714 = DEFINITIONAL_REPRESENTATION('',(#1715),#1719);
#1715 = LINE('',#1716,#1717);
#1716 = CARTESIAN_POINT('',(-1.570796326795,0.));
#1717 = VECTOR('',#1718,1.);
#1718 = DIRECTION('',(-0.,1.));
#1719 = ( GEOMETRIC_REPRESENTATION_CONTEXT(2) 
PARAMETRIC_REPRESENTATION_CONTEXT() REPRESENTATION_CONTEXT('2D SPACE',''
  ) );
#1720 = PCURVE('',#657,#1721);
#1721 = DEFINITIONAL_REPRESENTATION('',(#1722),#1726);
#1722 = LINE('',#1723,#1724);
#1723 = CARTESIAN_POINT('',(0.,64.9));
#1724 = VECTOR('',#1725,1.);
#1725 = DIRECTION('',(1.,0.));
#1726 = ( GEOMETRIC_REPRESENTATION_CONTEXT(2) 
PARAMETRIC_REPRESENTATION_CONTEXT() REPRESENTATION_CONTEXT('2D SPACE',''
  ) );
#1727 = ORIENTED_EDGE('',*,*,#1728,.F.);
#1728 = EDGE_CURVE('',#1602,#1706,#1729,.T.);
#1729 = SURFACE_CURVE('',#1730,(#1735,#1742),.PCURVE_S1.);
#1730 = CIRCLE('',#1731,1.8);
#1731 = AXIS2_PLACEMENT_3D('',#1732,#1733,#1734);
#1732 = CARTESIAN_POINT('',(162.9,-146.7,3.3));
#1733 = DIRECTION('',(-0.,-0.,-1.));
#1734 = DIRECTION('',(0.,-1.,0.));
#1735 = PCURVE('',#1640,#1736);
#1736 = DEFINITIONAL_REPRESENTATION('',(#1737),#1741);
#1737 = LINE('',#1738,#1739);
#1738 = CARTESIAN_POINT('',(4.712388980385,1.2));
#1739 = VECTOR('',#1740,1.);
#1740 = DIRECTION('',(-1.,0.));
#1741 = ( GEOMETRIC_REPRESENTATION_CONTEXT(2) 
PARAMETRIC_REPRESENTATION_CONTEXT() REPRESENTATION_CONTEXT('2D SPACE',''
  ) );
#1742 = PCURVE('',#631,#1743);
#1743 = DEFINITIONAL_REPRESENTATION('',(#1744),#1752);
#1744 = ( BOUNDED_CURVE() B_SPLINE_CURVE(2,(#1745,#1746,#1747,#1748,
#1749,#1750,#1751),.UNSPECIFIED.,.T.,.F.) B_SPLINE_CURVE_WITH_KNOTS((1,2
    ,2,2,2,1),(-2.094395102393,0.,2.094395102393,4.188790204786,
6.28318530718,8.377580409573),.UNSPECIFIED.) CURVE() 
GEOMETRIC_REPRESENTATION_ITEM() RATIONAL_B_SPLINE_CURVE((1.,0.5,1.,0.5,
1.,0.5,1.)) REPRESENTATION_ITEM('') );
#1745 = CARTESIAN_POINT('',(64.9,1.132427485118E-14));
#1746 = CARTESIAN_POINT('',(61.782308546376,1.132427485118E-14));
#1747 = CARTESIAN_POINT('',(63.341154273188,2.7));
#1748 = CARTESIAN_POINT('',(64.9,5.4));
#1749 = CARTESIAN_POINT('',(66.458845726812,2.7));
#1750 = CARTESIAN_POINT('',(68.017691453624,1.42108547152E-14));
#1751 = CARTESIAN_POINT('',(64.9,1.132427485118E-14));
#1752 = ( GEOMETRIC_REPRESENTATION_CONTEXT(2) 
PARAMETRIC_REPRESENTATION_CONTEXT() REPRESENTATION_CONTEXT('2D SPACE',''
  ) );
#1753 = ORIENTED_EDGE('',*,*,#1624,.F.);
#1754 = ADVANCED_FACE('',(#1755),#1137,.T.);
#1755 = FACE_BOUND('',#1756,.T.);
#1756 = EDGE_LOOP('',(#1757,#1780,#1781,#1804));
#1757 = ORIENTED_EDGE('',*,*,#1758,.F.);
#1758 = EDGE_CURVE('',#1122,#1759,#1761,.T.);
#1759 = VERTEX_POINT('',#1760);
#1760 = CARTESIAN_POINT('',(164.7,-108.5203476621,3.3));
#1761 = SURFACE_CURVE('',#1762,(#1766,#1773),.PCURVE_S1.);
#1762 = LINE('',#1763,#1764);
#1763 = CARTESIAN_POINT('',(164.7,-148.5,3.3));
#1764 = VECTOR('',#1765,1.);
#1765 = DIRECTION('',(0.,1.,0.));
#1766 = PCURVE('',#1137,#1767);
#1767 = DEFINITIONAL_REPRESENTATION('',(#1768),#1772);
#1768 = LINE('',#1769,#1770);
#1769 = CARTESIAN_POINT('',(1.2,0.));
#1770 = VECTOR('',#1771,1.);
#1771 = DIRECTION('',(0.,-1.));
#1772 = ( GEOMETRIC_REPRESENTATION_CONTEXT(2) 
PARAMETRIC_REPRESENTATION_CONTEXT() REPRESENTATION_CONTEXT('2D SPACE',''
  ) );
#1773 = PCURVE('',#1051,#1774);
#1774 = DEFINITIONAL_REPRESENTATION('',(#1775),#1779);
#1775 = LINE('',#1776,#1777);
#1776 = CARTESIAN_POINT('',(66.7,0.));
#1777 = VECTOR('',#1778,1.);
#1778 = DIRECTION('',(0.,1.));
#1779 = ( GEOMETRIC_REPRESENTATION_CONTEXT(2) 
PARAMETRIC_REPRESENTATION_CONTEXT() REPRESENTATION_CONTEXT('2D SPACE',''
  ) );
#1780 = ORIENTED_EDGE('',*,*,#1121,.T.);
#1781 = ORIENTED_EDGE('',*,*,#1782,.T.);
#1782 = EDGE_CURVE('',#1093,#1783,#1785,.T.);
#1783 = VERTEX_POINT('',#1784);
#1784 = CARTESIAN_POINT('',(164.7,-108.7499999999,2.1));
#1785 = SURFACE_CURVE('',#1786,(#1790,#1797),.PCURVE_S1.);
#1786 = LINE('',#1787,#1788);
#1787 = CARTESIAN_POINT('',(164.7,-148.5,2.1));
#1788 = VECTOR('',#1789,1.);
#1789 = DIRECTION('',(0.,1.,0.));
#1790 = PCURVE('',#1137,#1791);
#1791 = DEFINITIONAL_REPRESENTATION('',(#1792),#1796);
#1792 = LINE('',#1793,#1794);
#1793 = CARTESIAN_POINT('',(0.,0.));
#1794 = VECTOR('',#1795,1.);
#1795 = DIRECTION('',(0.,-1.));
#1796 = ( GEOMETRIC_REPRESENTATION_CONTEXT(2) 
PARAMETRIC_REPRESENTATION_CONTEXT() REPRESENTATION_CONTEXT('2D SPACE',''
  ) );
#1797 = PCURVE('',#1109,#1798);
#1798 = DEFINITIONAL_REPRESENTATION('',(#1799),#1803);
#1799 = LINE('',#1800,#1801);
#1800 = CARTESIAN_POINT('',(68.1,1.4));
#1801 = VECTOR('',#1802,1.);
#1802 = DIRECTION('',(0.,1.));
#1803 = ( GEOMETRIC_REPRESENTATION_CONTEXT(2) 
PARAMETRIC_REPRESENTATION_CONTEXT() REPRESENTATION_CONTEXT('2D SPACE',''
  ) );
#1804 = ORIENTED_EDGE('',*,*,#1805,.T.);
#1805 = EDGE_CURVE('',#1783,#1759,#1806,.T.);
#1806 = SURFACE_CURVE('',#1807,(#1812,#1823),.PCURVE_S1.);
#1807 = CIRCLE('',#1808,3.25);
#1808 = AXIS2_PLACEMENT_3D('',#1809,#1810,#1811);
#1809 = CARTESIAN_POINT('',(164.7,-105.5,2.1));
#1810 = DIRECTION('',(-1.,0.,0.));
#1811 = DIRECTION('',(0.,1.,0.));
#1812 = PCURVE('',#1137,#1813);
#1813 = DEFINITIONAL_REPRESENTATION('',(#1814),#1822);
#1814 = ( BOUNDED_CURVE() B_SPLINE_CURVE(2,(#1815,#1816,#1817,#1818,
#1819,#1820,#1821),.UNSPECIFIED.,.T.,.F.) B_SPLINE_CURVE_WITH_KNOTS((1,2
    ,2,2,2,1),(-2.094395102393,0.,2.094395102393,4.188790204786,
6.28318530718,8.377580409573),.UNSPECIFIED.) CURVE() 
GEOMETRIC_REPRESENTATION_ITEM() RATIONAL_B_SPLINE_CURVE((1.,0.5,1.,0.5,
1.,0.5,1.)) REPRESENTATION_ITEM('') );
#1815 = CARTESIAN_POINT('',(0.,-46.25));
#1816 = CARTESIAN_POINT('',(-5.629165124599,-46.25));
#1817 = CARTESIAN_POINT('',(-2.814582562299,-41.375));
#1818 = CARTESIAN_POINT('',(-7.960204194458E-16,-36.5));
#1819 = CARTESIAN_POINT('',(2.814582562299,-41.375));
#1820 = CARTESIAN_POINT('',(5.629165124599,-46.25));
#1821 = CARTESIAN_POINT('',(0.,-46.25));
#1822 = ( GEOMETRIC_REPRESENTATION_CONTEXT(2) 
PARAMETRIC_REPRESENTATION_CONTEXT() REPRESENTATION_CONTEXT('2D SPACE',''
  ) );
#1823 = PCURVE('',#1023,#1824);
#1824 = DEFINITIONAL_REPRESENTATION('',(#1825),#1828);
#1825 = B_SPLINE_CURVE_WITH_KNOTS('',1,(#1826,#1827),.UNSPECIFIED.,.F.,
  .F.,(2,2),(3.14159265359,3.519773818763),.PIECEWISE_BEZIER_KNOTS.);
#1826 = CARTESIAN_POINT('',(-3.14159265359,-2.));
#1827 = CARTESIAN_POINT('',(-2.763411488416,-2.));
#1828 = ( GEOMETRIC_REPRESENTATION_CONTEXT(2) 
PARAMETRIC_REPRESENTATION_CONTEXT() REPRESENTATION_CONTEXT('2D SPACE',''
  ) );
#1829 = ADVANCED_FACE('',(#1830),#1109,.T.);
#1830 = FACE_BOUND('',#1831,.T.);
#1831 = EDGE_LOOP('',(#1832,#1833,#1834,#1853));
#1832 = ORIENTED_EDGE('',*,*,#1092,.T.);
#1833 = ORIENTED_EDGE('',*,*,#1332,.T.);
#1834 = ORIENTED_EDGE('',*,*,#1835,.T.);
#1835 = EDGE_CURVE('',#1306,#1783,#1836,.T.);
#1836 = SURFACE_CURVE('',#1837,(#1841,#1847),.PCURVE_S1.);
#1837 = LINE('',#1838,#1839);
#1838 = CARTESIAN_POINT('',(162.7,-108.75,2.1));
#1839 = VECTOR('',#1840,1.);
#1840 = DIRECTION('',(-1.,-0.,-0.));
#1841 = PCURVE('',#1109,#1842);
#1842 = DEFINITIONAL_REPRESENTATION('',(#1843),#1846);
#1843 = B_SPLINE_CURVE_WITH_KNOTS('',1,(#1844,#1845),.UNSPECIFIED.,.F.,
  .F.,(2,2),(-6.4000006,5.999999928008E-07),.PIECEWISE_BEZIER_KNOTS.);
#1844 = CARTESIAN_POINT('',(72.5000006,41.15));
#1845 = CARTESIAN_POINT('',(66.0999994,41.15));
#1846 = ( GEOMETRIC_REPRESENTATION_CONTEXT(2) 
PARAMETRIC_REPRESENTATION_CONTEXT() REPRESENTATION_CONTEXT('2D SPACE',''
  ) );
#1847 = PCURVE('',#1023,#1848);
#1848 = DEFINITIONAL_REPRESENTATION('',(#1849),#1852);
#1849 = B_SPLINE_CURVE_WITH_KNOTS('',1,(#1850,#1851),.UNSPECIFIED.,.F.,
  .F.,(2,2),(-3.4,-2.),.PIECEWISE_BEZIER_KNOTS.);
#1850 = CARTESIAN_POINT('',(-3.14159265359,-3.4));
#1851 = CARTESIAN_POINT('',(-3.14159265359,-2.));
#1852 = ( GEOMETRIC_REPRESENTATION_CONTEXT(2) 
PARAMETRIC_REPRESENTATION_CONTEXT() REPRESENTATION_CONTEXT('2D SPACE',''
  ) );
#1853 = ORIENTED_EDGE('',*,*,#1782,.F.);
#1854 = ADVANCED_FACE('',(#1855),#1051,.T.);
#1855 = FACE_BOUND('',#1856,.T.);
#1856 = EDGE_LOOP('',(#1857,#1858,#1859,#1878));
#1857 = ORIENTED_EDGE('',*,*,#1153,.F.);
#1858 = ORIENTED_EDGE('',*,*,#1758,.T.);
#1859 = ORIENTED_EDGE('',*,*,#1860,.T.);
#1860 = EDGE_CURVE('',#1759,#1003,#1861,.T.);
#1861 = SURFACE_CURVE('',#1862,(#1866,#1872),.PCURVE_S1.);
#1862 = LINE('',#1863,#1864);
#1863 = CARTESIAN_POINT('',(162.7,-108.5203476621,3.3));
#1864 = VECTOR('',#1865,1.);
#1865 = DIRECTION('',(-1.,-0.,-0.));
#1866 = PCURVE('',#1051,#1867);
#1867 = DEFINITIONAL_REPRESENTATION('',(#1868),#1871);
#1868 = B_SPLINE_CURVE_WITH_KNOTS('',1,(#1869,#1870),.UNSPECIFIED.,.F.,
  .F.,(2,2),(-6.4000006,5.999999928008E-07),.PIECEWISE_BEZIER_KNOTS.);
#1869 = CARTESIAN_POINT('',(71.1000006,39.979652337892));
#1870 = CARTESIAN_POINT('',(64.6999994,39.979652337892));
#1871 = ( GEOMETRIC_REPRESENTATION_CONTEXT(2) 
PARAMETRIC_REPRESENTATION_CONTEXT() REPRESENTATION_CONTEXT('2D SPACE',''
  ) );
#1872 = PCURVE('',#1023,#1873);
#1873 = DEFINITIONAL_REPRESENTATION('',(#1874),#1877);
#1874 = B_SPLINE_CURVE_WITH_KNOTS('',1,(#1875,#1876),.UNSPECIFIED.,.F.,
  .F.,(2,2),(-2.,-1.),.PIECEWISE_BEZIER_KNOTS.);
#1875 = CARTESIAN_POINT('',(-2.763411488417,-2.));
#1876 = CARTESIAN_POINT('',(-2.763411488417,-1.));
#1877 = ( GEOMETRIC_REPRESENTATION_CONTEXT(2) 
PARAMETRIC_REPRESENTATION_CONTEXT() REPRESENTATION_CONTEXT('2D SPACE',''
  ) );
#1878 = ORIENTED_EDGE('',*,*,#1035,.F.);
#1879 = ADVANCED_FACE('',(#1880),#1023,.F.);
#1880 = FACE_BOUND('',#1881,.T.);
#1881 = EDGE_LOOP('',(#1882,#1904,#1936,#1955,#1956,#1957,#1958,#1959));
#1882 = ORIENTED_EDGE('',*,*,#1883,.F.);
#1883 = EDGE_CURVE('',#1884,#1281,#1886,.T.);
#1884 = VERTEX_POINT('',#1885);
#1885 = CARTESIAN_POINT('',(164.7,-102.25,2.1));
#1886 = SURFACE_CURVE('',#1887,(#1891,#1897),.PCURVE_S1.);
#1887 = LINE('',#1888,#1889);
#1888 = CARTESIAN_POINT('',(162.7,-102.25,2.1));
#1889 = VECTOR('',#1890,1.);
#1890 = DIRECTION('',(1.,0.,0.));
#1891 = PCURVE('',#1023,#1892);
#1892 = DEFINITIONAL_REPRESENTATION('',(#1893),#1896);
#1893 = B_SPLINE_CURVE_WITH_KNOTS('',1,(#1894,#1895),.UNSPECIFIED.,.F.,
  .F.,(2,2),(2.,3.4),.PIECEWISE_BEZIER_KNOTS.);
#1894 = CARTESIAN_POINT('',(-6.28318530718,-2.));
#1895 = CARTESIAN_POINT('',(-6.28318530718,-3.4));
#1896 = ( GEOMETRIC_REPRESENTATION_CONTEXT(2) 
PARAMETRIC_REPRESENTATION_CONTEXT() REPRESENTATION_CONTEXT('2D SPACE',''
  ) );
#1897 = PCURVE('',#156,#1898);
#1898 = DEFINITIONAL_REPRESENTATION('',(#1899),#1903);
#1899 = LINE('',#1900,#1901);
#1900 = CARTESIAN_POINT('',(66.1,47.65));
#1901 = VECTOR('',#1902,1.);
#1902 = DIRECTION('',(1.,0.));
#1903 = ( GEOMETRIC_REPRESENTATION_CONTEXT(2) 
PARAMETRIC_REPRESENTATION_CONTEXT() REPRESENTATION_CONTEXT('2D SPACE',''
  ) );
#1904 = ORIENTED_EDGE('',*,*,#1905,.F.);
#1905 = EDGE_CURVE('',#1906,#1884,#1908,.T.);
#1906 = VERTEX_POINT('',#1907);
#1907 = CARTESIAN_POINT('',(164.7,-102.4796523378,3.3));
#1908 = SURFACE_CURVE('',#1909,(#1914,#1920),.PCURVE_S1.);
#1909 = CIRCLE('',#1910,3.25);
#1910 = AXIS2_PLACEMENT_3D('',#1911,#1912,#1913);
#1911 = CARTESIAN_POINT('',(164.7,-105.5,2.1));
#1912 = DIRECTION('',(-1.,0.,0.));
#1913 = DIRECTION('',(0.,1.,0.));
#1914 = PCURVE('',#1023,#1915);
#1915 = DEFINITIONAL_REPRESENTATION('',(#1916),#1919);
#1916 = B_SPLINE_CURVE_WITH_KNOTS('',1,(#1917,#1918),.UNSPECIFIED.,.F.,
  .F.,(2,2),(5.905004142006,6.28318530718),.PIECEWISE_BEZIER_KNOTS.);
#1917 = CARTESIAN_POINT('',(-6.661366472353,-2.));
#1918 = CARTESIAN_POINT('',(-6.28318530718,-2.));
#1919 = ( GEOMETRIC_REPRESENTATION_CONTEXT(2) 
PARAMETRIC_REPRESENTATION_CONTEXT() REPRESENTATION_CONTEXT('2D SPACE',''
  ) );
#1920 = PCURVE('',#1921,#1926);
#1921 = PLANE('',#1922);
#1922 = AXIS2_PLACEMENT_3D('',#1923,#1924,#1925);
#1923 = CARTESIAN_POINT('',(164.7,-148.5,2.1));
#1924 = DIRECTION('',(1.,0.,0.));
#1925 = DIRECTION('',(0.,0.,1.));
#1926 = DEFINITIONAL_REPRESENTATION('',(#1927),#1935);
#1927 = ( BOUNDED_CURVE() B_SPLINE_CURVE(2,(#1928,#1929,#1930,#1931,
#1932,#1933,#1934),.UNSPECIFIED.,.T.,.F.) B_SPLINE_CURVE_WITH_KNOTS((1,2
    ,2,2,2,1),(-2.094395102393,0.,2.094395102393,4.188790204786,
6.28318530718,8.377580409573),.UNSPECIFIED.) CURVE() 
GEOMETRIC_REPRESENTATION_ITEM() RATIONAL_B_SPLINE_CURVE((1.,0.5,1.,0.5,
1.,0.5,1.)) REPRESENTATION_ITEM('') );
#1928 = CARTESIAN_POINT('',(0.,-46.25));
#1929 = CARTESIAN_POINT('',(-5.629165124599,-46.25));
#1930 = CARTESIAN_POINT('',(-2.814582562299,-41.375));
#1931 = CARTESIAN_POINT('',(-7.960204194458E-16,-36.5));
#1932 = CARTESIAN_POINT('',(2.814582562299,-41.375));
#1933 = CARTESIAN_POINT('',(5.629165124599,-46.25));
#1934 = CARTESIAN_POINT('',(0.,-46.25));
#1935 = ( GEOMETRIC_REPRESENTATION_CONTEXT(2) 
PARAMETRIC_REPRESENTATION_CONTEXT() REPRESENTATION_CONTEXT('2D SPACE',''
  ) );
#1936 = ORIENTED_EDGE('',*,*,#1937,.T.);
#1937 = EDGE_CURVE('',#1906,#976,#1938,.T.);
#1938 = SURFACE_CURVE('',#1939,(#1943,#1949),.PCURVE_S1.);
#1939 = LINE('',#1940,#1941);
#1940 = CARTESIAN_POINT('',(162.7,-102.4796523378,3.3));
#1941 = VECTOR('',#1942,1.);
#1942 = DIRECTION('',(-1.,-0.,-0.));
#1943 = PCURVE('',#1023,#1944);
#1944 = DEFINITIONAL_REPRESENTATION('',(#1945),#1948);
#1945 = B_SPLINE_CURVE_WITH_KNOTS('',1,(#1946,#1947),.UNSPECIFIED.,.F.,
  .F.,(2,2),(-2.,-1.),.PIECEWISE_BEZIER_KNOTS.);
#1946 = CARTESIAN_POINT('',(-6.661366472353,-2.));
#1947 = CARTESIAN_POINT('',(-6.661366472353,-1.));
#1948 = ( GEOMETRIC_REPRESENTATION_CONTEXT(2) 
PARAMETRIC_REPRESENTATION_CONTEXT() REPRESENTATION_CONTEXT('2D SPACE',''
  ) );
#1949 = PCURVE('',#991,#1950);
#1950 = DEFINITIONAL_REPRESENTATION('',(#1951),#1954);
#1951 = B_SPLINE_CURVE_WITH_KNOTS('',1,(#1952,#1953),.UNSPECIFIED.,.F.,
  .F.,(2,2),(-6.4000006,5.999999928008E-07),.PIECEWISE_BEZIER_KNOTS.);
#1952 = CARTESIAN_POINT('',(71.1000006,46.020347662108));
#1953 = CARTESIAN_POINT('',(64.6999994,46.020347662108));
#1954 = ( GEOMETRIC_REPRESENTATION_CONTEXT(2) 
PARAMETRIC_REPRESENTATION_CONTEXT() REPRESENTATION_CONTEXT('2D SPACE',''
  ) );
#1955 = ORIENTED_EDGE('',*,*,#1002,.T.);
#1956 = ORIENTED_EDGE('',*,*,#1860,.F.);
#1957 = ORIENTED_EDGE('',*,*,#1805,.F.);
#1958 = ORIENTED_EDGE('',*,*,#1835,.F.);
#1959 = ORIENTED_EDGE('',*,*,#1305,.F.);
#1960 = ADVANCED_FACE('',(#1961),#1921,.T.);
#1961 = FACE_BOUND('',#1962,.T.);
#1962 = EDGE_LOOP('',(#1963,#1986,#1987,#2010));
#1963 = ORIENTED_EDGE('',*,*,#1964,.F.);
#1964 = EDGE_CURVE('',#1906,#1965,#1967,.T.);
#1965 = VERTEX_POINT('',#1966);
#1966 = CARTESIAN_POINT('',(164.7,-100.3,3.3));
#1967 = SURFACE_CURVE('',#1968,(#1972,#1979),.PCURVE_S1.);
#1968 = LINE('',#1969,#1970);
#1969 = CARTESIAN_POINT('',(164.7,-148.5,3.3));
#1970 = VECTOR('',#1971,1.);
#1971 = DIRECTION('',(0.,1.,0.));
#1972 = PCURVE('',#1921,#1973);
#1973 = DEFINITIONAL_REPRESENTATION('',(#1974),#1978);
#1974 = LINE('',#1975,#1976);
#1975 = CARTESIAN_POINT('',(1.2,0.));
#1976 = VECTOR('',#1977,1.);
#1977 = DIRECTION('',(0.,-1.));
#1978 = ( GEOMETRIC_REPRESENTATION_CONTEXT(2) 
PARAMETRIC_REPRESENTATION_CONTEXT() REPRESENTATION_CONTEXT('2D SPACE',''
  ) );
#1979 = PCURVE('',#991,#1980);
#1980 = DEFINITIONAL_REPRESENTATION('',(#1981),#1985);
#1981 = LINE('',#1982,#1983);
#1982 = CARTESIAN_POINT('',(66.7,0.));
#1983 = VECTOR('',#1984,1.);
#1984 = DIRECTION('',(0.,1.));
#1985 = ( GEOMETRIC_REPRESENTATION_CONTEXT(2) 
PARAMETRIC_REPRESENTATION_CONTEXT() REPRESENTATION_CONTEXT('2D SPACE',''
  ) );
#1986 = ORIENTED_EDGE('',*,*,#1905,.T.);
#1987 = ORIENTED_EDGE('',*,*,#1988,.T.);
#1988 = EDGE_CURVE('',#1884,#1989,#1991,.T.);
#1989 = VERTEX_POINT('',#1990);
#1990 = CARTESIAN_POINT('',(164.7,-100.3,2.1));
#1991 = SURFACE_CURVE('',#1992,(#1996,#2003),.PCURVE_S1.);
#1992 = LINE('',#1993,#1994);
#1993 = CARTESIAN_POINT('',(164.7,-148.5,2.1));
#1994 = VECTOR('',#1995,1.);
#1995 = DIRECTION('',(0.,1.,0.));
#1996 = PCURVE('',#1921,#1997);
#1997 = DEFINITIONAL_REPRESENTATION('',(#1998),#2002);
#1998 = LINE('',#1999,#2000);
#1999 = CARTESIAN_POINT('',(0.,0.));
#2000 = VECTOR('',#2001,1.);
#2001 = DIRECTION('',(0.,-1.));
#2002 = ( GEOMETRIC_REPRESENTATION_CONTEXT(2) 
PARAMETRIC_REPRESENTATION_CONTEXT() REPRESENTATION_CONTEXT('2D SPACE',''
  ) );
#2003 = PCURVE('',#156,#2004);
#2004 = DEFINITIONAL_REPRESENTATION('',(#2005),#2009);
#2005 = LINE('',#2006,#2007);
#2006 = CARTESIAN_POINT('',(68.1,1.4));
#2007 = VECTOR('',#2008,1.);
#2008 = DIRECTION('',(0.,1.));
#2009 = ( GEOMETRIC_REPRESENTATION_CONTEXT(2) 
PARAMETRIC_REPRESENTATION_CONTEXT() REPRESENTATION_CONTEXT('2D SPACE',''
  ) );
#2010 = ORIENTED_EDGE('',*,*,#2011,.T.);
#2011 = EDGE_CURVE('',#1989,#1965,#2012,.T.);
#2012 = SURFACE_CURVE('',#2013,(#2017,#2024),.PCURVE_S1.);
#2013 = LINE('',#2014,#2015);
#2014 = CARTESIAN_POINT('',(164.7,-100.3,2.1));
#2015 = VECTOR('',#2016,1.);
#2016 = DIRECTION('',(0.,0.,1.));
#2017 = PCURVE('',#1921,#2018);
#2018 = DEFINITIONAL_REPRESENTATION('',(#2019),#2023);
#2019 = LINE('',#2020,#2021);
#2020 = CARTESIAN_POINT('',(0.,-48.2));
#2021 = VECTOR('',#2022,1.);
#2022 = DIRECTION('',(1.,0.));
#2023 = ( GEOMETRIC_REPRESENTATION_CONTEXT(2) 
PARAMETRIC_REPRESENTATION_CONTEXT() REPRESENTATION_CONTEXT('2D SPACE',''
  ) );
#2024 = PCURVE('',#2025,#2030);
#2025 = CYLINDRICAL_SURFACE('',#2026,1.8);
#2026 = AXIS2_PLACEMENT_3D('',#2027,#2028,#2029);
#2027 = CARTESIAN_POINT('',(162.9,-100.3,2.1));
#2028 = DIRECTION('',(0.,0.,1.));
#2029 = DIRECTION('',(1.,0.,-0.));
#2030 = DEFINITIONAL_REPRESENTATION('',(#2031),#2035);
#2031 = LINE('',#2032,#2033);
#2032 = CARTESIAN_POINT('',(0.,0.));
#2033 = VECTOR('',#2034,1.);
#2034 = DIRECTION('',(0.,1.));
#2035 = ( GEOMETRIC_REPRESENTATION_CONTEXT(2) 
PARAMETRIC_REPRESENTATION_CONTEXT() REPRESENTATION_CONTEXT('2D SPACE',''
  ) );
#2036 = ADVANCED_FACE('',(#2037),#2025,.T.);
#2037 = FACE_BOUND('',#2038,.T.);
#2038 = EDGE_LOOP('',(#2039,#2063,#2091,#2113));
#2039 = ORIENTED_EDGE('',*,*,#2040,.T.);
#2040 = EDGE_CURVE('',#1989,#2041,#2043,.T.);
#2041 = VERTEX_POINT('',#2042);
#2042 = CARTESIAN_POINT('',(162.9,-98.5,2.1));
#2043 = SURFACE_CURVE('',#2044,(#2049,#2056),.PCURVE_S1.);
#2044 = CIRCLE('',#2045,1.8);
#2045 = AXIS2_PLACEMENT_3D('',#2046,#2047,#2048);
#2046 = CARTESIAN_POINT('',(162.9,-100.3,2.1));
#2047 = DIRECTION('',(0.,0.,1.));
#2048 = DIRECTION('',(0.,-1.,0.));
#2049 = PCURVE('',#2025,#2050);
#2050 = DEFINITIONAL_REPRESENTATION('',(#2051),#2055);
#2051 = LINE('',#2052,#2053);
#2052 = CARTESIAN_POINT('',(-1.570796326795,0.));
#2053 = VECTOR('',#2054,1.);
#2054 = DIRECTION('',(1.,0.));
#2055 = ( GEOMETRIC_REPRESENTATION_CONTEXT(2) 
PARAMETRIC_REPRESENTATION_CONTEXT() REPRESENTATION_CONTEXT('2D SPACE',''
  ) );
#2056 = PCURVE('',#156,#2057);
#2057 = DEFINITIONAL_REPRESENTATION('',(#2058),#2062);
#2058 = CIRCLE('',#2059,1.8);
#2059 = AXIS2_PLACEMENT_2D('',#2060,#2061);
#2060 = CARTESIAN_POINT('',(66.3,49.6));
#2061 = DIRECTION('',(0.,-1.));
#2062 = ( GEOMETRIC_REPRESENTATION_CONTEXT(2) 
PARAMETRIC_REPRESENTATION_CONTEXT() REPRESENTATION_CONTEXT('2D SPACE',''
  ) );
#2063 = ORIENTED_EDGE('',*,*,#2064,.T.);
#2064 = EDGE_CURVE('',#2041,#2065,#2067,.T.);
#2065 = VERTEX_POINT('',#2066);
#2066 = CARTESIAN_POINT('',(162.9,-98.5,3.3));
#2067 = SURFACE_CURVE('',#2068,(#2072,#2079),.PCURVE_S1.);
#2068 = LINE('',#2069,#2070);
#2069 = CARTESIAN_POINT('',(162.9,-98.5,2.1));
#2070 = VECTOR('',#2071,1.);
#2071 = DIRECTION('',(0.,0.,1.));
#2072 = PCURVE('',#2025,#2073);
#2073 = DEFINITIONAL_REPRESENTATION('',(#2074),#2078);
#2074 = LINE('',#2075,#2076);
#2075 = CARTESIAN_POINT('',(1.570796326795,0.));
#2076 = VECTOR('',#2077,1.);
#2077 = DIRECTION('',(0.,1.));
#2078 = ( GEOMETRIC_REPRESENTATION_CONTEXT(2) 
PARAMETRIC_REPRESENTATION_CONTEXT() REPRESENTATION_CONTEXT('2D SPACE',''
  ) );
#2079 = PCURVE('',#2080,#2085);
#2080 = PLANE('',#2081);
#2081 = AXIS2_PLACEMENT_3D('',#2082,#2083,#2084);
#2082 = CARTESIAN_POINT('',(98.,-98.5,2.1));
#2083 = DIRECTION('',(0.,1.,0.));
#2084 = DIRECTION('',(0.,0.,1.));
#2085 = DEFINITIONAL_REPRESENTATION('',(#2086),#2090);
#2086 = LINE('',#2087,#2088);
#2087 = CARTESIAN_POINT('',(0.,64.9));
#2088 = VECTOR('',#2089,1.);
#2089 = DIRECTION('',(1.,0.));
#2090 = ( GEOMETRIC_REPRESENTATION_CONTEXT(2) 
PARAMETRIC_REPRESENTATION_CONTEXT() REPRESENTATION_CONTEXT('2D SPACE',''
  ) );
#2091 = ORIENTED_EDGE('',*,*,#2092,.F.);
#2092 = EDGE_CURVE('',#1965,#2065,#2093,.T.);
#2093 = SURFACE_CURVE('',#2094,(#2099,#2106),.PCURVE_S1.);
#2094 = CIRCLE('',#2095,1.8);
#2095 = AXIS2_PLACEMENT_3D('',#2096,#2097,#2098);
#2096 = CARTESIAN_POINT('',(162.9,-100.3,3.3));
#2097 = DIRECTION('',(0.,0.,1.));
#2098 = DIRECTION('',(0.,-1.,0.));
#2099 = PCURVE('',#2025,#2100);
#2100 = DEFINITIONAL_REPRESENTATION('',(#2101),#2105);
#2101 = LINE('',#2102,#2103);
#2102 = CARTESIAN_POINT('',(-1.570796326795,1.2));
#2103 = VECTOR('',#2104,1.);
#2104 = DIRECTION('',(1.,0.));
#2105 = ( GEOMETRIC_REPRESENTATION_CONTEXT(2) 
PARAMETRIC_REPRESENTATION_CONTEXT() REPRESENTATION_CONTEXT('2D SPACE',''
  ) );
#2106 = PCURVE('',#991,#2107);
#2107 = DEFINITIONAL_REPRESENTATION('',(#2108),#2112);
#2108 = CIRCLE('',#2109,1.8);
#2109 = AXIS2_PLACEMENT_2D('',#2110,#2111);
#2110 = CARTESIAN_POINT('',(64.9,48.2));
#2111 = DIRECTION('',(0.,-1.));
#2112 = ( GEOMETRIC_REPRESENTATION_CONTEXT(2) 
PARAMETRIC_REPRESENTATION_CONTEXT() REPRESENTATION_CONTEXT('2D SPACE',''
  ) );
#2113 = ORIENTED_EDGE('',*,*,#2011,.F.);
#2114 = ADVANCED_FACE('',(#2115),#2080,.T.);
#2115 = FACE_BOUND('',#2116,.T.);
#2116 = EDGE_LOOP('',(#2117,#2140,#2168,#2189));
#2117 = ORIENTED_EDGE('',*,*,#2118,.F.);
#2118 = EDGE_CURVE('',#2119,#2041,#2121,.T.);
#2119 = VERTEX_POINT('',#2120);
#2120 = CARTESIAN_POINT('',(99.8,-98.5,2.1));
#2121 = SURFACE_CURVE('',#2122,(#2126,#2133),.PCURVE_S1.);
#2122 = LINE('',#2123,#2124);
#2123 = CARTESIAN_POINT('',(98.,-98.5,2.1));
#2124 = VECTOR('',#2125,1.);
#2125 = DIRECTION('',(1.,0.,0.));
#2126 = PCURVE('',#2080,#2127);
#2127 = DEFINITIONAL_REPRESENTATION('',(#2128),#2132);
#2128 = LINE('',#2129,#2130);
#2129 = CARTESIAN_POINT('',(0.,0.));
#2130 = VECTOR('',#2131,1.);
#2131 = DIRECTION('',(0.,1.));
#2132 = ( GEOMETRIC_REPRESENTATION_CONTEXT(2) 
PARAMETRIC_REPRESENTATION_CONTEXT() REPRESENTATION_CONTEXT('2D SPACE',''
  ) );
#2133 = PCURVE('',#156,#2134);
#2134 = DEFINITIONAL_REPRESENTATION('',(#2135),#2139);
#2135 = LINE('',#2136,#2137);
#2136 = CARTESIAN_POINT('',(1.4,51.4));
#2137 = VECTOR('',#2138,1.);
#2138 = DIRECTION('',(1.,0.));
#2139 = ( GEOMETRIC_REPRESENTATION_CONTEXT(2) 
PARAMETRIC_REPRESENTATION_CONTEXT() REPRESENTATION_CONTEXT('2D SPACE',''
  ) );
#2140 = ORIENTED_EDGE('',*,*,#2141,.T.);
#2141 = EDGE_CURVE('',#2119,#2142,#2144,.T.);
#2142 = VERTEX_POINT('',#2143);
#2143 = CARTESIAN_POINT('',(99.8,-98.5,3.3));
#2144 = SURFACE_CURVE('',#2145,(#2149,#2156),.PCURVE_S1.);
#2145 = LINE('',#2146,#2147);
#2146 = CARTESIAN_POINT('',(99.8,-98.5,2.1));
#2147 = VECTOR('',#2148,1.);
#2148 = DIRECTION('',(0.,0.,1.));
#2149 = PCURVE('',#2080,#2150);
#2150 = DEFINITIONAL_REPRESENTATION('',(#2151),#2155);
#2151 = LINE('',#2152,#2153);
#2152 = CARTESIAN_POINT('',(0.,1.8));
#2153 = VECTOR('',#2154,1.);
#2154 = DIRECTION('',(1.,0.));
#2155 = ( GEOMETRIC_REPRESENTATION_CONTEXT(2) 
PARAMETRIC_REPRESENTATION_CONTEXT() REPRESENTATION_CONTEXT('2D SPACE',''
  ) );
#2156 = PCURVE('',#2157,#2162);
#2157 = CYLINDRICAL_SURFACE('',#2158,1.8);
#2158 = AXIS2_PLACEMENT_3D('',#2159,#2160,#2161);
#2159 = CARTESIAN_POINT('',(99.8,-100.3,2.1));
#2160 = DIRECTION('',(0.,0.,1.));
#2161 = DIRECTION('',(-1.,-0.,0.));
#2162 = DEFINITIONAL_REPRESENTATION('',(#2163),#2167);
#2163 = LINE('',#2164,#2165);
#2164 = CARTESIAN_POINT('',(-1.570796326795,0.));
#2165 = VECTOR('',#2166,1.);
#2166 = DIRECTION('',(-0.,1.));
#2167 = ( GEOMETRIC_REPRESENTATION_CONTEXT(2) 
PARAMETRIC_REPRESENTATION_CONTEXT() REPRESENTATION_CONTEXT('2D SPACE',''
  ) );
#2168 = ORIENTED_EDGE('',*,*,#2169,.T.);
#2169 = EDGE_CURVE('',#2142,#2065,#2170,.T.);
#2170 = SURFACE_CURVE('',#2171,(#2175,#2182),.PCURVE_S1.);
#2171 = LINE('',#2172,#2173);
#2172 = CARTESIAN_POINT('',(98.,-98.5,3.3));
#2173 = VECTOR('',#2174,1.);
#2174 = DIRECTION('',(1.,0.,0.));
#2175 = PCURVE('',#2080,#2176);
#2176 = DEFINITIONAL_REPRESENTATION('',(#2177),#2181);
#2177 = LINE('',#2178,#2179);
#2178 = CARTESIAN_POINT('',(1.2,0.));
#2179 = VECTOR('',#2180,1.);
#2180 = DIRECTION('',(0.,1.));
#2181 = ( GEOMETRIC_REPRESENTATION_CONTEXT(2) 
PARAMETRIC_REPRESENTATION_CONTEXT() REPRESENTATION_CONTEXT('2D SPACE',''
  ) );
#2182 = PCURVE('',#991,#2183);
#2183 = DEFINITIONAL_REPRESENTATION('',(#2184),#2188);
#2184 = LINE('',#2185,#2186);
#2185 = CARTESIAN_POINT('',(0.,50.));
#2186 = VECTOR('',#2187,1.);
#2187 = DIRECTION('',(1.,0.));
#2188 = ( GEOMETRIC_REPRESENTATION_CONTEXT(2) 
PARAMETRIC_REPRESENTATION_CONTEXT() REPRESENTATION_CONTEXT('2D SPACE',''
  ) );
#2189 = ORIENTED_EDGE('',*,*,#2064,.F.);
#2190 = ADVANCED_FACE('',(#2191),#2157,.T.);
#2191 = FACE_BOUND('',#2192,.F.);
#2192 = EDGE_LOOP('',(#2193,#2221,#2222,#2250));
#2193 = ORIENTED_EDGE('',*,*,#2194,.T.);
#2194 = EDGE_CURVE('',#2195,#2119,#2197,.T.);
#2195 = VERTEX_POINT('',#2196);
#2196 = CARTESIAN_POINT('',(98.,-100.3,2.1));
#2197 = SURFACE_CURVE('',#2198,(#2203,#2210),.PCURVE_S1.);
#2198 = CIRCLE('',#2199,1.8);
#2199 = AXIS2_PLACEMENT_3D('',#2200,#2201,#2202);
#2200 = CARTESIAN_POINT('',(99.8,-100.3,2.1));
#2201 = DIRECTION('',(-0.,-0.,-1.));
#2202 = DIRECTION('',(0.,-1.,0.));
#2203 = PCURVE('',#2157,#2204);
#2204 = DEFINITIONAL_REPRESENTATION('',(#2205),#2209);
#2205 = LINE('',#2206,#2207);
#2206 = CARTESIAN_POINT('',(1.570796326795,-0.));
#2207 = VECTOR('',#2208,1.);
#2208 = DIRECTION('',(-1.,0.));
#2209 = ( GEOMETRIC_REPRESENTATION_CONTEXT(2) 
PARAMETRIC_REPRESENTATION_CONTEXT() REPRESENTATION_CONTEXT('2D SPACE',''
  ) );
#2210 = PCURVE('',#156,#2211);
#2211 = DEFINITIONAL_REPRESENTATION('',(#2212),#2220);
#2212 = ( BOUNDED_CURVE() B_SPLINE_CURVE(2,(#2213,#2214,#2215,#2216,
#2217,#2218,#2219),.UNSPECIFIED.,.T.,.F.) B_SPLINE_CURVE_WITH_KNOTS((1,2
    ,2,2,2,1),(-2.094395102393,0.,2.094395102393,4.188790204786,
6.28318530718,8.377580409573),.UNSPECIFIED.) CURVE() 
GEOMETRIC_REPRESENTATION_ITEM() RATIONAL_B_SPLINE_CURVE((1.,0.5,1.,0.5,
1.,0.5,1.)) REPRESENTATION_ITEM('') );
#2213 = CARTESIAN_POINT('',(3.2,47.8));
#2214 = CARTESIAN_POINT('',(8.230854637603E-02,47.8));
#2215 = CARTESIAN_POINT('',(1.641154273188,50.5));
#2216 = CARTESIAN_POINT('',(3.2,53.2));
#2217 = CARTESIAN_POINT('',(4.758845726812,50.5));
#2218 = CARTESIAN_POINT('',(6.317691453624,47.8));
#2219 = CARTESIAN_POINT('',(3.2,47.8));
#2220 = ( GEOMETRIC_REPRESENTATION_CONTEXT(2) 
PARAMETRIC_REPRESENTATION_CONTEXT() REPRESENTATION_CONTEXT('2D SPACE',''
  ) );
#2221 = ORIENTED_EDGE('',*,*,#2141,.T.);
#2222 = ORIENTED_EDGE('',*,*,#2223,.F.);
#2223 = EDGE_CURVE('',#2224,#2142,#2226,.T.);
#2224 = VERTEX_POINT('',#2225);
#2225 = CARTESIAN_POINT('',(98.,-100.3,3.3));
#2226 = SURFACE_CURVE('',#2227,(#2232,#2239),.PCURVE_S1.);
#2227 = CIRCLE('',#2228,1.8);
#2228 = AXIS2_PLACEMENT_3D('',#2229,#2230,#2231);
#2229 = CARTESIAN_POINT('',(99.8,-100.3,3.3));
#2230 = DIRECTION('',(-0.,-0.,-1.));
#2231 = DIRECTION('',(0.,-1.,0.));
#2232 = PCURVE('',#2157,#2233);
#2233 = DEFINITIONAL_REPRESENTATION('',(#2234),#2238);
#2234 = LINE('',#2235,#2236);
#2235 = CARTESIAN_POINT('',(1.570796326795,1.2));
#2236 = VECTOR('',#2237,1.);
#2237 = DIRECTION('',(-1.,0.));
#2238 = ( GEOMETRIC_REPRESENTATION_CONTEXT(2) 
PARAMETRIC_REPRESENTATION_CONTEXT() REPRESENTATION_CONTEXT('2D SPACE',''
  ) );
#2239 = PCURVE('',#991,#2240);
#2240 = DEFINITIONAL_REPRESENTATION('',(#2241),#2249);
#2241 = ( BOUNDED_CURVE() B_SPLINE_CURVE(2,(#2242,#2243,#2244,#2245,
#2246,#2247,#2248),.UNSPECIFIED.,.T.,.F.) B_SPLINE_CURVE_WITH_KNOTS((1,2
    ,2,2,2,1),(-2.094395102393,0.,2.094395102393,4.188790204786,
6.28318530718,8.377580409573),.UNSPECIFIED.) CURVE() 
GEOMETRIC_REPRESENTATION_ITEM() RATIONAL_B_SPLINE_CURVE((1.,0.5,1.,0.5,
1.,0.5,1.)) REPRESENTATION_ITEM('') );
#2242 = CARTESIAN_POINT('',(1.8,46.4));
#2243 = CARTESIAN_POINT('',(-1.317691453624,46.4));
#2244 = CARTESIAN_POINT('',(0.241154273188,49.1));
#2245 = CARTESIAN_POINT('',(1.8,51.8));
#2246 = CARTESIAN_POINT('',(3.358845726812,49.1));
#2247 = CARTESIAN_POINT('',(4.917691453624,46.4));
#2248 = CARTESIAN_POINT('',(1.8,46.4));
#2249 = ( GEOMETRIC_REPRESENTATION_CONTEXT(2) 
PARAMETRIC_REPRESENTATION_CONTEXT() REPRESENTATION_CONTEXT('2D SPACE',''
  ) );
#2250 = ORIENTED_EDGE('',*,*,#2251,.F.);
#2251 = EDGE_CURVE('',#2195,#2224,#2252,.T.);
#2252 = SURFACE_CURVE('',#2253,(#2257,#2264),.PCURVE_S1.);
#2253 = LINE('',#2254,#2255);
#2254 = CARTESIAN_POINT('',(98.,-100.3,2.1));
#2255 = VECTOR('',#2256,1.);
#2256 = DIRECTION('',(0.,0.,1.));
#2257 = PCURVE('',#2157,#2258);
#2258 = DEFINITIONAL_REPRESENTATION('',(#2259),#2263);
#2259 = LINE('',#2260,#2261);
#2260 = CARTESIAN_POINT('',(-0.,0.));
#2261 = VECTOR('',#2262,1.);
#2262 = DIRECTION('',(-0.,1.));
#2263 = ( GEOMETRIC_REPRESENTATION_CONTEXT(2) 
PARAMETRIC_REPRESENTATION_CONTEXT() REPRESENTATION_CONTEXT('2D SPACE',''
  ) );
#2264 = PCURVE('',#2265,#2270);
#2265 = PLANE('',#2266);
#2266 = AXIS2_PLACEMENT_3D('',#2267,#2268,#2269);
#2267 = CARTESIAN_POINT('',(98.,-148.5,2.1));
#2268 = DIRECTION('',(1.,0.,0.));
#2269 = DIRECTION('',(0.,0.,1.));
#2270 = DEFINITIONAL_REPRESENTATION('',(#2271),#2275);
#2271 = LINE('',#2272,#2273);
#2272 = CARTESIAN_POINT('',(0.,-48.2));
#2273 = VECTOR('',#2274,1.);
#2274 = DIRECTION('',(1.,0.));
#2275 = ( GEOMETRIC_REPRESENTATION_CONTEXT(2) 
PARAMETRIC_REPRESENTATION_CONTEXT() REPRESENTATION_CONTEXT('2D SPACE',''
  ) );
#2276 = ADVANCED_FACE('',(#2277),#2265,.F.);
#2277 = FACE_BOUND('',#2278,.F.);
#2278 = EDGE_LOOP('',(#2279,#2302,#2323,#2344));
#2279 = ORIENTED_EDGE('',*,*,#2280,.F.);
#2280 = EDGE_CURVE('',#2281,#2224,#2283,.T.);
#2281 = VERTEX_POINT('',#2282);
#2282 = CARTESIAN_POINT('',(98.,-120.3,3.3));
#2283 = SURFACE_CURVE('',#2284,(#2288,#2295),.PCURVE_S1.);
#2284 = LINE('',#2285,#2286);
#2285 = CARTESIAN_POINT('',(98.,-148.5,3.3));
#2286 = VECTOR('',#2287,1.);
#2287 = DIRECTION('',(0.,1.,0.));
#2288 = PCURVE('',#2265,#2289);
#2289 = DEFINITIONAL_REPRESENTATION('',(#2290),#2294);
#2290 = LINE('',#2291,#2292);
#2291 = CARTESIAN_POINT('',(1.2,0.));
#2292 = VECTOR('',#2293,1.);
#2293 = DIRECTION('',(0.,-1.));
#2294 = ( GEOMETRIC_REPRESENTATION_CONTEXT(2) 
PARAMETRIC_REPRESENTATION_CONTEXT() REPRESENTATION_CONTEXT('2D SPACE',''
  ) );
#2295 = PCURVE('',#991,#2296);
#2296 = DEFINITIONAL_REPRESENTATION('',(#2297),#2301);
#2297 = LINE('',#2298,#2299);
#2298 = CARTESIAN_POINT('',(0.,0.));
#2299 = VECTOR('',#2300,1.);
#2300 = DIRECTION('',(0.,1.));
#2301 = ( GEOMETRIC_REPRESENTATION_CONTEXT(2) 
PARAMETRIC_REPRESENTATION_CONTEXT() REPRESENTATION_CONTEXT('2D SPACE',''
  ) );
#2302 = ORIENTED_EDGE('',*,*,#2303,.T.);
#2303 = EDGE_CURVE('',#2281,#2304,#2306,.T.);
#2304 = VERTEX_POINT('',#2305);
#2305 = CARTESIAN_POINT('',(98.,-120.3,2.1));
#2306 = SURFACE_CURVE('',#2307,(#2311,#2317),.PCURVE_S1.);
#2307 = LINE('',#2308,#2309);
#2308 = CARTESIAN_POINT('',(98.,-120.3,0.815));
#2309 = VECTOR('',#2310,1.);
#2310 = DIRECTION('',(0.,0.,-1.));
#2311 = PCURVE('',#2265,#2312);
#2312 = DEFINITIONAL_REPRESENTATION('',(#2313),#2316);
#2313 = B_SPLINE_CURVE_WITH_KNOTS('',1,(#2314,#2315),.UNSPECIFIED.,.F.,
  .F.,(2,2),(-2.485,-1.285),.PIECEWISE_BEZIER_KNOTS.);
#2314 = CARTESIAN_POINT('',(1.2,-28.2));
#2315 = CARTESIAN_POINT('',(0.,-28.2));
#2316 = ( GEOMETRIC_REPRESENTATION_CONTEXT(2) 
PARAMETRIC_REPRESENTATION_CONTEXT() REPRESENTATION_CONTEXT('2D SPACE',''
  ) );
#2317 = PCURVE('',#183,#2318);
#2318 = DEFINITIONAL_REPRESENTATION('',(#2319),#2322);
#2319 = B_SPLINE_CURVE_WITH_KNOTS('',1,(#2320,#2321),.UNSPECIFIED.,.F.,
  .F.,(2,2),(-2.485,-1.285),.PIECEWISE_BEZIER_KNOTS.);
#2320 = CARTESIAN_POINT('',(3.77,-2.9));
#2321 = CARTESIAN_POINT('',(2.57,-2.9));
#2322 = ( GEOMETRIC_REPRESENTATION_CONTEXT(2) 
PARAMETRIC_REPRESENTATION_CONTEXT() REPRESENTATION_CONTEXT('2D SPACE',''
  ) );
#2323 = ORIENTED_EDGE('',*,*,#2324,.T.);
#2324 = EDGE_CURVE('',#2304,#2195,#2325,.T.);
#2325 = SURFACE_CURVE('',#2326,(#2330,#2337),.PCURVE_S1.);
#2326 = LINE('',#2327,#2328);
#2327 = CARTESIAN_POINT('',(98.,-148.5,2.1));
#2328 = VECTOR('',#2329,1.);
#2329 = DIRECTION('',(0.,1.,0.));
#2330 = PCURVE('',#2265,#2331);
#2331 = DEFINITIONAL_REPRESENTATION('',(#2332),#2336);
#2332 = LINE('',#2333,#2334);
#2333 = CARTESIAN_POINT('',(0.,0.));
#2334 = VECTOR('',#2335,1.);
#2335 = DIRECTION('',(0.,-1.));
#2336 = ( GEOMETRIC_REPRESENTATION_CONTEXT(2) 
PARAMETRIC_REPRESENTATION_CONTEXT() REPRESENTATION_CONTEXT('2D SPACE',''
  ) );
#2337 = PCURVE('',#156,#2338);
#2338 = DEFINITIONAL_REPRESENTATION('',(#2339),#2343);
#2339 = LINE('',#2340,#2341);
#2340 = CARTESIAN_POINT('',(1.4,1.4));
#2341 = VECTOR('',#2342,1.);
#2342 = DIRECTION('',(0.,1.));
#2343 = ( GEOMETRIC_REPRESENTATION_CONTEXT(2) 
PARAMETRIC_REPRESENTATION_CONTEXT() REPRESENTATION_CONTEXT('2D SPACE',''
  ) );
#2344 = ORIENTED_EDGE('',*,*,#2251,.T.);
#2345 = ADVANCED_FACE('',(#2346),#991,.T.);
#2346 = FACE_BOUND('',#2347,.T.);
#2347 = EDGE_LOOP('',(#2348,#2349,#2370,#2397,#2426,#2453,#2475,#2476,
    #2477,#2478,#2479,#2480));
#2348 = ORIENTED_EDGE('',*,*,#2280,.F.);
#2349 = ORIENTED_EDGE('',*,*,#2350,.T.);
#2350 = EDGE_CURVE('',#2281,#2351,#2353,.T.);
#2351 = VERTEX_POINT('',#2352);
#2352 = CARTESIAN_POINT('',(99.,-120.3,3.3));
#2353 = SURFACE_CURVE('',#2354,(#2358,#2364),.PCURVE_S1.);
#2354 = LINE('',#2355,#2356);
#2355 = CARTESIAN_POINT('',(96.55,-120.3,3.3));
#2356 = VECTOR('',#2357,1.);
#2357 = DIRECTION('',(1.,0.,-0.));
#2358 = PCURVE('',#991,#2359);
#2359 = DEFINITIONAL_REPRESENTATION('',(#2360),#2363);
#2360 = B_SPLINE_CURVE_WITH_KNOTS('',1,(#2361,#2362),.UNSPECIFIED.,.F.,
  .F.,(2,2),(1.45,3.95),.PIECEWISE_BEZIER_KNOTS.);
#2361 = CARTESIAN_POINT('',(-2.886579864025E-15,28.2));
#2362 = CARTESIAN_POINT('',(2.5,28.2));
#2363 = ( GEOMETRIC_REPRESENTATION_CONTEXT(2) 
PARAMETRIC_REPRESENTATION_CONTEXT() REPRESENTATION_CONTEXT('2D SPACE',''
  ) );
#2364 = PCURVE('',#183,#2365);
#2365 = DEFINITIONAL_REPRESENTATION('',(#2366),#2369);
#2366 = B_SPLINE_CURVE_WITH_KNOTS('',1,(#2367,#2368),.UNSPECIFIED.,.F.,
  .F.,(2,2),(1.45,3.95),.PIECEWISE_BEZIER_KNOTS.);
#2367 = CARTESIAN_POINT('',(3.77,-2.9));
#2368 = CARTESIAN_POINT('',(3.77,-5.4));
#2369 = ( GEOMETRIC_REPRESENTATION_CONTEXT(2) 
PARAMETRIC_REPRESENTATION_CONTEXT() REPRESENTATION_CONTEXT('2D SPACE',''
  ) );
#2370 = ORIENTED_EDGE('',*,*,#2371,.T.);
#2371 = EDGE_CURVE('',#2351,#2372,#2374,.T.);
#2372 = VERTEX_POINT('',#2373);
#2373 = CARTESIAN_POINT('',(99.,-100.3,3.3));
#2374 = SURFACE_CURVE('',#2375,(#2379,#2385),.PCURVE_S1.);
#2375 = LINE('',#2376,#2377);
#2376 = CARTESIAN_POINT('',(99.,-148.,3.3));
#2377 = VECTOR('',#2378,1.);
#2378 = DIRECTION('',(0.,1.,0.));
#2379 = PCURVE('',#991,#2380);
#2380 = DEFINITIONAL_REPRESENTATION('',(#2381),#2384);
#2381 = B_SPLINE_CURVE_WITH_KNOTS('',1,(#2382,#2383),.UNSPECIFIED.,.F.,
  .F.,(2,2),(1.3,47.7),.PIECEWISE_BEZIER_KNOTS.);
#2382 = CARTESIAN_POINT('',(1.,1.8));
#2383 = CARTESIAN_POINT('',(1.,48.2));
#2384 = ( GEOMETRIC_REPRESENTATION_CONTEXT(2) 
PARAMETRIC_REPRESENTATION_CONTEXT() REPRESENTATION_CONTEXT('2D SPACE',''
  ) );
#2385 = PCURVE('',#2386,#2391);
#2386 = PLANE('',#2387);
#2387 = AXIS2_PLACEMENT_3D('',#2388,#2389,#2390);
#2388 = CARTESIAN_POINT('',(99.,-147.5,1.1));
#2389 = DIRECTION('',(1.,0.,0.));
#2390 = DIRECTION('',(0.,0.,1.));
#2391 = DEFINITIONAL_REPRESENTATION('',(#2392),#2396);
#2392 = LINE('',#2393,#2394);
#2393 = CARTESIAN_POINT('',(2.2,0.5));
#2394 = VECTOR('',#2395,1.);
#2395 = DIRECTION('',(0.,-1.));
#2396 = ( GEOMETRIC_REPRESENTATION_CONTEXT(2) 
PARAMETRIC_REPRESENTATION_CONTEXT() REPRESENTATION_CONTEXT('2D SPACE',''
  ) );
#2397 = ORIENTED_EDGE('',*,*,#2398,.F.);
#2398 = EDGE_CURVE('',#2399,#2372,#2401,.T.);
#2399 = VERTEX_POINT('',#2400);
#2400 = CARTESIAN_POINT('',(99.8,-99.5,3.3));
#2401 = SURFACE_CURVE('',#2402,(#2407,#2414),.PCURVE_S1.);
#2402 = CIRCLE('',#2403,0.8);
#2403 = AXIS2_PLACEMENT_3D('',#2404,#2405,#2406);
#2404 = CARTESIAN_POINT('',(99.8,-100.3,3.3));
#2405 = DIRECTION('',(0.,0.,1.));
#2406 = DIRECTION('',(-1.,-0.,0.));
#2407 = PCURVE('',#991,#2408);
#2408 = DEFINITIONAL_REPRESENTATION('',(#2409),#2413);
#2409 = CIRCLE('',#2410,0.8);
#2410 = AXIS2_PLACEMENT_2D('',#2411,#2412);
#2411 = CARTESIAN_POINT('',(1.8,48.2));
#2412 = DIRECTION('',(-1.,0.));
#2413 = ( GEOMETRIC_REPRESENTATION_CONTEXT(2) 
PARAMETRIC_REPRESENTATION_CONTEXT() REPRESENTATION_CONTEXT('2D SPACE',''
  ) );
#2414 = PCURVE('',#2415,#2420);
#2415 = CYLINDRICAL_SURFACE('',#2416,0.8);
#2416 = AXIS2_PLACEMENT_3D('',#2417,#2418,#2419);
#2417 = CARTESIAN_POINT('',(99.8,-100.3,1.1));
#2418 = DIRECTION('',(0.,0.,1.));
#2419 = DIRECTION('',(-1.,-0.,0.));
#2420 = DEFINITIONAL_REPRESENTATION('',(#2421),#2425);
#2421 = LINE('',#2422,#2423);
#2422 = CARTESIAN_POINT('',(-6.28318530718,2.2));
#2423 = VECTOR('',#2424,1.);
#2424 = DIRECTION('',(1.,-0.));
#2425 = ( GEOMETRIC_REPRESENTATION_CONTEXT(2) 
PARAMETRIC_REPRESENTATION_CONTEXT() REPRESENTATION_CONTEXT('2D SPACE',''
  ) );
#2426 = ORIENTED_EDGE('',*,*,#2427,.F.);
#2427 = EDGE_CURVE('',#2428,#2399,#2430,.T.);
#2428 = VERTEX_POINT('',#2429);
#2429 = CARTESIAN_POINT('',(162.9,-99.5,3.3));
#2430 = SURFACE_CURVE('',#2431,(#2435,#2441),.PCURVE_S1.);
#2431 = LINE('',#2432,#2433);
#2432 = CARTESIAN_POINT('',(98.5,-99.5,3.3));
#2433 = VECTOR('',#2434,1.);
#2434 = DIRECTION('',(-1.,0.,0.));
#2435 = PCURVE('',#991,#2436);
#2436 = DEFINITIONAL_REPRESENTATION('',(#2437),#2440);
#2437 = B_SPLINE_CURVE_WITH_KNOTS('',1,(#2438,#2439),.UNSPECIFIED.,.F.,
  .F.,(2,2),(-64.4,-1.3),.PIECEWISE_BEZIER_KNOTS.);
#2438 = CARTESIAN_POINT('',(64.9,49.));
#2439 = CARTESIAN_POINT('',(1.8,49.));
#2440 = ( GEOMETRIC_REPRESENTATION_CONTEXT(2) 
PARAMETRIC_REPRESENTATION_CONTEXT() REPRESENTATION_CONTEXT('2D SPACE',''
  ) );
#2441 = PCURVE('',#2442,#2447);
#2442 = PLANE('',#2443);
#2443 = AXIS2_PLACEMENT_3D('',#2444,#2445,#2446);
#2444 = CARTESIAN_POINT('',(99.,-99.5,1.1));
#2445 = DIRECTION('',(0.,1.,0.));
#2446 = DIRECTION('',(0.,0.,1.));
#2447 = DEFINITIONAL_REPRESENTATION('',(#2448),#2452);
#2448 = LINE('',#2449,#2450);
#2449 = CARTESIAN_POINT('',(2.2,-0.5));
#2450 = VECTOR('',#2451,1.);
#2451 = DIRECTION('',(0.,-1.));
#2452 = ( GEOMETRIC_REPRESENTATION_CONTEXT(2) 
PARAMETRIC_REPRESENTATION_CONTEXT() REPRESENTATION_CONTEXT('2D SPACE',''
  ) );
#2453 = ORIENTED_EDGE('',*,*,#2454,.F.);
#2454 = EDGE_CURVE('',#948,#2428,#2455,.T.);
#2455 = SURFACE_CURVE('',#2456,(#2461,#2468),.PCURVE_S1.);
#2456 = CIRCLE('',#2457,0.8);
#2457 = AXIS2_PLACEMENT_3D('',#2458,#2459,#2460);
#2458 = CARTESIAN_POINT('',(162.9,-100.3,3.3));
#2459 = DIRECTION('',(0.,0.,1.));
#2460 = DIRECTION('',(1.,0.,-0.));
#2461 = PCURVE('',#991,#2462);
#2462 = DEFINITIONAL_REPRESENTATION('',(#2463),#2467);
#2463 = CIRCLE('',#2464,0.8);
#2464 = AXIS2_PLACEMENT_2D('',#2465,#2466);
#2465 = CARTESIAN_POINT('',(64.9,48.2));
#2466 = DIRECTION('',(1.,0.));
#2467 = ( GEOMETRIC_REPRESENTATION_CONTEXT(2) 
PARAMETRIC_REPRESENTATION_CONTEXT() REPRESENTATION_CONTEXT('2D SPACE',''
  ) );
#2468 = PCURVE('',#963,#2469);
#2469 = DEFINITIONAL_REPRESENTATION('',(#2470),#2474);
#2470 = LINE('',#2471,#2472);
#2471 = CARTESIAN_POINT('',(0.,2.2));
#2472 = VECTOR('',#2473,1.);
#2473 = DIRECTION('',(1.,0.));
#2474 = ( GEOMETRIC_REPRESENTATION_CONTEXT(2) 
PARAMETRIC_REPRESENTATION_CONTEXT() REPRESENTATION_CONTEXT('2D SPACE',''
  ) );
#2475 = ORIENTED_EDGE('',*,*,#975,.F.);
#2476 = ORIENTED_EDGE('',*,*,#1937,.F.);
#2477 = ORIENTED_EDGE('',*,*,#1964,.T.);
#2478 = ORIENTED_EDGE('',*,*,#2092,.T.);
#2479 = ORIENTED_EDGE('',*,*,#2169,.F.);
#2480 = ORIENTED_EDGE('',*,*,#2223,.F.);
#2481 = ADVANCED_FACE('',(#2482),#2386,.T.);
#2482 = FACE_BOUND('',#2483,.T.);
#2483 = EDGE_LOOP('',(#2484,#2513,#2536,#2559,#2580,#2581,#2602,#2626,
    #2647,#2671));
#2484 = ORIENTED_EDGE('',*,*,#2485,.F.);
#2485 = EDGE_CURVE('',#2486,#2488,#2490,.T.);
#2486 = VERTEX_POINT('',#2487);
#2487 = CARTESIAN_POINT('',(99.,-146.7,3.3));
#2488 = VERTEX_POINT('',#2489);
#2489 = CARTESIAN_POINT('',(99.,-133.7,3.3));
#2490 = SURFACE_CURVE('',#2491,(#2495,#2502),.PCURVE_S1.);
#2491 = LINE('',#2492,#2493);
#2492 = CARTESIAN_POINT('',(99.,-148.,3.3));
#2493 = VECTOR('',#2494,1.);
#2494 = DIRECTION('',(0.,1.,0.));
#2495 = PCURVE('',#2386,#2496);
#2496 = DEFINITIONAL_REPRESENTATION('',(#2497),#2501);
#2497 = LINE('',#2498,#2499);
#2498 = CARTESIAN_POINT('',(2.2,0.5));
#2499 = VECTOR('',#2500,1.);
#2500 = DIRECTION('',(0.,-1.));
#2501 = ( GEOMETRIC_REPRESENTATION_CONTEXT(2) 
PARAMETRIC_REPRESENTATION_CONTEXT() REPRESENTATION_CONTEXT('2D SPACE',''
  ) );
#2502 = PCURVE('',#2503,#2508);
#2503 = PLANE('',#2504);
#2504 = AXIS2_PLACEMENT_3D('',#2505,#2506,#2507);
#2505 = CARTESIAN_POINT('',(98.,-148.5,3.3));
#2506 = DIRECTION('',(0.,0.,1.));
#2507 = DIRECTION('',(1.,0.,0.));
#2508 = DEFINITIONAL_REPRESENTATION('',(#2509),#2512);
#2509 = B_SPLINE_CURVE_WITH_KNOTS('',1,(#2510,#2511),.UNSPECIFIED.,.F.,
  .F.,(2,2),(1.3,47.7),.PIECEWISE_BEZIER_KNOTS.);
#2510 = CARTESIAN_POINT('',(1.,1.8));
#2511 = CARTESIAN_POINT('',(1.,48.2));
#2512 = ( GEOMETRIC_REPRESENTATION_CONTEXT(2) 
PARAMETRIC_REPRESENTATION_CONTEXT() REPRESENTATION_CONTEXT('2D SPACE',''
  ) );
#2513 = ORIENTED_EDGE('',*,*,#2514,.F.);
#2514 = EDGE_CURVE('',#2515,#2486,#2517,.T.);
#2515 = VERTEX_POINT('',#2516);
#2516 = CARTESIAN_POINT('',(99.,-146.7,-2.6));
#2517 = SURFACE_CURVE('',#2518,(#2522,#2529),.PCURVE_S1.);
#2518 = LINE('',#2519,#2520);
#2519 = CARTESIAN_POINT('',(99.,-146.7,-2.6));
#2520 = VECTOR('',#2521,1.);
#2521 = DIRECTION('',(0.,0.,1.));
#2522 = PCURVE('',#2386,#2523);
#2523 = DEFINITIONAL_REPRESENTATION('',(#2524),#2528);
#2524 = LINE('',#2525,#2526);
#2525 = CARTESIAN_POINT('',(-3.7,-0.8));
#2526 = VECTOR('',#2527,1.);
#2527 = DIRECTION('',(1.,0.));
#2528 = ( GEOMETRIC_REPRESENTATION_CONTEXT(2) 
PARAMETRIC_REPRESENTATION_CONTEXT() REPRESENTATION_CONTEXT('2D SPACE',''
  ) );
#2529 = PCURVE('',#784,#2530);
#2530 = DEFINITIONAL_REPRESENTATION('',(#2531),#2535);
#2531 = LINE('',#2532,#2533);
#2532 = CARTESIAN_POINT('',(0.,-3.7));
#2533 = VECTOR('',#2534,1.);
#2534 = DIRECTION('',(0.,1.));
#2535 = ( GEOMETRIC_REPRESENTATION_CONTEXT(2) 
PARAMETRIC_REPRESENTATION_CONTEXT() REPRESENTATION_CONTEXT('2D SPACE',''
  ) );
#2536 = ORIENTED_EDGE('',*,*,#2537,.T.);
#2537 = EDGE_CURVE('',#2515,#2538,#2540,.T.);
#2538 = VERTEX_POINT('',#2539);
#2539 = CARTESIAN_POINT('',(99.,-100.3,-2.6));
#2540 = SURFACE_CURVE('',#2541,(#2545,#2552),.PCURVE_S1.);
#2541 = LINE('',#2542,#2543);
#2542 = CARTESIAN_POINT('',(99.,-147.5,-2.6));
#2543 = VECTOR('',#2544,1.);
#2544 = DIRECTION('',(0.,1.,0.));
#2545 = PCURVE('',#2386,#2546);
#2546 = DEFINITIONAL_REPRESENTATION('',(#2547),#2551);
#2547 = LINE('',#2548,#2549);
#2548 = CARTESIAN_POINT('',(-3.7,0.));
#2549 = VECTOR('',#2550,1.);
#2550 = DIRECTION('',(0.,-1.));
#2551 = ( GEOMETRIC_REPRESENTATION_CONTEXT(2) 
PARAMETRIC_REPRESENTATION_CONTEXT() REPRESENTATION_CONTEXT('2D SPACE',''
  ) );
#2552 = PCURVE('',#756,#2553);
#2553 = DEFINITIONAL_REPRESENTATION('',(#2554),#2558);
#2554 = LINE('',#2555,#2556);
#2555 = CARTESIAN_POINT('',(0.,0.));
#2556 = VECTOR('',#2557,1.);
#2557 = DIRECTION('',(0.,1.));
#2558 = ( GEOMETRIC_REPRESENTATION_CONTEXT(2) 
PARAMETRIC_REPRESENTATION_CONTEXT() REPRESENTATION_CONTEXT('2D SPACE',''
  ) );
#2559 = ORIENTED_EDGE('',*,*,#2560,.F.);
#2560 = EDGE_CURVE('',#2372,#2538,#2561,.T.);
#2561 = SURFACE_CURVE('',#2562,(#2566,#2573),.PCURVE_S1.);
#2562 = LINE('',#2563,#2564);
#2563 = CARTESIAN_POINT('',(99.,-100.3,3.3));
#2564 = VECTOR('',#2565,1.);
#2565 = DIRECTION('',(0.,0.,-1.));
#2566 = PCURVE('',#2386,#2567);
#2567 = DEFINITIONAL_REPRESENTATION('',(#2568),#2572);
#2568 = LINE('',#2569,#2570);
#2569 = CARTESIAN_POINT('',(2.2,-47.2));
#2570 = VECTOR('',#2571,1.);
#2571 = DIRECTION('',(-1.,0.));
#2572 = ( GEOMETRIC_REPRESENTATION_CONTEXT(2) 
PARAMETRIC_REPRESENTATION_CONTEXT() REPRESENTATION_CONTEXT('2D SPACE',''
  ) );
#2573 = PCURVE('',#2415,#2574);
#2574 = DEFINITIONAL_REPRESENTATION('',(#2575),#2579);
#2575 = LINE('',#2576,#2577);
#2576 = CARTESIAN_POINT('',(-0.,2.2));
#2577 = VECTOR('',#2578,1.);
#2578 = DIRECTION('',(-0.,-1.));
#2579 = ( GEOMETRIC_REPRESENTATION_CONTEXT(2) 
PARAMETRIC_REPRESENTATION_CONTEXT() REPRESENTATION_CONTEXT('2D SPACE',''
  ) );
#2580 = ORIENTED_EDGE('',*,*,#2371,.F.);
#2581 = ORIENTED_EDGE('',*,*,#2582,.T.);
#2582 = EDGE_CURVE('',#2351,#2583,#2585,.T.);
#2583 = VERTEX_POINT('',#2584);
#2584 = CARTESIAN_POINT('',(99.,-120.3,1.93));
#2585 = SURFACE_CURVE('',#2586,(#2590,#2596),.PCURVE_S1.);
#2586 = LINE('',#2587,#2588);
#2587 = CARTESIAN_POINT('',(99.,-120.3,0.315));
#2588 = VECTOR('',#2589,1.);
#2589 = DIRECTION('',(0.,0.,-1.));
#2590 = PCURVE('',#2386,#2591);
#2591 = DEFINITIONAL_REPRESENTATION('',(#2592),#2595);
#2592 = B_SPLINE_CURVE_WITH_KNOTS('',1,(#2593,#2594),.UNSPECIFIED.,.F.,
  .F.,(2,2),(-2.985,-1.615),.PIECEWISE_BEZIER_KNOTS.);
#2593 = CARTESIAN_POINT('',(2.2,-27.2));
#2594 = CARTESIAN_POINT('',(0.83,-27.2));
#2595 = ( GEOMETRIC_REPRESENTATION_CONTEXT(2) 
PARAMETRIC_REPRESENTATION_CONTEXT() REPRESENTATION_CONTEXT('2D SPACE',''
  ) );
#2596 = PCURVE('',#183,#2597);
#2597 = DEFINITIONAL_REPRESENTATION('',(#2598),#2601);
#2598 = B_SPLINE_CURVE_WITH_KNOTS('',1,(#2599,#2600),.UNSPECIFIED.,.F.,
  .F.,(2,2),(-2.985,-1.615),.PIECEWISE_BEZIER_KNOTS.);
#2599 = CARTESIAN_POINT('',(3.77,-3.9));
#2600 = CARTESIAN_POINT('',(2.4,-3.9));
#2601 = ( GEOMETRIC_REPRESENTATION_CONTEXT(2) 
PARAMETRIC_REPRESENTATION_CONTEXT() REPRESENTATION_CONTEXT('2D SPACE',''
  ) );
#2602 = ORIENTED_EDGE('',*,*,#2603,.F.);
#2603 = EDGE_CURVE('',#2604,#2583,#2606,.T.);
#2604 = VERTEX_POINT('',#2605);
#2605 = CARTESIAN_POINT('',(99.,-122.7,-0.47));
#2606 = SURFACE_CURVE('',#2607,(#2612,#2619),.PCURVE_S1.);
#2607 = CIRCLE('',#2608,2.4);
#2608 = AXIS2_PLACEMENT_3D('',#2609,#2610,#2611);
#2609 = CARTESIAN_POINT('',(99.,-122.7,1.93));
#2610 = DIRECTION('',(1.,0.,0.));
#2611 = DIRECTION('',(0.,0.,-1.));
#2612 = PCURVE('',#2386,#2613);
#2613 = DEFINITIONAL_REPRESENTATION('',(#2614),#2618);
#2614 = CIRCLE('',#2615,2.4);
#2615 = AXIS2_PLACEMENT_2D('',#2616,#2617);
#2616 = CARTESIAN_POINT('',(0.83,-24.8));
#2617 = DIRECTION('',(-1.,0.));
#2618 = ( GEOMETRIC_REPRESENTATION_CONTEXT(2) 
PARAMETRIC_REPRESENTATION_CONTEXT() REPRESENTATION_CONTEXT('2D SPACE',''
  ) );
#2619 = PCURVE('',#211,#2620);
#2620 = DEFINITIONAL_REPRESENTATION('',(#2621),#2625);
#2621 = LINE('',#2622,#2623);
#2622 = CARTESIAN_POINT('',(0.,3.9));
#2623 = VECTOR('',#2624,1.);
#2624 = DIRECTION('',(1.,0.));
#2625 = ( GEOMETRIC_REPRESENTATION_CONTEXT(2) 
PARAMETRIC_REPRESENTATION_CONTEXT() REPRESENTATION_CONTEXT('2D SPACE',''
  ) );
#2626 = ORIENTED_EDGE('',*,*,#2627,.T.);
#2627 = EDGE_CURVE('',#2604,#2628,#2630,.T.);
#2628 = VERTEX_POINT('',#2629);
#2629 = CARTESIAN_POINT('',(99.,-131.3,-0.47));
#2630 = SURFACE_CURVE('',#2631,(#2635,#2641),.PCURVE_S1.);
#2631 = LINE('',#2632,#2633);
#2632 = CARTESIAN_POINT('',(99.,-140.6,-0.47));
#2633 = VECTOR('',#2634,1.);
#2634 = DIRECTION('',(0.,-1.,0.));
#2635 = PCURVE('',#2386,#2636);
#2636 = DEFINITIONAL_REPRESENTATION('',(#2637),#2640);
#2637 = B_SPLINE_CURVE_WITH_KNOTS('',1,(#2638,#2639),.UNSPECIFIED.,.F.,
  .F.,(2,2),(-17.9,-9.3),.PIECEWISE_BEZIER_KNOTS.);
#2638 = CARTESIAN_POINT('',(-1.57,-24.8));
#2639 = CARTESIAN_POINT('',(-1.57,-16.2));
#2640 = ( GEOMETRIC_REPRESENTATION_CONTEXT(2) 
PARAMETRIC_REPRESENTATION_CONTEXT() REPRESENTATION_CONTEXT('2D SPACE',''
  ) );
#2641 = PCURVE('',#238,#2642);
#2642 = DEFINITIONAL_REPRESENTATION('',(#2643),#2646);
#2643 = B_SPLINE_CURVE_WITH_KNOTS('',1,(#2644,#2645),.UNSPECIFIED.,.F.,
  .F.,(2,2),(-17.9,-9.3),.PIECEWISE_BEZIER_KNOTS.);
#2644 = CARTESIAN_POINT('',(11.,-3.9));
#2645 = CARTESIAN_POINT('',(2.4,-3.9));
#2646 = ( GEOMETRIC_REPRESENTATION_CONTEXT(2) 
PARAMETRIC_REPRESENTATION_CONTEXT() REPRESENTATION_CONTEXT('2D SPACE',''
  ) );
#2647 = ORIENTED_EDGE('',*,*,#2648,.F.);
#2648 = EDGE_CURVE('',#2649,#2628,#2651,.T.);
#2649 = VERTEX_POINT('',#2650);
#2650 = CARTESIAN_POINT('',(99.,-133.7,1.93));
#2651 = SURFACE_CURVE('',#2652,(#2657,#2664),.PCURVE_S1.);
#2652 = CIRCLE('',#2653,2.4);
#2653 = AXIS2_PLACEMENT_3D('',#2654,#2655,#2656);
#2654 = CARTESIAN_POINT('',(99.,-131.3,1.93));
#2655 = DIRECTION('',(1.,0.,0.));
#2656 = DIRECTION('',(0.,0.,-1.));
#2657 = PCURVE('',#2386,#2658);
#2658 = DEFINITIONAL_REPRESENTATION('',(#2659),#2663);
#2659 = CIRCLE('',#2660,2.4);
#2660 = AXIS2_PLACEMENT_2D('',#2661,#2662);
#2661 = CARTESIAN_POINT('',(0.83,-16.2));
#2662 = DIRECTION('',(-1.,0.));
#2663 = ( GEOMETRIC_REPRESENTATION_CONTEXT(2) 
PARAMETRIC_REPRESENTATION_CONTEXT() REPRESENTATION_CONTEXT('2D SPACE',''
  ) );
#2664 = PCURVE('',#266,#2665);
#2665 = DEFINITIONAL_REPRESENTATION('',(#2666),#2670);
#2666 = LINE('',#2667,#2668);
#2667 = CARTESIAN_POINT('',(-6.28318530718,3.9));
#2668 = VECTOR('',#2669,1.);
#2669 = DIRECTION('',(1.,-0.));
#2670 = ( GEOMETRIC_REPRESENTATION_CONTEXT(2) 
PARAMETRIC_REPRESENTATION_CONTEXT() REPRESENTATION_CONTEXT('2D SPACE',''
  ) );
#2671 = ORIENTED_EDGE('',*,*,#2672,.T.);
#2672 = EDGE_CURVE('',#2649,#2488,#2673,.T.);
#2673 = SURFACE_CURVE('',#2674,(#2678,#2684),.PCURVE_S1.);
#2674 = LINE('',#2675,#2676);
#2675 = CARTESIAN_POINT('',(99.,-133.7,4.015));
#2676 = VECTOR('',#2677,1.);
#2677 = DIRECTION('',(0.,-0.,1.));
#2678 = PCURVE('',#2386,#2679);
#2679 = DEFINITIONAL_REPRESENTATION('',(#2680),#2683);
#2680 = B_SPLINE_CURVE_WITH_KNOTS('',1,(#2681,#2682),.UNSPECIFIED.,.F.,
  .F.,(2,2),(-2.085,-0.715),.PIECEWISE_BEZIER_KNOTS.);
#2681 = CARTESIAN_POINT('',(0.83,-13.8));
#2682 = CARTESIAN_POINT('',(2.2,-13.8));
#2683 = ( GEOMETRIC_REPRESENTATION_CONTEXT(2) 
PARAMETRIC_REPRESENTATION_CONTEXT() REPRESENTATION_CONTEXT('2D SPACE',''
  ) );
#2684 = PCURVE('',#291,#2685);
#2685 = DEFINITIONAL_REPRESENTATION('',(#2686),#2689);
#2686 = B_SPLINE_CURVE_WITH_KNOTS('',1,(#2687,#2688),.UNSPECIFIED.,.F.,
  .F.,(2,2),(-2.085,-0.715),.PIECEWISE_BEZIER_KNOTS.);
#2687 = CARTESIAN_POINT('',(5.,-3.9));
#2688 = CARTESIAN_POINT('',(3.63,-3.9));
#2689 = ( GEOMETRIC_REPRESENTATION_CONTEXT(2) 
PARAMETRIC_REPRESENTATION_CONTEXT() REPRESENTATION_CONTEXT('2D SPACE',''
  ) );
#2690 = ADVANCED_FACE('',(#2691),#2503,.T.);
#2691 = FACE_BOUND('',#2692,.T.);
#2692 = EDGE_LOOP('',(#2693,#2723,#2752,#2773,#2795,#2796));
#2693 = ORIENTED_EDGE('',*,*,#2694,.F.);
#2694 = EDGE_CURVE('',#2695,#2697,#2699,.T.);
#2695 = VERTEX_POINT('',#2696);
#2696 = CARTESIAN_POINT('',(98.,-146.7,3.3));
#2697 = VERTEX_POINT('',#2698);
#2698 = CARTESIAN_POINT('',(98.,-133.7,3.3));
#2699 = SURFACE_CURVE('',#2700,(#2704,#2711),.PCURVE_S1.);
#2700 = LINE('',#2701,#2702);
#2701 = CARTESIAN_POINT('',(98.,-148.5,3.3));
#2702 = VECTOR('',#2703,1.);
#2703 = DIRECTION('',(0.,1.,0.));
#2704 = PCURVE('',#2503,#2705);
#2705 = DEFINITIONAL_REPRESENTATION('',(#2706),#2710);
#2706 = LINE('',#2707,#2708);
#2707 = CARTESIAN_POINT('',(0.,0.));
#2708 = VECTOR('',#2709,1.);
#2709 = DIRECTION('',(0.,1.));
#2710 = ( GEOMETRIC_REPRESENTATION_CONTEXT(2) 
PARAMETRIC_REPRESENTATION_CONTEXT() REPRESENTATION_CONTEXT('2D SPACE',''
  ) );
#2711 = PCURVE('',#2712,#2717);
#2712 = PLANE('',#2713);
#2713 = AXIS2_PLACEMENT_3D('',#2714,#2715,#2716);
#2714 = CARTESIAN_POINT('',(98.,-148.5,2.1));
#2715 = DIRECTION('',(1.,0.,0.));
#2716 = DIRECTION('',(0.,0.,1.));
#2717 = DEFINITIONAL_REPRESENTATION('',(#2718),#2722);
#2718 = LINE('',#2719,#2720);
#2719 = CARTESIAN_POINT('',(1.2,0.));
#2720 = VECTOR('',#2721,1.);
#2721 = DIRECTION('',(0.,-1.));
#2722 = ( GEOMETRIC_REPRESENTATION_CONTEXT(2) 
PARAMETRIC_REPRESENTATION_CONTEXT() REPRESENTATION_CONTEXT('2D SPACE',''
  ) );
#2723 = ORIENTED_EDGE('',*,*,#2724,.T.);
#2724 = EDGE_CURVE('',#2695,#2725,#2727,.T.);
#2725 = VERTEX_POINT('',#2726);
#2726 = CARTESIAN_POINT('',(99.3,-148.4291616465,3.3));
#2727 = SURFACE_CURVE('',#2728,(#2733,#2740),.PCURVE_S1.);
#2728 = CIRCLE('',#2729,1.8);
#2729 = AXIS2_PLACEMENT_3D('',#2730,#2731,#2732);
#2730 = CARTESIAN_POINT('',(99.8,-146.7,3.3));
#2731 = DIRECTION('',(0.,0.,1.));
#2732 = DIRECTION('',(0.,-1.,0.));
#2733 = PCURVE('',#2503,#2734);
#2734 = DEFINITIONAL_REPRESENTATION('',(#2735),#2739);
#2735 = CIRCLE('',#2736,1.8);
#2736 = AXIS2_PLACEMENT_2D('',#2737,#2738);
#2737 = CARTESIAN_POINT('',(1.8,1.8));
#2738 = DIRECTION('',(0.,-1.));
#2739 = ( GEOMETRIC_REPRESENTATION_CONTEXT(2) 
PARAMETRIC_REPRESENTATION_CONTEXT() REPRESENTATION_CONTEXT('2D SPACE',''
  ) );
#2740 = PCURVE('',#2741,#2746);
#2741 = CYLINDRICAL_SURFACE('',#2742,1.8);
#2742 = AXIS2_PLACEMENT_3D('',#2743,#2744,#2745);
#2743 = CARTESIAN_POINT('',(99.8,-146.7,2.1));
#2744 = DIRECTION('',(0.,0.,1.));
#2745 = DIRECTION('',(-1.,-0.,0.));
#2746 = DEFINITIONAL_REPRESENTATION('',(#2747),#2751);
#2747 = LINE('',#2748,#2749);
#2748 = CARTESIAN_POINT('',(-4.712388980385,1.2));
#2749 = VECTOR('',#2750,1.);
#2750 = DIRECTION('',(1.,0.));
#2751 = ( GEOMETRIC_REPRESENTATION_CONTEXT(2) 
PARAMETRIC_REPRESENTATION_CONTEXT() REPRESENTATION_CONTEXT('2D SPACE',''
  ) );
#2752 = ORIENTED_EDGE('',*,*,#2753,.T.);
#2753 = EDGE_CURVE('',#2725,#2754,#2756,.T.);
#2754 = VERTEX_POINT('',#2755);
#2755 = CARTESIAN_POINT('',(99.3,-147.3244997998,3.3));
#2756 = SURFACE_CURVE('',#2757,(#2761,#2767),.PCURVE_S1.);
#2757 = LINE('',#2758,#2759);
#2758 = CARTESIAN_POINT('',(99.3,-149.7,3.3));
#2759 = VECTOR('',#2760,1.);
#2760 = DIRECTION('',(0.,1.,0.));
#2761 = PCURVE('',#2503,#2762);
#2762 = DEFINITIONAL_REPRESENTATION('',(#2763),#2766);
#2763 = B_SPLINE_CURVE_WITH_KNOTS('',1,(#2764,#2765),.UNSPECIFIED.,.F.,
  .F.,(2,2),(1.2,13.4),.PIECEWISE_BEZIER_KNOTS.);
#2764 = CARTESIAN_POINT('',(1.3,0.));
#2765 = CARTESIAN_POINT('',(1.3,12.2));
#2766 = ( GEOMETRIC_REPRESENTATION_CONTEXT(2) 
PARAMETRIC_REPRESENTATION_CONTEXT() REPRESENTATION_CONTEXT('2D SPACE',''
  ) );
#2767 = PCURVE('',#402,#2768);
#2768 = DEFINITIONAL_REPRESENTATION('',(#2769),#2772);
#2769 = B_SPLINE_CURVE_WITH_KNOTS('',1,(#2770,#2771),.UNSPECIFIED.,.F.,
  .F.,(2,2),(1.2,13.4),.PIECEWISE_BEZIER_KNOTS.);
#2770 = CARTESIAN_POINT('',(2.3,-2.4));
#2771 = CARTESIAN_POINT('',(2.3,-14.6));
#2772 = ( GEOMETRIC_REPRESENTATION_CONTEXT(2) 
PARAMETRIC_REPRESENTATION_CONTEXT() REPRESENTATION_CONTEXT('2D SPACE',''
  ) );
#2773 = ORIENTED_EDGE('',*,*,#2774,.F.);
#2774 = EDGE_CURVE('',#2486,#2754,#2775,.T.);
#2775 = SURFACE_CURVE('',#2776,(#2781,#2788),.PCURVE_S1.);
#2776 = CIRCLE('',#2777,0.8);
#2777 = AXIS2_PLACEMENT_3D('',#2778,#2779,#2780);
#2778 = CARTESIAN_POINT('',(99.8,-146.7,3.3));
#2779 = DIRECTION('',(0.,0.,1.));
#2780 = DIRECTION('',(-1.,-0.,0.));
#2781 = PCURVE('',#2503,#2782);
#2782 = DEFINITIONAL_REPRESENTATION('',(#2783),#2787);
#2783 = CIRCLE('',#2784,0.8);
#2784 = AXIS2_PLACEMENT_2D('',#2785,#2786);
#2785 = CARTESIAN_POINT('',(1.8,1.8));
#2786 = DIRECTION('',(-1.,0.));
#2787 = ( GEOMETRIC_REPRESENTATION_CONTEXT(2) 
PARAMETRIC_REPRESENTATION_CONTEXT() REPRESENTATION_CONTEXT('2D SPACE',''
  ) );
#2788 = PCURVE('',#784,#2789);
#2789 = DEFINITIONAL_REPRESENTATION('',(#2790),#2794);
#2790 = LINE('',#2791,#2792);
#2791 = CARTESIAN_POINT('',(0.,2.2));
#2792 = VECTOR('',#2793,1.);
#2793 = DIRECTION('',(1.,0.));
#2794 = ( GEOMETRIC_REPRESENTATION_CONTEXT(2) 
PARAMETRIC_REPRESENTATION_CONTEXT() REPRESENTATION_CONTEXT('2D SPACE',''
  ) );
#2795 = ORIENTED_EDGE('',*,*,#2485,.T.);
#2796 = ORIENTED_EDGE('',*,*,#2797,.T.);
#2797 = EDGE_CURVE('',#2488,#2697,#2798,.T.);
#2798 = SURFACE_CURVE('',#2799,(#2803,#2809),.PCURVE_S1.);
#2799 = LINE('',#2800,#2801);
#2800 = CARTESIAN_POINT('',(96.55,-133.7,3.3));
#2801 = VECTOR('',#2802,1.);
#2802 = DIRECTION('',(-1.,-0.,0.));
#2803 = PCURVE('',#2503,#2804);
#2804 = DEFINITIONAL_REPRESENTATION('',(#2805),#2808);
#2805 = B_SPLINE_CURVE_WITH_KNOTS('',1,(#2806,#2807),.UNSPECIFIED.,.F.,
  .F.,(2,2),(-3.95,-1.45),.PIECEWISE_BEZIER_KNOTS.);
#2806 = CARTESIAN_POINT('',(2.5,14.8));
#2807 = CARTESIAN_POINT('',(-2.886579864025E-15,14.8));
#2808 = ( GEOMETRIC_REPRESENTATION_CONTEXT(2) 
PARAMETRIC_REPRESENTATION_CONTEXT() REPRESENTATION_CONTEXT('2D SPACE',''
  ) );
#2809 = PCURVE('',#291,#2810);
#2810 = DEFINITIONAL_REPRESENTATION('',(#2811),#2814);
#2811 = B_SPLINE_CURVE_WITH_KNOTS('',1,(#2812,#2813),.UNSPECIFIED.,.F.,
  .F.,(2,2),(-3.95,-1.45),.PIECEWISE_BEZIER_KNOTS.);
#2812 = CARTESIAN_POINT('',(3.63,-5.4));
#2813 = CARTESIAN_POINT('',(3.63,-2.9));
#2814 = ( GEOMETRIC_REPRESENTATION_CONTEXT(2) 
PARAMETRIC_REPRESENTATION_CONTEXT() REPRESENTATION_CONTEXT('2D SPACE',''
  ) );
#2815 = ADVANCED_FACE('',(#2816),#2741,.T.);
#2816 = FACE_BOUND('',#2817,.T.);
#2817 = EDGE_LOOP('',(#2818,#2841,#2865,#2884));
#2818 = ORIENTED_EDGE('',*,*,#2819,.F.);
#2819 = EDGE_CURVE('',#2820,#2695,#2822,.T.);
#2820 = VERTEX_POINT('',#2821);
#2821 = CARTESIAN_POINT('',(98.,-146.7,2.1));
#2822 = SURFACE_CURVE('',#2823,(#2827,#2834),.PCURVE_S1.);
#2823 = LINE('',#2824,#2825);
#2824 = CARTESIAN_POINT('',(98.,-146.7,2.1));
#2825 = VECTOR('',#2826,1.);
#2826 = DIRECTION('',(0.,0.,1.));
#2827 = PCURVE('',#2741,#2828);
#2828 = DEFINITIONAL_REPRESENTATION('',(#2829),#2833);
#2829 = LINE('',#2830,#2831);
#2830 = CARTESIAN_POINT('',(0.,0.));
#2831 = VECTOR('',#2832,1.);
#2832 = DIRECTION('',(0.,1.));
#2833 = ( GEOMETRIC_REPRESENTATION_CONTEXT(2) 
PARAMETRIC_REPRESENTATION_CONTEXT() REPRESENTATION_CONTEXT('2D SPACE',''
  ) );
#2834 = PCURVE('',#2712,#2835);
#2835 = DEFINITIONAL_REPRESENTATION('',(#2836),#2840);
#2836 = LINE('',#2837,#2838);
#2837 = CARTESIAN_POINT('',(0.,-1.8));
#2838 = VECTOR('',#2839,1.);
#2839 = DIRECTION('',(1.,0.));
#2840 = ( GEOMETRIC_REPRESENTATION_CONTEXT(2) 
PARAMETRIC_REPRESENTATION_CONTEXT() REPRESENTATION_CONTEXT('2D SPACE',''
  ) );
#2841 = ORIENTED_EDGE('',*,*,#2842,.T.);
#2842 = EDGE_CURVE('',#2820,#2843,#2845,.T.);
#2843 = VERTEX_POINT('',#2844);
#2844 = CARTESIAN_POINT('',(99.3,-148.4291616465,2.1));
#2845 = SURFACE_CURVE('',#2846,(#2851,#2858),.PCURVE_S1.);
#2846 = CIRCLE('',#2847,1.8);
#2847 = AXIS2_PLACEMENT_3D('',#2848,#2849,#2850);
#2848 = CARTESIAN_POINT('',(99.8,-146.7,2.1));
#2849 = DIRECTION('',(0.,0.,1.));
#2850 = DIRECTION('',(0.,-1.,0.));
#2851 = PCURVE('',#2741,#2852);
#2852 = DEFINITIONAL_REPRESENTATION('',(#2853),#2857);
#2853 = LINE('',#2854,#2855);
#2854 = CARTESIAN_POINT('',(-4.712388980385,0.));
#2855 = VECTOR('',#2856,1.);
#2856 = DIRECTION('',(1.,0.));
#2857 = ( GEOMETRIC_REPRESENTATION_CONTEXT(2) 
PARAMETRIC_REPRESENTATION_CONTEXT() REPRESENTATION_CONTEXT('2D SPACE',''
  ) );
#2858 = PCURVE('',#44,#2859);
#2859 = DEFINITIONAL_REPRESENTATION('',(#2860),#2864);
#2860 = CIRCLE('',#2861,1.8);
#2861 = AXIS2_PLACEMENT_2D('',#2862,#2863);
#2862 = CARTESIAN_POINT('',(3.2,3.2));
#2863 = DIRECTION('',(0.,-1.));
#2864 = ( GEOMETRIC_REPRESENTATION_CONTEXT(2) 
PARAMETRIC_REPRESENTATION_CONTEXT() REPRESENTATION_CONTEXT('2D SPACE',''
  ) );
#2865 = ORIENTED_EDGE('',*,*,#2866,.T.);
#2866 = EDGE_CURVE('',#2843,#2725,#2867,.T.);
#2867 = SURFACE_CURVE('',#2868,(#2872,#2878),.PCURVE_S1.);
#2868 = LINE('',#2869,#2870);
#2869 = CARTESIAN_POINT('',(99.3,-148.4291616465,2.1));
#2870 = VECTOR('',#2871,1.);
#2871 = DIRECTION('',(0.,0.,1.));
#2872 = PCURVE('',#2741,#2873);
#2873 = DEFINITIONAL_REPRESENTATION('',(#2874),#2877);
#2874 = B_SPLINE_CURVE_WITH_KNOTS('',1,(#2875,#2876),.UNSPECIFIED.,.F.,
  .F.,(2,2),(-5.999999999062E-07,1.2000006),.PIECEWISE_BEZIER_KNOTS.);
#2875 = CARTESIAN_POINT('',(1.289316253564,-5.999999999062E-07));
#2876 = CARTESIAN_POINT('',(1.289316253564,1.2000006));
#2877 = ( GEOMETRIC_REPRESENTATION_CONTEXT(2) 
PARAMETRIC_REPRESENTATION_CONTEXT() REPRESENTATION_CONTEXT('2D SPACE',''
  ) );
#2878 = PCURVE('',#402,#2879);
#2879 = DEFINITIONAL_REPRESENTATION('',(#2880),#2883);
#2880 = B_SPLINE_CURVE_WITH_KNOTS('',1,(#2881,#2882),.UNSPECIFIED.,.F.,
  .F.,(2,2),(-5.999999999062E-07,1.2000006),.PIECEWISE_BEZIER_KNOTS.);
#2881 = CARTESIAN_POINT('',(1.0999994,-2.470838353421));
#2882 = CARTESIAN_POINT('',(2.3000006,-2.470838353421));
#2883 = ( GEOMETRIC_REPRESENTATION_CONTEXT(2) 
PARAMETRIC_REPRESENTATION_CONTEXT() REPRESENTATION_CONTEXT('2D SPACE',''
  ) );
#2884 = ORIENTED_EDGE('',*,*,#2724,.F.);
#2885 = ADVANCED_FACE('',(#2886),#2712,.F.);
#2886 = FACE_BOUND('',#2887,.F.);
#2887 = EDGE_LOOP('',(#2888,#2889,#2890,#2913));
#2888 = ORIENTED_EDGE('',*,*,#2694,.F.);
#2889 = ORIENTED_EDGE('',*,*,#2819,.F.);
#2890 = ORIENTED_EDGE('',*,*,#2891,.T.);
#2891 = EDGE_CURVE('',#2820,#2892,#2894,.T.);
#2892 = VERTEX_POINT('',#2893);
#2893 = CARTESIAN_POINT('',(98.,-133.7,2.1));
#2894 = SURFACE_CURVE('',#2895,(#2899,#2906),.PCURVE_S1.);
#2895 = LINE('',#2896,#2897);
#2896 = CARTESIAN_POINT('',(98.,-148.5,2.1));
#2897 = VECTOR('',#2898,1.);
#2898 = DIRECTION('',(0.,1.,0.));
#2899 = PCURVE('',#2712,#2900);
#2900 = DEFINITIONAL_REPRESENTATION('',(#2901),#2905);
#2901 = LINE('',#2902,#2903);
#2902 = CARTESIAN_POINT('',(0.,0.));
#2903 = VECTOR('',#2904,1.);
#2904 = DIRECTION('',(0.,-1.));
#2905 = ( GEOMETRIC_REPRESENTATION_CONTEXT(2) 
PARAMETRIC_REPRESENTATION_CONTEXT() REPRESENTATION_CONTEXT('2D SPACE',''
  ) );
#2906 = PCURVE('',#44,#2907);
#2907 = DEFINITIONAL_REPRESENTATION('',(#2908),#2912);
#2908 = LINE('',#2909,#2910);
#2909 = CARTESIAN_POINT('',(1.4,1.4));
#2910 = VECTOR('',#2911,1.);
#2911 = DIRECTION('',(0.,1.));
#2912 = ( GEOMETRIC_REPRESENTATION_CONTEXT(2) 
PARAMETRIC_REPRESENTATION_CONTEXT() REPRESENTATION_CONTEXT('2D SPACE',''
  ) );
#2913 = ORIENTED_EDGE('',*,*,#2914,.T.);
#2914 = EDGE_CURVE('',#2892,#2697,#2915,.T.);
#2915 = SURFACE_CURVE('',#2916,(#2920,#2926),.PCURVE_S1.);
#2916 = LINE('',#2917,#2918);
#2917 = CARTESIAN_POINT('',(98.,-133.7,4.515));
#2918 = VECTOR('',#2919,1.);
#2919 = DIRECTION('',(0.,-0.,1.));
#2920 = PCURVE('',#2712,#2921);
#2921 = DEFINITIONAL_REPRESENTATION('',(#2922),#2925);
#2922 = B_SPLINE_CURVE_WITH_KNOTS('',1,(#2923,#2924),.UNSPECIFIED.,.F.,
  .F.,(2,2),(-2.415,-1.215),.PIECEWISE_BEZIER_KNOTS.);
#2923 = CARTESIAN_POINT('',(0.,-14.8));
#2924 = CARTESIAN_POINT('',(1.2,-14.8));
#2925 = ( GEOMETRIC_REPRESENTATION_CONTEXT(2) 
PARAMETRIC_REPRESENTATION_CONTEXT() REPRESENTATION_CONTEXT('2D SPACE',''
  ) );
#2926 = PCURVE('',#291,#2927);
#2927 = DEFINITIONAL_REPRESENTATION('',(#2928),#2931);
#2928 = B_SPLINE_CURVE_WITH_KNOTS('',1,(#2929,#2930),.UNSPECIFIED.,.F.,
  .F.,(2,2),(-2.415,-1.215),.PIECEWISE_BEZIER_KNOTS.);
#2929 = CARTESIAN_POINT('',(4.83,-2.9));
#2930 = CARTESIAN_POINT('',(3.63,-2.9));
#2931 = ( GEOMETRIC_REPRESENTATION_CONTEXT(2) 
PARAMETRIC_REPRESENTATION_CONTEXT() REPRESENTATION_CONTEXT('2D SPACE',''
  ) );
#2932 = ADVANCED_FACE('',(#2933),#2415,.F.);
#2933 = FACE_BOUND('',#2934,.T.);
#2934 = EDGE_LOOP('',(#2935,#2936,#2964,#2985));
#2935 = ORIENTED_EDGE('',*,*,#2560,.T.);
#2936 = ORIENTED_EDGE('',*,*,#2937,.T.);
#2937 = EDGE_CURVE('',#2538,#2938,#2940,.T.);
#2938 = VERTEX_POINT('',#2939);
#2939 = CARTESIAN_POINT('',(99.8,-99.5,-2.6));
#2940 = SURFACE_CURVE('',#2941,(#2946,#2953),.PCURVE_S1.);
#2941 = CIRCLE('',#2942,0.8);
#2942 = AXIS2_PLACEMENT_3D('',#2943,#2944,#2945);
#2943 = CARTESIAN_POINT('',(99.8,-100.3,-2.6));
#2944 = DIRECTION('',(-0.,-0.,-1.));
#2945 = DIRECTION('',(0.,-1.,0.));
#2946 = PCURVE('',#2415,#2947);
#2947 = DEFINITIONAL_REPRESENTATION('',(#2948),#2952);
#2948 = LINE('',#2949,#2950);
#2949 = CARTESIAN_POINT('',(1.570796326795,-3.7));
#2950 = VECTOR('',#2951,1.);
#2951 = DIRECTION('',(-1.,0.));
#2952 = ( GEOMETRIC_REPRESENTATION_CONTEXT(2) 
PARAMETRIC_REPRESENTATION_CONTEXT() REPRESENTATION_CONTEXT('2D SPACE',''
  ) );
#2953 = PCURVE('',#756,#2954);
#2954 = DEFINITIONAL_REPRESENTATION('',(#2955),#2963);
#2955 = ( BOUNDED_CURVE() B_SPLINE_CURVE(2,(#2956,#2957,#2958,#2959,
#2960,#2961,#2962),.UNSPECIFIED.,.T.,.F.) B_SPLINE_CURVE_WITH_KNOTS((1,2
    ,2,2,2,1),(-2.094395102393,0.,2.094395102393,4.188790204786,
6.28318530718,8.377580409573),.UNSPECIFIED.) CURVE() 
GEOMETRIC_REPRESENTATION_ITEM() RATIONAL_B_SPLINE_CURVE((1.,0.5,1.,0.5,
1.,0.5,1.)) REPRESENTATION_ITEM('') );
#2956 = CARTESIAN_POINT('',(0.8,46.4));
#2957 = CARTESIAN_POINT('',(-0.585640646055,46.4));
#2958 = CARTESIAN_POINT('',(0.107179676972,47.6));
#2959 = CARTESIAN_POINT('',(0.8,48.8));
#2960 = CARTESIAN_POINT('',(1.492820323028,47.6));
#2961 = CARTESIAN_POINT('',(2.185640646055,46.4));
#2962 = CARTESIAN_POINT('',(0.8,46.4));
#2963 = ( GEOMETRIC_REPRESENTATION_CONTEXT(2) 
PARAMETRIC_REPRESENTATION_CONTEXT() REPRESENTATION_CONTEXT('2D SPACE',''
  ) );
#2964 = ORIENTED_EDGE('',*,*,#2965,.F.);
#2965 = EDGE_CURVE('',#2399,#2938,#2966,.T.);
#2966 = SURFACE_CURVE('',#2967,(#2971,#2978),.PCURVE_S1.);
#2967 = LINE('',#2968,#2969);
#2968 = CARTESIAN_POINT('',(99.8,-99.5,3.3));
#2969 = VECTOR('',#2970,1.);
#2970 = DIRECTION('',(0.,0.,-1.));
#2971 = PCURVE('',#2415,#2972);
#2972 = DEFINITIONAL_REPRESENTATION('',(#2973),#2977);
#2973 = LINE('',#2974,#2975);
#2974 = CARTESIAN_POINT('',(-1.570796326795,2.2));
#2975 = VECTOR('',#2976,1.);
#2976 = DIRECTION('',(-0.,-1.));
#2977 = ( GEOMETRIC_REPRESENTATION_CONTEXT(2) 
PARAMETRIC_REPRESENTATION_CONTEXT() REPRESENTATION_CONTEXT('2D SPACE',''
  ) );
#2978 = PCURVE('',#2442,#2979);
#2979 = DEFINITIONAL_REPRESENTATION('',(#2980),#2984);
#2980 = LINE('',#2981,#2982);
#2981 = CARTESIAN_POINT('',(2.2,0.8));
#2982 = VECTOR('',#2983,1.);
#2983 = DIRECTION('',(-1.,0.));
#2984 = ( GEOMETRIC_REPRESENTATION_CONTEXT(2) 
PARAMETRIC_REPRESENTATION_CONTEXT() REPRESENTATION_CONTEXT('2D SPACE',''
  ) );
#2985 = ORIENTED_EDGE('',*,*,#2398,.T.);
#2986 = ADVANCED_FACE('',(#2987),#2442,.F.);
#2987 = FACE_BOUND('',#2988,.F.);
#2988 = EDGE_LOOP('',(#2989,#3012,#3033,#3034));
#2989 = ORIENTED_EDGE('',*,*,#2990,.T.);
#2990 = EDGE_CURVE('',#2428,#2991,#2993,.T.);
#2991 = VERTEX_POINT('',#2992);
#2992 = CARTESIAN_POINT('',(162.9,-99.5,-2.6));
#2993 = SURFACE_CURVE('',#2994,(#2998,#3005),.PCURVE_S1.);
#2994 = LINE('',#2995,#2996);
#2995 = CARTESIAN_POINT('',(162.9,-99.5,3.3));
#2996 = VECTOR('',#2997,1.);
#2997 = DIRECTION('',(0.,0.,-1.));
#2998 = PCURVE('',#2442,#2999);
#2999 = DEFINITIONAL_REPRESENTATION('',(#3000),#3004);
#3000 = LINE('',#3001,#3002);
#3001 = CARTESIAN_POINT('',(2.2,63.9));
#3002 = VECTOR('',#3003,1.);
#3003 = DIRECTION('',(-1.,0.));
#3004 = ( GEOMETRIC_REPRESENTATION_CONTEXT(2) 
PARAMETRIC_REPRESENTATION_CONTEXT() REPRESENTATION_CONTEXT('2D SPACE',''
  ) );
#3005 = PCURVE('',#963,#3006);
#3006 = DEFINITIONAL_REPRESENTATION('',(#3007),#3011);
#3007 = LINE('',#3008,#3009);
#3008 = CARTESIAN_POINT('',(1.570796326795,2.2));
#3009 = VECTOR('',#3010,1.);
#3010 = DIRECTION('',(-0.,-1.));
#3011 = ( GEOMETRIC_REPRESENTATION_CONTEXT(2) 
PARAMETRIC_REPRESENTATION_CONTEXT() REPRESENTATION_CONTEXT('2D SPACE',''
  ) );
#3012 = ORIENTED_EDGE('',*,*,#3013,.F.);
#3013 = EDGE_CURVE('',#2938,#2991,#3014,.T.);
#3014 = SURFACE_CURVE('',#3015,(#3019,#3026),.PCURVE_S1.);
#3015 = LINE('',#3016,#3017);
#3016 = CARTESIAN_POINT('',(99.,-99.5,-2.6));
#3017 = VECTOR('',#3018,1.);
#3018 = DIRECTION('',(1.,0.,0.));
#3019 = PCURVE('',#2442,#3020);
#3020 = DEFINITIONAL_REPRESENTATION('',(#3021),#3025);
#3021 = LINE('',#3022,#3023);
#3022 = CARTESIAN_POINT('',(-3.7,0.));
#3023 = VECTOR('',#3024,1.);
#3024 = DIRECTION('',(0.,1.));
#3025 = ( GEOMETRIC_REPRESENTATION_CONTEXT(2) 
PARAMETRIC_REPRESENTATION_CONTEXT() REPRESENTATION_CONTEXT('2D SPACE',''
  ) );
#3026 = PCURVE('',#756,#3027);
#3027 = DEFINITIONAL_REPRESENTATION('',(#3028),#3032);
#3028 = LINE('',#3029,#3030);
#3029 = CARTESIAN_POINT('',(0.,48.));
#3030 = VECTOR('',#3031,1.);
#3031 = DIRECTION('',(1.,0.));
#3032 = ( GEOMETRIC_REPRESENTATION_CONTEXT(2) 
PARAMETRIC_REPRESENTATION_CONTEXT() REPRESENTATION_CONTEXT('2D SPACE',''
  ) );
#3033 = ORIENTED_EDGE('',*,*,#2965,.F.);
#3034 = ORIENTED_EDGE('',*,*,#2427,.F.);
#3035 = ADVANCED_FACE('',(#3036),#963,.F.);
#3036 = FACE_BOUND('',#3037,.F.);
#3037 = EDGE_LOOP('',(#3038,#3039,#3061,#3062));
#3038 = ORIENTED_EDGE('',*,*,#947,.T.);
#3039 = ORIENTED_EDGE('',*,*,#3040,.T.);
#3040 = EDGE_CURVE('',#925,#2991,#3041,.T.);
#3041 = SURFACE_CURVE('',#3042,(#3047,#3054),.PCURVE_S1.);
#3042 = CIRCLE('',#3043,0.8);
#3043 = AXIS2_PLACEMENT_3D('',#3044,#3045,#3046);
#3044 = CARTESIAN_POINT('',(162.9,-100.3,-2.6));
#3045 = DIRECTION('',(0.,0.,1.));
#3046 = DIRECTION('',(0.,-1.,0.));
#3047 = PCURVE('',#963,#3048);
#3048 = DEFINITIONAL_REPRESENTATION('',(#3049),#3053);
#3049 = LINE('',#3050,#3051);
#3050 = CARTESIAN_POINT('',(-1.570796326795,-3.7));
#3051 = VECTOR('',#3052,1.);
#3052 = DIRECTION('',(1.,0.));
#3053 = ( GEOMETRIC_REPRESENTATION_CONTEXT(2) 
PARAMETRIC_REPRESENTATION_CONTEXT() REPRESENTATION_CONTEXT('2D SPACE',''
  ) );
#3054 = PCURVE('',#756,#3055);
#3055 = DEFINITIONAL_REPRESENTATION('',(#3056),#3060);
#3056 = CIRCLE('',#3057,0.8);
#3057 = AXIS2_PLACEMENT_2D('',#3058,#3059);
#3058 = CARTESIAN_POINT('',(63.9,47.2));
#3059 = DIRECTION('',(0.,-1.));
#3060 = ( GEOMETRIC_REPRESENTATION_CONTEXT(2) 
PARAMETRIC_REPRESENTATION_CONTEXT() REPRESENTATION_CONTEXT('2D SPACE',''
  ) );
#3061 = ORIENTED_EDGE('',*,*,#2990,.F.);
#3062 = ORIENTED_EDGE('',*,*,#2454,.F.);
#3063 = ADVANCED_FACE('',(#3064,#3095,#3130,#3165,#3200,#3235,#3270),
  #756,.T.);
#3064 = FACE_BOUND('',#3065,.T.);
#3065 = EDGE_LOOP('',(#3066,#3067,#3089,#3090,#3091,#3092,#3093,#3094));
#3066 = ORIENTED_EDGE('',*,*,#2537,.F.);
#3067 = ORIENTED_EDGE('',*,*,#3068,.T.);
#3068 = EDGE_CURVE('',#2515,#741,#3069,.T.);
#3069 = SURFACE_CURVE('',#3070,(#3075,#3082),.PCURVE_S1.);
#3070 = CIRCLE('',#3071,0.8);
#3071 = AXIS2_PLACEMENT_3D('',#3072,#3073,#3074);
#3072 = CARTESIAN_POINT('',(99.8,-146.7,-2.6));
#3073 = DIRECTION('',(0.,0.,1.));
#3074 = DIRECTION('',(0.,-1.,0.));
#3075 = PCURVE('',#756,#3076);
#3076 = DEFINITIONAL_REPRESENTATION('',(#3077),#3081);
#3077 = CIRCLE('',#3078,0.8);
#3078 = AXIS2_PLACEMENT_2D('',#3079,#3080);
#3079 = CARTESIAN_POINT('',(0.8,0.8));
#3080 = DIRECTION('',(0.,-1.));
#3081 = ( GEOMETRIC_REPRESENTATION_CONTEXT(2) 
PARAMETRIC_REPRESENTATION_CONTEXT() REPRESENTATION_CONTEXT('2D SPACE',''
  ) );
#3082 = PCURVE('',#784,#3083);
#3083 = DEFINITIONAL_REPRESENTATION('',(#3084),#3088);
#3084 = LINE('',#3085,#3086);
#3085 = CARTESIAN_POINT('',(-4.712388980385,-3.7));
#3086 = VECTOR('',#3087,1.);
#3087 = DIRECTION('',(1.,0.));
#3088 = ( GEOMETRIC_REPRESENTATION_CONTEXT(2) 
PARAMETRIC_REPRESENTATION_CONTEXT() REPRESENTATION_CONTEXT('2D SPACE',''
  ) );
#3089 = ORIENTED_EDGE('',*,*,#740,.T.);
#3090 = ORIENTED_EDGE('',*,*,#849,.F.);
#3091 = ORIENTED_EDGE('',*,*,#924,.T.);
#3092 = ORIENTED_EDGE('',*,*,#3040,.T.);
#3093 = ORIENTED_EDGE('',*,*,#3013,.F.);
#3094 = ORIENTED_EDGE('',*,*,#2937,.F.);
#3095 = FACE_BOUND('',#3096,.T.);
#3096 = EDGE_LOOP('',(#3097));
#3097 = ORIENTED_EDGE('',*,*,#3098,.T.);
#3098 = EDGE_CURVE('',#3099,#3099,#3101,.T.);
#3099 = VERTEX_POINT('',#3100);
#3100 = CARTESIAN_POINT('',(103.1,-134.5,-2.6));
#3101 = SURFACE_CURVE('',#3102,(#3107,#3118),.PCURVE_S1.);
#3102 = CIRCLE('',#3103,1.5);
#3103 = AXIS2_PLACEMENT_3D('',#3104,#3105,#3106);
#3104 = CARTESIAN_POINT('',(101.6,-134.5,-2.6));
#3105 = DIRECTION('',(0.,0.,-1.));
#3106 = DIRECTION('',(1.,0.,0.));
#3107 = PCURVE('',#756,#3108);
#3108 = DEFINITIONAL_REPRESENTATION('',(#3109),#3117);
#3109 = ( BOUNDED_CURVE() B_SPLINE_CURVE(2,(#3110,#3111,#3112,#3113,
#3114,#3115,#3116),.UNSPECIFIED.,.T.,.F.) B_SPLINE_CURVE_WITH_KNOTS((1,2
    ,2,2,2,1),(-2.094395102393,0.,2.094395102393,4.188790204786,
6.28318530718,8.377580409573),.UNSPECIFIED.) CURVE() 
GEOMETRIC_REPRESENTATION_ITEM() RATIONAL_B_SPLINE_CURVE((1.,0.5,1.,0.5,
1.,0.5,1.)) REPRESENTATION_ITEM('') );
#3110 = CARTESIAN_POINT('',(4.1,13.));
#3111 = CARTESIAN_POINT('',(4.1,10.401923788647));
#3112 = CARTESIAN_POINT('',(1.85,11.700961894323));
#3113 = CARTESIAN_POINT('',(-0.4,13.));
#3114 = CARTESIAN_POINT('',(1.85,14.299038105677));
#3115 = CARTESIAN_POINT('',(4.1,15.598076211353));
#3116 = CARTESIAN_POINT('',(4.1,13.));
#3117 = ( GEOMETRIC_REPRESENTATION_CONTEXT(2) 
PARAMETRIC_REPRESENTATION_CONTEXT() REPRESENTATION_CONTEXT('2D SPACE',''
  ) );
#3118 = PCURVE('',#3119,#3124);
#3119 = CYLINDRICAL_SURFACE('',#3120,1.5);
#3120 = AXIS2_PLACEMENT_3D('',#3121,#3122,#3123);
#3121 = CARTESIAN_POINT('',(101.6,-134.5,-2.7));
#3122 = DIRECTION('',(-0.,-0.,-1.));
#3123 = DIRECTION('',(1.,0.,0.));
#3124 = DEFINITIONAL_REPRESENTATION('',(#3125),#3129);
#3125 = LINE('',#3126,#3127);
#3126 = CARTESIAN_POINT('',(-6.28318530718,-0.1));
#3127 = VECTOR('',#3128,1.);
#3128 = DIRECTION('',(1.,-0.));
#3129 = ( GEOMETRIC_REPRESENTATION_CONTEXT(2) 
PARAMETRIC_REPRESENTATION_CONTEXT() REPRESENTATION_CONTEXT('2D SPACE',''
  ) );
#3130 = FACE_BOUND('',#3131,.T.);
#3131 = EDGE_LOOP('',(#3132));
#3132 = ORIENTED_EDGE('',*,*,#3133,.T.);
#3133 = EDGE_CURVE('',#3134,#3134,#3136,.T.);
#3134 = VERTEX_POINT('',#3135);
#3135 = CARTESIAN_POINT('',(162.3,-137.6,-2.6));
#3136 = SURFACE_CURVE('',#3137,(#3142,#3153),.PCURVE_S1.);
#3137 = CIRCLE('',#3138,1.5);
#3138 = AXIS2_PLACEMENT_3D('',#3139,#3140,#3141);
#3139 = CARTESIAN_POINT('',(160.8,-137.6,-2.6));
#3140 = DIRECTION('',(0.,0.,-1.));
#3141 = DIRECTION('',(1.,0.,0.));
#3142 = PCURVE('',#756,#3143);
#3143 = DEFINITIONAL_REPRESENTATION('',(#3144),#3152);
#3144 = ( BOUNDED_CURVE() B_SPLINE_CURVE(2,(#3145,#3146,#3147,#3148,
#3149,#3150,#3151),.UNSPECIFIED.,.T.,.F.) B_SPLINE_CURVE_WITH_KNOTS((1,2
    ,2,2,2,1),(-2.094395102393,0.,2.094395102393,4.188790204786,
6.28318530718,8.377580409573),.UNSPECIFIED.) CURVE() 
GEOMETRIC_REPRESENTATION_ITEM() RATIONAL_B_SPLINE_CURVE((1.,0.5,1.,0.5,
1.,0.5,1.)) REPRESENTATION_ITEM('') );
#3145 = CARTESIAN_POINT('',(63.3,9.9));
#3146 = CARTESIAN_POINT('',(63.3,7.301923788647));
#3147 = CARTESIAN_POINT('',(61.05,8.600961894323));
#3148 = CARTESIAN_POINT('',(58.8,9.9));
#3149 = CARTESIAN_POINT('',(61.05,11.199038105677));
#3150 = CARTESIAN_POINT('',(63.3,12.498076211353));
#3151 = CARTESIAN_POINT('',(63.3,9.9));
#3152 = ( GEOMETRIC_REPRESENTATION_CONTEXT(2) 
PARAMETRIC_REPRESENTATION_CONTEXT() REPRESENTATION_CONTEXT('2D SPACE',''
  ) );
#3153 = PCURVE('',#3154,#3159);
#3154 = CYLINDRICAL_SURFACE('',#3155,1.5);
#3155 = AXIS2_PLACEMENT_3D('',#3156,#3157,#3158);
#3156 = CARTESIAN_POINT('',(160.8,-137.6,-2.7));
#3157 = DIRECTION('',(-0.,-0.,-1.));
#3158 = DIRECTION('',(1.,0.,0.));
#3159 = DEFINITIONAL_REPRESENTATION('',(#3160),#3164);
#3160 = LINE('',#3161,#3162);
#3161 = CARTESIAN_POINT('',(-6.28318530718,-0.1));
#3162 = VECTOR('',#3163,1.);
#3163 = DIRECTION('',(1.,-0.));
#3164 = ( GEOMETRIC_REPRESENTATION_CONTEXT(2) 
PARAMETRIC_REPRESENTATION_CONTEXT() REPRESENTATION_CONTEXT('2D SPACE',''
  ) );
#3165 = FACE_BOUND('',#3166,.T.);
#3166 = EDGE_LOOP('',(#3167));
#3167 = ORIENTED_EDGE('',*,*,#3168,.T.);
#3168 = EDGE_CURVE('',#3169,#3169,#3171,.T.);
#3169 = VERTEX_POINT('',#3170);
#3170 = CARTESIAN_POINT('',(103.1,-101.6,-2.6));
#3171 = SURFACE_CURVE('',#3172,(#3177,#3188),.PCURVE_S1.);
#3172 = CIRCLE('',#3173,1.5);
#3173 = AXIS2_PLACEMENT_3D('',#3174,#3175,#3176);
#3174 = CARTESIAN_POINT('',(101.6,-101.6,-2.6));
#3175 = DIRECTION('',(0.,0.,-1.));
#3176 = DIRECTION('',(1.,0.,0.));
#3177 = PCURVE('',#756,#3178);
#3178 = DEFINITIONAL_REPRESENTATION('',(#3179),#3187);
#3179 = ( BOUNDED_CURVE() B_SPLINE_CURVE(2,(#3180,#3181,#3182,#3183,
#3184,#3185,#3186),.UNSPECIFIED.,.T.,.F.) B_SPLINE_CURVE_WITH_KNOTS((1,2
    ,2,2,2,1),(-2.094395102393,0.,2.094395102393,4.188790204786,
6.28318530718,8.377580409573),.UNSPECIFIED.) CURVE() 
GEOMETRIC_REPRESENTATION_ITEM() RATIONAL_B_SPLINE_CURVE((1.,0.5,1.,0.5,
1.,0.5,1.)) REPRESENTATION_ITEM('') );
#3180 = CARTESIAN_POINT('',(4.1,45.9));
#3181 = CARTESIAN_POINT('',(4.1,43.301923788647));
#3182 = CARTESIAN_POINT('',(1.85,44.600961894323));
#3183 = CARTESIAN_POINT('',(-0.4,45.9));
#3184 = CARTESIAN_POINT('',(1.85,47.199038105677));
#3185 = CARTESIAN_POINT('',(4.1,48.498076211353));
#3186 = CARTESIAN_POINT('',(4.1,45.9));
#3187 = ( GEOMETRIC_REPRESENTATION_CONTEXT(2) 
PARAMETRIC_REPRESENTATION_CONTEXT() REPRESENTATION_CONTEXT('2D SPACE',''
  ) );
#3188 = PCURVE('',#3189,#3194);
#3189 = CYLINDRICAL_SURFACE('',#3190,1.5);
#3190 = AXIS2_PLACEMENT_3D('',#3191,#3192,#3193);
#3191 = CARTESIAN_POINT('',(101.6,-101.6,-2.7));
#3192 = DIRECTION('',(-0.,-0.,-1.));
#3193 = DIRECTION('',(1.,0.,0.));
#3194 = DEFINITIONAL_REPRESENTATION('',(#3195),#3199);
#3195 = LINE('',#3196,#3197);
#3196 = CARTESIAN_POINT('',(-6.28318530718,-0.1));
#3197 = VECTOR('',#3198,1.);
#3198 = DIRECTION('',(1.,-0.));
#3199 = ( GEOMETRIC_REPRESENTATION_CONTEXT(2) 
PARAMETRIC_REPRESENTATION_CONTEXT() REPRESENTATION_CONTEXT('2D SPACE',''
  ) );
#3200 = FACE_BOUND('',#3201,.T.);
#3201 = EDGE_LOOP('',(#3202));
#3202 = ORIENTED_EDGE('',*,*,#3203,.T.);
#3203 = EDGE_CURVE('',#3204,#3204,#3206,.T.);
#3204 = VERTEX_POINT('',#3205);
#3205 = CARTESIAN_POINT('',(131.1,-104.,-2.6));
#3206 = SURFACE_CURVE('',#3207,(#3212,#3223),.PCURVE_S1.);
#3207 = CIRCLE('',#3208,2.5);
#3208 = AXIS2_PLACEMENT_3D('',#3209,#3210,#3211);
#3209 = CARTESIAN_POINT('',(128.6,-104.,-2.6));
#3210 = DIRECTION('',(0.,0.,-1.));
#3211 = DIRECTION('',(1.,0.,0.));
#3212 = PCURVE('',#756,#3213);
#3213 = DEFINITIONAL_REPRESENTATION('',(#3214),#3222);
#3214 = ( BOUNDED_CURVE() B_SPLINE_CURVE(2,(#3215,#3216,#3217,#3218,
#3219,#3220,#3221),.UNSPECIFIED.,.T.,.F.) B_SPLINE_CURVE_WITH_KNOTS((1,2
    ,2,2,2,1),(-2.094395102393,0.,2.094395102393,4.188790204786,
6.28318530718,8.377580409573),.UNSPECIFIED.) CURVE() 
GEOMETRIC_REPRESENTATION_ITEM() RATIONAL_B_SPLINE_CURVE((1.,0.5,1.,0.5,
1.,0.5,1.)) REPRESENTATION_ITEM('') );
#3215 = CARTESIAN_POINT('',(32.1,43.5));
#3216 = CARTESIAN_POINT('',(32.1,39.169872981078));
#3217 = CARTESIAN_POINT('',(28.35,41.334936490539));
#3218 = CARTESIAN_POINT('',(24.6,43.5));
#3219 = CARTESIAN_POINT('',(28.35,45.665063509461));
#3220 = CARTESIAN_POINT('',(32.1,47.830127018922));
#3221 = CARTESIAN_POINT('',(32.1,43.5));
#3222 = ( GEOMETRIC_REPRESENTATION_CONTEXT(2) 
PARAMETRIC_REPRESENTATION_CONTEXT() REPRESENTATION_CONTEXT('2D SPACE',''
  ) );
#3223 = PCURVE('',#3224,#3229);
#3224 = CYLINDRICAL_SURFACE('',#3225,2.5);
#3225 = AXIS2_PLACEMENT_3D('',#3226,#3227,#3228);
#3226 = CARTESIAN_POINT('',(128.6,-104.,-2.7));
#3227 = DIRECTION('',(-0.,-0.,-1.));
#3228 = DIRECTION('',(1.,0.,0.));
#3229 = DEFINITIONAL_REPRESENTATION('',(#3230),#3234);
#3230 = LINE('',#3231,#3232);
#3231 = CARTESIAN_POINT('',(-6.28318530718,-0.1));
#3232 = VECTOR('',#3233,1.);
#3233 = DIRECTION('',(1.,-0.));
#3234 = ( GEOMETRIC_REPRESENTATION_CONTEXT(2) 
PARAMETRIC_REPRESENTATION_CONTEXT() REPRESENTATION_CONTEXT('2D SPACE',''
  ) );
#3235 = FACE_BOUND('',#3236,.T.);
#3236 = EDGE_LOOP('',(#3237));
#3237 = ORIENTED_EDGE('',*,*,#3238,.T.);
#3238 = EDGE_CURVE('',#3239,#3239,#3241,.T.);
#3239 = VERTEX_POINT('',#3240);
#3240 = CARTESIAN_POINT('',(161.7,-118.5,-2.6));
#3241 = SURFACE_CURVE('',#3242,(#3247,#3258),.PCURVE_S1.);
#3242 = CIRCLE('',#3243,2.5);
#3243 = AXIS2_PLACEMENT_3D('',#3244,#3245,#3246);
#3244 = CARTESIAN_POINT('',(159.2,-118.5,-2.6));
#3245 = DIRECTION('',(0.,0.,-1.));
#3246 = DIRECTION('',(1.,0.,0.));
#3247 = PCURVE('',#756,#3248);
#3248 = DEFINITIONAL_REPRESENTATION('',(#3249),#3257);
#3249 = ( BOUNDED_CURVE() B_SPLINE_CURVE(2,(#3250,#3251,#3252,#3253,
#3254,#3255,#3256),.UNSPECIFIED.,.T.,.F.) B_SPLINE_CURVE_WITH_KNOTS((1,2
    ,2,2,2,1),(-2.094395102393,0.,2.094395102393,4.188790204786,
6.28318530718,8.377580409573),.UNSPECIFIED.) CURVE() 
GEOMETRIC_REPRESENTATION_ITEM() RATIONAL_B_SPLINE_CURVE((1.,0.5,1.,0.5,
1.,0.5,1.)) REPRESENTATION_ITEM('') );
#3250 = CARTESIAN_POINT('',(62.7,29.));
#3251 = CARTESIAN_POINT('',(62.7,24.669872981078));
#3252 = CARTESIAN_POINT('',(58.95,26.834936490539));
#3253 = CARTESIAN_POINT('',(55.2,29.));
#3254 = CARTESIAN_POINT('',(58.95,31.165063509461));
#3255 = CARTESIAN_POINT('',(62.7,33.330127018922));
#3256 = CARTESIAN_POINT('',(62.7,29.));
#3257 = ( GEOMETRIC_REPRESENTATION_CONTEXT(2) 
PARAMETRIC_REPRESENTATION_CONTEXT() REPRESENTATION_CONTEXT('2D SPACE',''
  ) );
#3258 = PCURVE('',#3259,#3264);
#3259 = CYLINDRICAL_SURFACE('',#3260,2.5);
#3260 = AXIS2_PLACEMENT_3D('',#3261,#3262,#3263);
#3261 = CARTESIAN_POINT('',(159.2,-118.5,-2.7));
#3262 = DIRECTION('',(-0.,-0.,-1.));
#3263 = DIRECTION('',(1.,0.,0.));
#3264 = DEFINITIONAL_REPRESENTATION('',(#3265),#3269);
#3265 = LINE('',#3266,#3267);
#3266 = CARTESIAN_POINT('',(-6.28318530718,-0.1));
#3267 = VECTOR('',#3268,1.);
#3268 = DIRECTION('',(1.,-0.));
#3269 = ( GEOMETRIC_REPRESENTATION_CONTEXT(2) 
PARAMETRIC_REPRESENTATION_CONTEXT() REPRESENTATION_CONTEXT('2D SPACE',''
  ) );
#3270 = FACE_BOUND('',#3271,.T.);
#3271 = EDGE_LOOP('',(#3272));
#3272 = ORIENTED_EDGE('',*,*,#3273,.T.);
#3273 = EDGE_CURVE('',#3274,#3274,#3276,.T.);
#3274 = VERTEX_POINT('',#3275);
#3275 = CARTESIAN_POINT('',(157.5,-101.3,-2.6));
#3276 = SURFACE_CURVE('',#3277,(#3282,#3293),.PCURVE_S1.);
#3277 = CIRCLE('',#3278,1.5);
#3278 = AXIS2_PLACEMENT_3D('',#3279,#3280,#3281);
#3279 = CARTESIAN_POINT('',(156.,-101.3,-2.6));
#3280 = DIRECTION('',(0.,0.,-1.));
#3281 = DIRECTION('',(1.,0.,0.));
#3282 = PCURVE('',#756,#3283);
#3283 = DEFINITIONAL_REPRESENTATION('',(#3284),#3292);
#3284 = ( BOUNDED_CURVE() B_SPLINE_CURVE(2,(#3285,#3286,#3287,#3288,
#3289,#3290,#3291),.UNSPECIFIED.,.T.,.F.) B_SPLINE_CURVE_WITH_KNOTS((1,2
    ,2,2,2,1),(-2.094395102393,0.,2.094395102393,4.188790204786,
6.28318530718,8.377580409573),.UNSPECIFIED.) CURVE() 
GEOMETRIC_REPRESENTATION_ITEM() RATIONAL_B_SPLINE_CURVE((1.,0.5,1.,0.5,
1.,0.5,1.)) REPRESENTATION_ITEM('') );
#3285 = CARTESIAN_POINT('',(58.5,46.2));
#3286 = CARTESIAN_POINT('',(58.5,43.601923788647));
#3287 = CARTESIAN_POINT('',(56.25,44.900961894323));
#3288 = CARTESIAN_POINT('',(54.,46.2));
#3289 = CARTESIAN_POINT('',(56.25,47.499038105677));
#3290 = CARTESIAN_POINT('',(58.5,48.798076211353));
#3291 = CARTESIAN_POINT('',(58.5,46.2));
#3292 = ( GEOMETRIC_REPRESENTATION_CONTEXT(2) 
PARAMETRIC_REPRESENTATION_CONTEXT() REPRESENTATION_CONTEXT('2D SPACE',''
  ) );
#3293 = PCURVE('',#3294,#3299);
#3294 = CYLINDRICAL_SURFACE('',#3295,1.5);
#3295 = AXIS2_PLACEMENT_3D('',#3296,#3297,#3298);
#3296 = CARTESIAN_POINT('',(156.,-101.3,-2.7));
#3297 = DIRECTION('',(-0.,-0.,-1.));
#3298 = DIRECTION('',(1.,0.,0.));
#3299 = DEFINITIONAL_REPRESENTATION('',(#3300),#3304);
#3300 = LINE('',#3301,#3302);
#3301 = CARTESIAN_POINT('',(-6.28318530718,-0.1));
#3302 = VECTOR('',#3303,1.);
#3303 = DIRECTION('',(1.,-0.));
#3304 = ( GEOMETRIC_REPRESENTATION_CONTEXT(2) 
PARAMETRIC_REPRESENTATION_CONTEXT() REPRESENTATION_CONTEXT('2D SPACE',''
  ) );
#3305 = ADVANCED_FACE('',(#3306),#3294,.T.);
#3306 = FACE_BOUND('',#3307,.F.);
#3307 = EDGE_LOOP('',(#3308,#3309,#3332,#3359));
#3308 = ORIENTED_EDGE('',*,*,#3273,.T.);
#3309 = ORIENTED_EDGE('',*,*,#3310,.T.);
#3310 = EDGE_CURVE('',#3274,#3311,#3313,.T.);
#3311 = VERTEX_POINT('',#3312);
#3312 = CARTESIAN_POINT('',(157.5,-101.3,0.));
#3313 = SEAM_CURVE('',#3314,(#3318,#3325),.PCURVE_S1.);
#3314 = LINE('',#3315,#3316);
#3315 = CARTESIAN_POINT('',(157.5,-101.3,-2.7));
#3316 = VECTOR('',#3317,1.);
#3317 = DIRECTION('',(0.,0.,1.));
#3318 = PCURVE('',#3294,#3319);
#3319 = DEFINITIONAL_REPRESENTATION('',(#3320),#3324);
#3320 = LINE('',#3321,#3322);
#3321 = CARTESIAN_POINT('',(-6.28318530718,0.));
#3322 = VECTOR('',#3323,1.);
#3323 = DIRECTION('',(-0.,-1.));
#3324 = ( GEOMETRIC_REPRESENTATION_CONTEXT(2) 
PARAMETRIC_REPRESENTATION_CONTEXT() REPRESENTATION_CONTEXT('2D SPACE',''
  ) );
#3325 = PCURVE('',#3294,#3326);
#3326 = DEFINITIONAL_REPRESENTATION('',(#3327),#3331);
#3327 = LINE('',#3328,#3329);
#3328 = CARTESIAN_POINT('',(-0.,0.));
#3329 = VECTOR('',#3330,1.);
#3330 = DIRECTION('',(-0.,-1.));
#3331 = ( GEOMETRIC_REPRESENTATION_CONTEXT(2) 
PARAMETRIC_REPRESENTATION_CONTEXT() REPRESENTATION_CONTEXT('2D SPACE',''
  ) );
#3332 = ORIENTED_EDGE('',*,*,#3333,.T.);
#3333 = EDGE_CURVE('',#3311,#3311,#3334,.T.);
#3334 = SURFACE_CURVE('',#3335,(#3340,#3347),.PCURVE_S1.);
#3335 = CIRCLE('',#3336,1.5);
#3336 = AXIS2_PLACEMENT_3D('',#3337,#3338,#3339);
#3337 = CARTESIAN_POINT('',(156.,-101.3,0.));
#3338 = DIRECTION('',(0.,0.,1.));
#3339 = DIRECTION('',(1.,0.,0.));
#3340 = PCURVE('',#3294,#3341);
#3341 = DEFINITIONAL_REPRESENTATION('',(#3342),#3346);
#3342 = LINE('',#3343,#3344);
#3343 = CARTESIAN_POINT('',(-0.,-2.7));
#3344 = VECTOR('',#3345,1.);
#3345 = DIRECTION('',(-1.,0.));
#3346 = ( GEOMETRIC_REPRESENTATION_CONTEXT(2) 
PARAMETRIC_REPRESENTATION_CONTEXT() REPRESENTATION_CONTEXT('2D SPACE',''
  ) );
#3347 = PCURVE('',#3348,#3353);
#3348 = PLANE('',#3349);
#3349 = AXIS2_PLACEMENT_3D('',#3350,#3351,#3352);
#3350 = CARTESIAN_POINT('',(156.,-101.3,0.));
#3351 = DIRECTION('',(0.,0.,1.));
#3352 = DIRECTION('',(1.,0.,-0.));
#3353 = DEFINITIONAL_REPRESENTATION('',(#3354),#3358);
#3354 = CIRCLE('',#3355,1.5);
#3355 = AXIS2_PLACEMENT_2D('',#3356,#3357);
#3356 = CARTESIAN_POINT('',(0.,0.));
#3357 = DIRECTION('',(1.,0.));
#3358 = ( GEOMETRIC_REPRESENTATION_CONTEXT(2) 
PARAMETRIC_REPRESENTATION_CONTEXT() REPRESENTATION_CONTEXT('2D SPACE',''
  ) );
#3359 = ORIENTED_EDGE('',*,*,#3310,.F.);
#3360 = ADVANCED_FACE('',(#3361),#3348,.T.);
#3361 = FACE_BOUND('',#3362,.T.);
#3362 = EDGE_LOOP('',(#3363));
#3363 = ORIENTED_EDGE('',*,*,#3333,.T.);
#3364 = ADVANCED_FACE('',(#3365),#3259,.T.);
#3365 = FACE_BOUND('',#3366,.F.);
#3366 = EDGE_LOOP('',(#3367,#3368,#3391,#3418));
#3367 = ORIENTED_EDGE('',*,*,#3238,.T.);
#3368 = ORIENTED_EDGE('',*,*,#3369,.T.);
#3369 = EDGE_CURVE('',#3239,#3370,#3372,.T.);
#3370 = VERTEX_POINT('',#3371);
#3371 = CARTESIAN_POINT('',(161.7,-118.5,0.));
#3372 = SEAM_CURVE('',#3373,(#3377,#3384),.PCURVE_S1.);
#3373 = LINE('',#3374,#3375);
#3374 = CARTESIAN_POINT('',(161.7,-118.5,-2.7));
#3375 = VECTOR('',#3376,1.);
#3376 = DIRECTION('',(0.,0.,1.));
#3377 = PCURVE('',#3259,#3378);
#3378 = DEFINITIONAL_REPRESENTATION('',(#3379),#3383);
#3379 = LINE('',#3380,#3381);
#3380 = CARTESIAN_POINT('',(-6.28318530718,0.));
#3381 = VECTOR('',#3382,1.);
#3382 = DIRECTION('',(-0.,-1.));
#3383 = ( GEOMETRIC_REPRESENTATION_CONTEXT(2) 
PARAMETRIC_REPRESENTATION_CONTEXT() REPRESENTATION_CONTEXT('2D SPACE',''
  ) );
#3384 = PCURVE('',#3259,#3385);
#3385 = DEFINITIONAL_REPRESENTATION('',(#3386),#3390);
#3386 = LINE('',#3387,#3388);
#3387 = CARTESIAN_POINT('',(-0.,0.));
#3388 = VECTOR('',#3389,1.);
#3389 = DIRECTION('',(-0.,-1.));
#3390 = ( GEOMETRIC_REPRESENTATION_CONTEXT(2) 
PARAMETRIC_REPRESENTATION_CONTEXT() REPRESENTATION_CONTEXT('2D SPACE',''
  ) );
#3391 = ORIENTED_EDGE('',*,*,#3392,.T.);
#3392 = EDGE_CURVE('',#3370,#3370,#3393,.T.);
#3393 = SURFACE_CURVE('',#3394,(#3399,#3406),.PCURVE_S1.);
#3394 = CIRCLE('',#3395,2.5);
#3395 = AXIS2_PLACEMENT_3D('',#3396,#3397,#3398);
#3396 = CARTESIAN_POINT('',(159.2,-118.5,0.));
#3397 = DIRECTION('',(0.,0.,1.));
#3398 = DIRECTION('',(1.,0.,0.));
#3399 = PCURVE('',#3259,#3400);
#3400 = DEFINITIONAL_REPRESENTATION('',(#3401),#3405);
#3401 = LINE('',#3402,#3403);
#3402 = CARTESIAN_POINT('',(-0.,-2.7));
#3403 = VECTOR('',#3404,1.);
#3404 = DIRECTION('',(-1.,0.));
#3405 = ( GEOMETRIC_REPRESENTATION_CONTEXT(2) 
PARAMETRIC_REPRESENTATION_CONTEXT() REPRESENTATION_CONTEXT('2D SPACE',''
  ) );
#3406 = PCURVE('',#3407,#3412);
#3407 = PLANE('',#3408);
#3408 = AXIS2_PLACEMENT_3D('',#3409,#3410,#3411);
#3409 = CARTESIAN_POINT('',(159.2,-118.5,0.));
#3410 = DIRECTION('',(0.,0.,1.));
#3411 = DIRECTION('',(1.,0.,-0.));
#3412 = DEFINITIONAL_REPRESENTATION('',(#3413),#3417);
#3413 = CIRCLE('',#3414,2.5);
#3414 = AXIS2_PLACEMENT_2D('',#3415,#3416);
#3415 = CARTESIAN_POINT('',(0.,0.));
#3416 = DIRECTION('',(1.,0.));
#3417 = ( GEOMETRIC_REPRESENTATION_CONTEXT(2) 
PARAMETRIC_REPRESENTATION_CONTEXT() REPRESENTATION_CONTEXT('2D SPACE',''
  ) );
#3418 = ORIENTED_EDGE('',*,*,#3369,.F.);
#3419 = ADVANCED_FACE('',(#3420,#3423),#3407,.T.);
#3420 = FACE_BOUND('',#3421,.T.);
#3421 = EDGE_LOOP('',(#3422));
#3422 = ORIENTED_EDGE('',*,*,#3392,.T.);
#3423 = FACE_BOUND('',#3424,.T.);
#3424 = EDGE_LOOP('',(#3425));
#3425 = ORIENTED_EDGE('',*,*,#3426,.T.);
#3426 = EDGE_CURVE('',#3427,#3427,#3429,.T.);
#3427 = VERTEX_POINT('',#3428);
#3428 = CARTESIAN_POINT('',(160.35,-118.5,0.));
#3429 = SURFACE_CURVE('',#3430,(#3435,#3446),.PCURVE_S1.);
#3430 = CIRCLE('',#3431,1.15);
#3431 = AXIS2_PLACEMENT_3D('',#3432,#3433,#3434);
#3432 = CARTESIAN_POINT('',(159.2,-118.5,0.));
#3433 = DIRECTION('',(0.,0.,-1.));
#3434 = DIRECTION('',(1.,0.,0.));
#3435 = PCURVE('',#3407,#3436);
#3436 = DEFINITIONAL_REPRESENTATION('',(#3437),#3445);
#3437 = ( BOUNDED_CURVE() B_SPLINE_CURVE(2,(#3438,#3439,#3440,#3441,
#3442,#3443,#3444),.UNSPECIFIED.,.T.,.F.) B_SPLINE_CURVE_WITH_KNOTS((1,2
    ,2,2,2,1),(-2.094395102393,0.,2.094395102393,4.188790204786,
6.28318530718,8.377580409573),.UNSPECIFIED.) CURVE() 
GEOMETRIC_REPRESENTATION_ITEM() RATIONAL_B_SPLINE_CURVE((1.,0.5,1.,0.5,
1.,0.5,1.)) REPRESENTATION_ITEM('') );
#3438 = CARTESIAN_POINT('',(1.15,0.));
#3439 = CARTESIAN_POINT('',(1.15,-1.991858428704));
#3440 = CARTESIAN_POINT('',(-0.575,-0.995929214352));
#3441 = CARTESIAN_POINT('',(-2.3,-2.816687638039E-16));
#3442 = CARTESIAN_POINT('',(-0.575,0.995929214352));
#3443 = CARTESIAN_POINT('',(1.15,1.991858428704));
#3444 = CARTESIAN_POINT('',(1.15,0.));
#3445 = ( GEOMETRIC_REPRESENTATION_CONTEXT(2) 
PARAMETRIC_REPRESENTATION_CONTEXT() REPRESENTATION_CONTEXT('2D SPACE',''
  ) );
#3446 = PCURVE('',#3447,#3452);
#3447 = CYLINDRICAL_SURFACE('',#3448,1.15);
#3448 = AXIS2_PLACEMENT_3D('',#3449,#3450,#3451);
#3449 = CARTESIAN_POINT('',(159.2,-118.5,-5.2));
#3450 = DIRECTION('',(-0.,-0.,-1.));
#3451 = DIRECTION('',(1.,0.,0.));
#3452 = DEFINITIONAL_REPRESENTATION('',(#3453),#3457);
#3453 = LINE('',#3454,#3455);
#3454 = CARTESIAN_POINT('',(-6.28318530718,-5.2));
#3455 = VECTOR('',#3456,1.);
#3456 = DIRECTION('',(1.,-0.));
#3457 = ( GEOMETRIC_REPRESENTATION_CONTEXT(2) 
PARAMETRIC_REPRESENTATION_CONTEXT() REPRESENTATION_CONTEXT('2D SPACE',''
  ) );
#3458 = ADVANCED_FACE('',(#3459),#3447,.F.);
#3459 = FACE_BOUND('',#3460,.T.);
#3460 = EDGE_LOOP('',(#3461,#3494,#3515,#3516));
#3461 = ORIENTED_EDGE('',*,*,#3462,.T.);
#3462 = EDGE_CURVE('',#3463,#3463,#3465,.T.);
#3463 = VERTEX_POINT('',#3464);
#3464 = CARTESIAN_POINT('',(160.35,-118.5,-2.2));
#3465 = SURFACE_CURVE('',#3466,(#3471,#3478),.PCURVE_S1.);
#3466 = CIRCLE('',#3467,1.15);
#3467 = AXIS2_PLACEMENT_3D('',#3468,#3469,#3470);
#3468 = CARTESIAN_POINT('',(159.2,-118.5,-2.2));
#3469 = DIRECTION('',(0.,0.,-1.));
#3470 = DIRECTION('',(1.,0.,0.));
#3471 = PCURVE('',#3447,#3472);
#3472 = DEFINITIONAL_REPRESENTATION('',(#3473),#3477);
#3473 = LINE('',#3474,#3475);
#3474 = CARTESIAN_POINT('',(-6.28318530718,-3.));
#3475 = VECTOR('',#3476,1.);
#3476 = DIRECTION('',(1.,-0.));
#3477 = ( GEOMETRIC_REPRESENTATION_CONTEXT(2) 
PARAMETRIC_REPRESENTATION_CONTEXT() REPRESENTATION_CONTEXT('2D SPACE',''
  ) );
#3478 = PCURVE('',#3479,#3484);
#3479 = PLANE('',#3480);
#3480 = AXIS2_PLACEMENT_3D('',#3481,#3482,#3483);
#3481 = CARTESIAN_POINT('',(159.2,-118.5,-2.2));
#3482 = DIRECTION('',(0.,0.,1.));
#3483 = DIRECTION('',(1.,0.,-0.));
#3484 = DEFINITIONAL_REPRESENTATION('',(#3485),#3493);
#3485 = ( BOUNDED_CURVE() B_SPLINE_CURVE(2,(#3486,#3487,#3488,#3489,
#3490,#3491,#3492),.UNSPECIFIED.,.T.,.F.) B_SPLINE_CURVE_WITH_KNOTS((1,2
    ,2,2,2,1),(-2.094395102393,0.,2.094395102393,4.188790204786,
6.28318530718,8.377580409573),.UNSPECIFIED.) CURVE() 
GEOMETRIC_REPRESENTATION_ITEM() RATIONAL_B_SPLINE_CURVE((1.,0.5,1.,0.5,
1.,0.5,1.)) REPRESENTATION_ITEM('') );
#3486 = CARTESIAN_POINT('',(1.15,0.));
#3487 = CARTESIAN_POINT('',(1.15,-1.991858428704));
#3488 = CARTESIAN_POINT('',(-0.575,-0.995929214352));
#3489 = CARTESIAN_POINT('',(-2.3,-2.816687638039E-16));
#3490 = CARTESIAN_POINT('',(-0.575,0.995929214352));
#3491 = CARTESIAN_POINT('',(1.15,1.991858428704));
#3492 = CARTESIAN_POINT('',(1.15,0.));
#3493 = ( GEOMETRIC_REPRESENTATION_CONTEXT(2) 
PARAMETRIC_REPRESENTATION_CONTEXT() REPRESENTATION_CONTEXT('2D SPACE',''
  ) );
#3494 = ORIENTED_EDGE('',*,*,#3495,.T.);
#3495 = EDGE_CURVE('',#3463,#3427,#3496,.T.);
#3496 = SEAM_CURVE('',#3497,(#3501,#3508),.PCURVE_S1.);
#3497 = LINE('',#3498,#3499);
#3498 = CARTESIAN_POINT('',(160.35,-118.5,-5.2));
#3499 = VECTOR('',#3500,1.);
#3500 = DIRECTION('',(0.,0.,1.));
#3501 = PCURVE('',#3447,#3502);
#3502 = DEFINITIONAL_REPRESENTATION('',(#3503),#3507);
#3503 = LINE('',#3504,#3505);
#3504 = CARTESIAN_POINT('',(-6.28318530718,0.));
#3505 = VECTOR('',#3506,1.);
#3506 = DIRECTION('',(-0.,-1.));
#3507 = ( GEOMETRIC_REPRESENTATION_CONTEXT(2) 
PARAMETRIC_REPRESENTATION_CONTEXT() REPRESENTATION_CONTEXT('2D SPACE',''
  ) );
#3508 = PCURVE('',#3447,#3509);
#3509 = DEFINITIONAL_REPRESENTATION('',(#3510),#3514);
#3510 = LINE('',#3511,#3512);
#3511 = CARTESIAN_POINT('',(-0.,0.));
#3512 = VECTOR('',#3513,1.);
#3513 = DIRECTION('',(-0.,-1.));
#3514 = ( GEOMETRIC_REPRESENTATION_CONTEXT(2) 
PARAMETRIC_REPRESENTATION_CONTEXT() REPRESENTATION_CONTEXT('2D SPACE',''
  ) );
#3515 = ORIENTED_EDGE('',*,*,#3426,.F.);
#3516 = ORIENTED_EDGE('',*,*,#3495,.F.);
#3517 = ADVANCED_FACE('',(#3518,#3549),#3479,.F.);
#3518 = FACE_BOUND('',#3519,.F.);
#3519 = EDGE_LOOP('',(#3520));
#3520 = ORIENTED_EDGE('',*,*,#3521,.T.);
#3521 = EDGE_CURVE('',#3522,#3522,#3524,.T.);
#3522 = VERTEX_POINT('',#3523);
#3523 = CARTESIAN_POINT('',(161.4,-118.5,-2.2));
#3524 = SURFACE_CURVE('',#3525,(#3530,#3537),.PCURVE_S1.);
#3525 = CIRCLE('',#3526,2.2);
#3526 = AXIS2_PLACEMENT_3D('',#3527,#3528,#3529);
#3527 = CARTESIAN_POINT('',(159.2,-118.5,-2.2));
#3528 = DIRECTION('',(0.,0.,1.));
#3529 = DIRECTION('',(1.,0.,0.));
#3530 = PCURVE('',#3479,#3531);
#3531 = DEFINITIONAL_REPRESENTATION('',(#3532),#3536);
#3532 = CIRCLE('',#3533,2.2);
#3533 = AXIS2_PLACEMENT_2D('',#3534,#3535);
#3534 = CARTESIAN_POINT('',(0.,0.));
#3535 = DIRECTION('',(1.,0.));
#3536 = ( GEOMETRIC_REPRESENTATION_CONTEXT(2) 
PARAMETRIC_REPRESENTATION_CONTEXT() REPRESENTATION_CONTEXT('2D SPACE',''
  ) );
#3537 = PCURVE('',#3538,#3543);
#3538 = CYLINDRICAL_SURFACE('',#3539,2.2);
#3539 = AXIS2_PLACEMENT_3D('',#3540,#3541,#3542);
#3540 = CARTESIAN_POINT('',(159.2,-118.5,-5.2));
#3541 = DIRECTION('',(-0.,-0.,-1.));
#3542 = DIRECTION('',(1.,0.,0.));
#3543 = DEFINITIONAL_REPRESENTATION('',(#3544),#3548);
#3544 = LINE('',#3545,#3546);
#3545 = CARTESIAN_POINT('',(-0.,-3.));
#3546 = VECTOR('',#3547,1.);
#3547 = DIRECTION('',(-1.,0.));
#3548 = ( GEOMETRIC_REPRESENTATION_CONTEXT(2) 
PARAMETRIC_REPRESENTATION_CONTEXT() REPRESENTATION_CONTEXT('2D SPACE',''
  ) );
#3549 = FACE_BOUND('',#3550,.F.);
#3550 = EDGE_LOOP('',(#3551));
#3551 = ORIENTED_EDGE('',*,*,#3462,.T.);
#3552 = ADVANCED_FACE('',(#3553),#3538,.F.);
#3553 = FACE_BOUND('',#3554,.T.);
#3554 = EDGE_LOOP('',(#3555,#3583,#3604,#3605));
#3555 = ORIENTED_EDGE('',*,*,#3556,.T.);
#3556 = EDGE_CURVE('',#3557,#3557,#3559,.T.);
#3557 = VERTEX_POINT('',#3558);
#3558 = CARTESIAN_POINT('',(161.4,-118.5,-4.2));
#3559 = SURFACE_CURVE('',#3560,(#3565,#3572),.PCURVE_S1.);
#3560 = CIRCLE('',#3561,2.2);
#3561 = AXIS2_PLACEMENT_3D('',#3562,#3563,#3564);
#3562 = CARTESIAN_POINT('',(159.2,-118.5,-4.2));
#3563 = DIRECTION('',(0.,0.,-1.));
#3564 = DIRECTION('',(1.,0.,0.));
#3565 = PCURVE('',#3538,#3566);
#3566 = DEFINITIONAL_REPRESENTATION('',(#3567),#3571);
#3567 = LINE('',#3568,#3569);
#3568 = CARTESIAN_POINT('',(-6.28318530718,-1.));
#3569 = VECTOR('',#3570,1.);
#3570 = DIRECTION('',(1.,-0.));
#3571 = ( GEOMETRIC_REPRESENTATION_CONTEXT(2) 
PARAMETRIC_REPRESENTATION_CONTEXT() REPRESENTATION_CONTEXT('2D SPACE',''
  ) );
#3572 = PCURVE('',#100,#3573);
#3573 = DEFINITIONAL_REPRESENTATION('',(#3574),#3582);
#3574 = ( BOUNDED_CURVE() B_SPLINE_CURVE(2,(#3575,#3576,#3577,#3578,
#3579,#3580,#3581),.UNSPECIFIED.,.T.,.F.) B_SPLINE_CURVE_WITH_KNOTS((1,2
    ,2,2,2,1),(-2.094395102393,0.,2.094395102393,4.188790204786,
6.28318530718,8.377580409573),.UNSPECIFIED.) CURVE() 
GEOMETRIC_REPRESENTATION_ITEM() RATIONAL_B_SPLINE_CURVE((1.,0.5,1.,0.5,
1.,0.5,1.)) REPRESENTATION_ITEM('') );
#3575 = CARTESIAN_POINT('',(64.8,31.4));
#3576 = CARTESIAN_POINT('',(64.8,27.589488223348));
#3577 = CARTESIAN_POINT('',(61.5,29.494744111674));
#3578 = CARTESIAN_POINT('',(58.2,31.4));
#3579 = CARTESIAN_POINT('',(61.5,33.305255888326));
#3580 = CARTESIAN_POINT('',(64.8,35.210511776652));
#3581 = CARTESIAN_POINT('',(64.8,31.4));
#3582 = ( GEOMETRIC_REPRESENTATION_CONTEXT(2) 
PARAMETRIC_REPRESENTATION_CONTEXT() REPRESENTATION_CONTEXT('2D SPACE',''
  ) );
#3583 = ORIENTED_EDGE('',*,*,#3584,.T.);
#3584 = EDGE_CURVE('',#3557,#3522,#3585,.T.);
#3585 = SEAM_CURVE('',#3586,(#3590,#3597),.PCURVE_S1.);
#3586 = LINE('',#3587,#3588);
#3587 = CARTESIAN_POINT('',(161.4,-118.5,-5.2));
#3588 = VECTOR('',#3589,1.);
#3589 = DIRECTION('',(0.,0.,1.));
#3590 = PCURVE('',#3538,#3591);
#3591 = DEFINITIONAL_REPRESENTATION('',(#3592),#3596);
#3592 = LINE('',#3593,#3594);
#3593 = CARTESIAN_POINT('',(-6.28318530718,0.));
#3594 = VECTOR('',#3595,1.);
#3595 = DIRECTION('',(-0.,-1.));
#3596 = ( GEOMETRIC_REPRESENTATION_CONTEXT(2) 
PARAMETRIC_REPRESENTATION_CONTEXT() REPRESENTATION_CONTEXT('2D SPACE',''
  ) );
#3597 = PCURVE('',#3538,#3598);
#3598 = DEFINITIONAL_REPRESENTATION('',(#3599),#3603);
#3599 = LINE('',#3600,#3601);
#3600 = CARTESIAN_POINT('',(-0.,0.));
#3601 = VECTOR('',#3602,1.);
#3602 = DIRECTION('',(-0.,-1.));
#3603 = ( GEOMETRIC_REPRESENTATION_CONTEXT(2) 
PARAMETRIC_REPRESENTATION_CONTEXT() REPRESENTATION_CONTEXT('2D SPACE',''
  ) );
#3604 = ORIENTED_EDGE('',*,*,#3521,.T.);
#3605 = ORIENTED_EDGE('',*,*,#3584,.F.);
#3606 = ADVANCED_FACE('',(#3607),#3224,.T.);
#3607 = FACE_BOUND('',#3608,.F.);
#3608 = EDGE_LOOP('',(#3609,#3610,#3633,#3660));
#3609 = ORIENTED_EDGE('',*,*,#3203,.T.);
#3610 = ORIENTED_EDGE('',*,*,#3611,.T.);
#3611 = EDGE_CURVE('',#3204,#3612,#3614,.T.);
#3612 = VERTEX_POINT('',#3613);
#3613 = CARTESIAN_POINT('',(131.1,-104.,0.));
#3614 = SEAM_CURVE('',#3615,(#3619,#3626),.PCURVE_S1.);
#3615 = LINE('',#3616,#3617);
#3616 = CARTESIAN_POINT('',(131.1,-104.,-2.7));
#3617 = VECTOR('',#3618,1.);
#3618 = DIRECTION('',(0.,0.,1.));
#3619 = PCURVE('',#3224,#3620);
#3620 = DEFINITIONAL_REPRESENTATION('',(#3621),#3625);
#3621 = LINE('',#3622,#3623);
#3622 = CARTESIAN_POINT('',(-6.28318530718,0.));
#3623 = VECTOR('',#3624,1.);
#3624 = DIRECTION('',(-0.,-1.));
#3625 = ( GEOMETRIC_REPRESENTATION_CONTEXT(2) 
PARAMETRIC_REPRESENTATION_CONTEXT() REPRESENTATION_CONTEXT('2D SPACE',''
  ) );
#3626 = PCURVE('',#3224,#3627);
#3627 = DEFINITIONAL_REPRESENTATION('',(#3628),#3632);
#3628 = LINE('',#3629,#3630);
#3629 = CARTESIAN_POINT('',(-0.,0.));
#3630 = VECTOR('',#3631,1.);
#3631 = DIRECTION('',(-0.,-1.));
#3632 = ( GEOMETRIC_REPRESENTATION_CONTEXT(2) 
PARAMETRIC_REPRESENTATION_CONTEXT() REPRESENTATION_CONTEXT('2D SPACE',''
  ) );
#3633 = ORIENTED_EDGE('',*,*,#3634,.T.);
#3634 = EDGE_CURVE('',#3612,#3612,#3635,.T.);
#3635 = SURFACE_CURVE('',#3636,(#3641,#3648),.PCURVE_S1.);
#3636 = CIRCLE('',#3637,2.5);
#3637 = AXIS2_PLACEMENT_3D('',#3638,#3639,#3640);
#3638 = CARTESIAN_POINT('',(128.6,-104.,0.));
#3639 = DIRECTION('',(0.,0.,1.));
#3640 = DIRECTION('',(1.,0.,0.));
#3641 = PCURVE('',#3224,#3642);
#3642 = DEFINITIONAL_REPRESENTATION('',(#3643),#3647);
#3643 = LINE('',#3644,#3645);
#3644 = CARTESIAN_POINT('',(-0.,-2.7));
#3645 = VECTOR('',#3646,1.);
#3646 = DIRECTION('',(-1.,0.));
#3647 = ( GEOMETRIC_REPRESENTATION_CONTEXT(2) 
PARAMETRIC_REPRESENTATION_CONTEXT() REPRESENTATION_CONTEXT('2D SPACE',''
  ) );
#3648 = PCURVE('',#3649,#3654);
#3649 = PLANE('',#3650);
#3650 = AXIS2_PLACEMENT_3D('',#3651,#3652,#3653);
#3651 = CARTESIAN_POINT('',(128.6,-104.,0.));
#3652 = DIRECTION('',(0.,0.,1.));
#3653 = DIRECTION('',(1.,0.,-0.));
#3654 = DEFINITIONAL_REPRESENTATION('',(#3655),#3659);
#3655 = CIRCLE('',#3656,2.5);
#3656 = AXIS2_PLACEMENT_2D('',#3657,#3658);
#3657 = CARTESIAN_POINT('',(0.,0.));
#3658 = DIRECTION('',(1.,0.));
#3659 = ( GEOMETRIC_REPRESENTATION_CONTEXT(2) 
PARAMETRIC_REPRESENTATION_CONTEXT() REPRESENTATION_CONTEXT('2D SPACE',''
  ) );
#3660 = ORIENTED_EDGE('',*,*,#3611,.F.);
#3661 = ADVANCED_FACE('',(#3662,#3665),#3649,.T.);
#3662 = FACE_BOUND('',#3663,.T.);
#3663 = EDGE_LOOP('',(#3664));
#3664 = ORIENTED_EDGE('',*,*,#3634,.T.);
#3665 = FACE_BOUND('',#3666,.T.);
#3666 = EDGE_LOOP('',(#3667));
#3667 = ORIENTED_EDGE('',*,*,#3668,.T.);
#3668 = EDGE_CURVE('',#3669,#3669,#3671,.T.);
#3669 = VERTEX_POINT('',#3670);
#3670 = CARTESIAN_POINT('',(129.75,-104.,0.));
#3671 = SURFACE_CURVE('',#3672,(#3677,#3688),.PCURVE_S1.);
#3672 = CIRCLE('',#3673,1.15);
#3673 = AXIS2_PLACEMENT_3D('',#3674,#3675,#3676);
#3674 = CARTESIAN_POINT('',(128.6,-104.,0.));
#3675 = DIRECTION('',(0.,0.,-1.));
#3676 = DIRECTION('',(1.,0.,0.));
#3677 = PCURVE('',#3649,#3678);
#3678 = DEFINITIONAL_REPRESENTATION('',(#3679),#3687);
#3679 = ( BOUNDED_CURVE() B_SPLINE_CURVE(2,(#3680,#3681,#3682,#3683,
#3684,#3685,#3686),.UNSPECIFIED.,.T.,.F.) B_SPLINE_CURVE_WITH_KNOTS((1,2
    ,2,2,2,1),(-2.094395102393,0.,2.094395102393,4.188790204786,
6.28318530718,8.377580409573),.UNSPECIFIED.) CURVE() 
GEOMETRIC_REPRESENTATION_ITEM() RATIONAL_B_SPLINE_CURVE((1.,0.5,1.,0.5,
1.,0.5,1.)) REPRESENTATION_ITEM('') );
#3680 = CARTESIAN_POINT('',(1.15,0.));
#3681 = CARTESIAN_POINT('',(1.15,-1.991858428704));
#3682 = CARTESIAN_POINT('',(-0.575,-0.995929214352));
#3683 = CARTESIAN_POINT('',(-2.3,-2.816687638039E-16));
#3684 = CARTESIAN_POINT('',(-0.575,0.995929214352));
#3685 = CARTESIAN_POINT('',(1.15,1.991858428704));
#3686 = CARTESIAN_POINT('',(1.15,0.));
#3687 = ( GEOMETRIC_REPRESENTATION_CONTEXT(2) 
PARAMETRIC_REPRESENTATION_CONTEXT() REPRESENTATION_CONTEXT('2D SPACE',''
  ) );
#3688 = PCURVE('',#3689,#3694);
#3689 = CYLINDRICAL_SURFACE('',#3690,1.15);
#3690 = AXIS2_PLACEMENT_3D('',#3691,#3692,#3693);
#3691 = CARTESIAN_POINT('',(128.6,-104.,-5.2));
#3692 = DIRECTION('',(-0.,-0.,-1.));
#3693 = DIRECTION('',(1.,0.,0.));
#3694 = DEFINITIONAL_REPRESENTATION('',(#3695),#3699);
#3695 = LINE('',#3696,#3697);
#3696 = CARTESIAN_POINT('',(-6.28318530718,-5.2));
#3697 = VECTOR('',#3698,1.);
#3698 = DIRECTION('',(1.,-0.));
#3699 = ( GEOMETRIC_REPRESENTATION_CONTEXT(2) 
PARAMETRIC_REPRESENTATION_CONTEXT() REPRESENTATION_CONTEXT('2D SPACE',''
  ) );
#3700 = ADVANCED_FACE('',(#3701),#3689,.F.);
#3701 = FACE_BOUND('',#3702,.T.);
#3702 = EDGE_LOOP('',(#3703,#3736,#3757,#3758));
#3703 = ORIENTED_EDGE('',*,*,#3704,.T.);
#3704 = EDGE_CURVE('',#3705,#3705,#3707,.T.);
#3705 = VERTEX_POINT('',#3706);
#3706 = CARTESIAN_POINT('',(129.75,-104.,-2.2));
#3707 = SURFACE_CURVE('',#3708,(#3713,#3720),.PCURVE_S1.);
#3708 = CIRCLE('',#3709,1.15);
#3709 = AXIS2_PLACEMENT_3D('',#3710,#3711,#3712);
#3710 = CARTESIAN_POINT('',(128.6,-104.,-2.2));
#3711 = DIRECTION('',(0.,0.,-1.));
#3712 = DIRECTION('',(1.,0.,0.));
#3713 = PCURVE('',#3689,#3714);
#3714 = DEFINITIONAL_REPRESENTATION('',(#3715),#3719);
#3715 = LINE('',#3716,#3717);
#3716 = CARTESIAN_POINT('',(-6.28318530718,-3.));
#3717 = VECTOR('',#3718,1.);
#3718 = DIRECTION('',(1.,-0.));
#3719 = ( GEOMETRIC_REPRESENTATION_CONTEXT(2) 
PARAMETRIC_REPRESENTATION_CONTEXT() REPRESENTATION_CONTEXT('2D SPACE',''
  ) );
#3720 = PCURVE('',#3721,#3726);
#3721 = PLANE('',#3722);
#3722 = AXIS2_PLACEMENT_3D('',#3723,#3724,#3725);
#3723 = CARTESIAN_POINT('',(128.6,-104.,-2.2));
#3724 = DIRECTION('',(0.,0.,1.));
#3725 = DIRECTION('',(1.,0.,-0.));
#3726 = DEFINITIONAL_REPRESENTATION('',(#3727),#3735);
#3727 = ( BOUNDED_CURVE() B_SPLINE_CURVE(2,(#3728,#3729,#3730,#3731,
#3732,#3733,#3734),.UNSPECIFIED.,.T.,.F.) B_SPLINE_CURVE_WITH_KNOTS((1,2
    ,2,2,2,1),(-2.094395102393,0.,2.094395102393,4.188790204786,
6.28318530718,8.377580409573),.UNSPECIFIED.) CURVE() 
GEOMETRIC_REPRESENTATION_ITEM() RATIONAL_B_SPLINE_CURVE((1.,0.5,1.,0.5,
1.,0.5,1.)) REPRESENTATION_ITEM('') );
#3728 = CARTESIAN_POINT('',(1.15,0.));
#3729 = CARTESIAN_POINT('',(1.15,-1.991858428704));
#3730 = CARTESIAN_POINT('',(-0.575,-0.995929214352));
#3731 = CARTESIAN_POINT('',(-2.3,-2.816687638039E-16));
#3732 = CARTESIAN_POINT('',(-0.575,0.995929214352));
#3733 = CARTESIAN_POINT('',(1.15,1.991858428704));
#3734 = CARTESIAN_POINT('',(1.15,0.));
#3735 = ( GEOMETRIC_REPRESENTATION_CONTEXT(2) 
PARAMETRIC_REPRESENTATION_CONTEXT() REPRESENTATION_CONTEXT('2D SPACE',''
  ) );
#3736 = ORIENTED_EDGE('',*,*,#3737,.T.);
#3737 = EDGE_CURVE('',#3705,#3669,#3738,.T.);
#3738 = SEAM_CURVE('',#3739,(#3743,#3750),.PCURVE_S1.);
#3739 = LINE('',#3740,#3741);
#3740 = CARTESIAN_POINT('',(129.75,-104.,-5.2));
#3741 = VECTOR('',#3742,1.);
#3742 = DIRECTION('',(0.,0.,1.));
#3743 = PCURVE('',#3689,#3744);
#3744 = DEFINITIONAL_REPRESENTATION('',(#3745),#3749);
#3745 = LINE('',#3746,#3747);
#3746 = CARTESIAN_POINT('',(-6.28318530718,0.));
#3747 = VECTOR('',#3748,1.);
#3748 = DIRECTION('',(-0.,-1.));
#3749 = ( GEOMETRIC_REPRESENTATION_CONTEXT(2) 
PARAMETRIC_REPRESENTATION_CONTEXT() REPRESENTATION_CONTEXT('2D SPACE',''
  ) );
#3750 = PCURVE('',#3689,#3751);
#3751 = DEFINITIONAL_REPRESENTATION('',(#3752),#3756);
#3752 = LINE('',#3753,#3754);
#3753 = CARTESIAN_POINT('',(-0.,0.));
#3754 = VECTOR('',#3755,1.);
#3755 = DIRECTION('',(-0.,-1.));
#3756 = ( GEOMETRIC_REPRESENTATION_CONTEXT(2) 
PARAMETRIC_REPRESENTATION_CONTEXT() REPRESENTATION_CONTEXT('2D SPACE',''
  ) );
#3757 = ORIENTED_EDGE('',*,*,#3668,.F.);
#3758 = ORIENTED_EDGE('',*,*,#3737,.F.);
#3759 = ADVANCED_FACE('',(#3760,#3791),#3721,.F.);
#3760 = FACE_BOUND('',#3761,.F.);
#3761 = EDGE_LOOP('',(#3762));
#3762 = ORIENTED_EDGE('',*,*,#3763,.T.);
#3763 = EDGE_CURVE('',#3764,#3764,#3766,.T.);
#3764 = VERTEX_POINT('',#3765);
#3765 = CARTESIAN_POINT('',(130.8,-104.,-2.2));
#3766 = SURFACE_CURVE('',#3767,(#3772,#3779),.PCURVE_S1.);
#3767 = CIRCLE('',#3768,2.2);
#3768 = AXIS2_PLACEMENT_3D('',#3769,#3770,#3771);
#3769 = CARTESIAN_POINT('',(128.6,-104.,-2.2));
#3770 = DIRECTION('',(0.,0.,1.));
#3771 = DIRECTION('',(1.,0.,0.));
#3772 = PCURVE('',#3721,#3773);
#3773 = DEFINITIONAL_REPRESENTATION('',(#3774),#3778);
#3774 = CIRCLE('',#3775,2.2);
#3775 = AXIS2_PLACEMENT_2D('',#3776,#3777);
#3776 = CARTESIAN_POINT('',(0.,0.));
#3777 = DIRECTION('',(1.,0.));
#3778 = ( GEOMETRIC_REPRESENTATION_CONTEXT(2) 
PARAMETRIC_REPRESENTATION_CONTEXT() REPRESENTATION_CONTEXT('2D SPACE',''
  ) );
#3779 = PCURVE('',#3780,#3785);
#3780 = CYLINDRICAL_SURFACE('',#3781,2.2);
#3781 = AXIS2_PLACEMENT_3D('',#3782,#3783,#3784);
#3782 = CARTESIAN_POINT('',(128.6,-104.,-5.2));
#3783 = DIRECTION('',(-0.,-0.,-1.));
#3784 = DIRECTION('',(1.,0.,0.));
#3785 = DEFINITIONAL_REPRESENTATION('',(#3786),#3790);
#3786 = LINE('',#3787,#3788);
#3787 = CARTESIAN_POINT('',(-0.,-3.));
#3788 = VECTOR('',#3789,1.);
#3789 = DIRECTION('',(-1.,0.));
#3790 = ( GEOMETRIC_REPRESENTATION_CONTEXT(2) 
PARAMETRIC_REPRESENTATION_CONTEXT() REPRESENTATION_CONTEXT('2D SPACE',''
  ) );
#3791 = FACE_BOUND('',#3792,.F.);
#3792 = EDGE_LOOP('',(#3793));
#3793 = ORIENTED_EDGE('',*,*,#3704,.T.);
#3794 = ADVANCED_FACE('',(#3795),#3780,.F.);
#3795 = FACE_BOUND('',#3796,.T.);
#3796 = EDGE_LOOP('',(#3797,#3825,#3846,#3847));
#3797 = ORIENTED_EDGE('',*,*,#3798,.T.);
#3798 = EDGE_CURVE('',#3799,#3799,#3801,.T.);
#3799 = VERTEX_POINT('',#3800);
#3800 = CARTESIAN_POINT('',(130.8,-104.,-4.2));
#3801 = SURFACE_CURVE('',#3802,(#3807,#3814),.PCURVE_S1.);
#3802 = CIRCLE('',#3803,2.2);
#3803 = AXIS2_PLACEMENT_3D('',#3804,#3805,#3806);
#3804 = CARTESIAN_POINT('',(128.6,-104.,-4.2));
#3805 = DIRECTION('',(0.,0.,-1.));
#3806 = DIRECTION('',(1.,0.,0.));
#3807 = PCURVE('',#3780,#3808);
#3808 = DEFINITIONAL_REPRESENTATION('',(#3809),#3813);
#3809 = LINE('',#3810,#3811);
#3810 = CARTESIAN_POINT('',(-6.28318530718,-1.));
#3811 = VECTOR('',#3812,1.);
#3812 = DIRECTION('',(1.,-0.));
#3813 = ( GEOMETRIC_REPRESENTATION_CONTEXT(2) 
PARAMETRIC_REPRESENTATION_CONTEXT() REPRESENTATION_CONTEXT('2D SPACE',''
  ) );
#3814 = PCURVE('',#100,#3815);
#3815 = DEFINITIONAL_REPRESENTATION('',(#3816),#3824);
#3816 = ( BOUNDED_CURVE() B_SPLINE_CURVE(2,(#3817,#3818,#3819,#3820,
#3821,#3822,#3823),.UNSPECIFIED.,.T.,.F.) B_SPLINE_CURVE_WITH_KNOTS((1,2
    ,2,2,2,1),(-2.094395102393,0.,2.094395102393,4.188790204786,
6.28318530718,8.377580409573),.UNSPECIFIED.) CURVE() 
GEOMETRIC_REPRESENTATION_ITEM() RATIONAL_B_SPLINE_CURVE((1.,0.5,1.,0.5,
1.,0.5,1.)) REPRESENTATION_ITEM('') );
#3817 = CARTESIAN_POINT('',(34.2,45.9));
#3818 = CARTESIAN_POINT('',(34.2,42.089488223348));
#3819 = CARTESIAN_POINT('',(30.9,43.994744111674));
#3820 = CARTESIAN_POINT('',(27.6,45.9));
#3821 = CARTESIAN_POINT('',(30.9,47.805255888326));
#3822 = CARTESIAN_POINT('',(34.2,49.710511776652));
#3823 = CARTESIAN_POINT('',(34.2,45.9));
#3824 = ( GEOMETRIC_REPRESENTATION_CONTEXT(2) 
PARAMETRIC_REPRESENTATION_CONTEXT() REPRESENTATION_CONTEXT('2D SPACE',''
  ) );
#3825 = ORIENTED_EDGE('',*,*,#3826,.T.);
#3826 = EDGE_CURVE('',#3799,#3764,#3827,.T.);
#3827 = SEAM_CURVE('',#3828,(#3832,#3839),.PCURVE_S1.);
#3828 = LINE('',#3829,#3830);
#3829 = CARTESIAN_POINT('',(130.8,-104.,-5.2));
#3830 = VECTOR('',#3831,1.);
#3831 = DIRECTION('',(0.,0.,1.));
#3832 = PCURVE('',#3780,#3833);
#3833 = DEFINITIONAL_REPRESENTATION('',(#3834),#3838);
#3834 = LINE('',#3835,#3836);
#3835 = CARTESIAN_POINT('',(-6.28318530718,0.));
#3836 = VECTOR('',#3837,1.);
#3837 = DIRECTION('',(-0.,-1.));
#3838 = ( GEOMETRIC_REPRESENTATION_CONTEXT(2) 
PARAMETRIC_REPRESENTATION_CONTEXT() REPRESENTATION_CONTEXT('2D SPACE',''
  ) );
#3839 = PCURVE('',#3780,#3840);
#3840 = DEFINITIONAL_REPRESENTATION('',(#3841),#3845);
#3841 = LINE('',#3842,#3843);
#3842 = CARTESIAN_POINT('',(-0.,0.));
#3843 = VECTOR('',#3844,1.);
#3844 = DIRECTION('',(-0.,-1.));
#3845 = ( GEOMETRIC_REPRESENTATION_CONTEXT(2) 
PARAMETRIC_REPRESENTATION_CONTEXT() REPRESENTATION_CONTEXT('2D SPACE',''
  ) );
#3846 = ORIENTED_EDGE('',*,*,#3763,.T.);
#3847 = ORIENTED_EDGE('',*,*,#3826,.F.);
#3848 = ADVANCED_FACE('',(#3849),#3189,.T.);
#3849 = FACE_BOUND('',#3850,.F.);
#3850 = EDGE_LOOP('',(#3851,#3852,#3875,#3902));
#3851 = ORIENTED_EDGE('',*,*,#3168,.T.);
#3852 = ORIENTED_EDGE('',*,*,#3853,.T.);
#3853 = EDGE_CURVE('',#3169,#3854,#3856,.T.);
#3854 = VERTEX_POINT('',#3855);
#3855 = CARTESIAN_POINT('',(103.1,-101.6,0.));
#3856 = SEAM_CURVE('',#3857,(#3861,#3868),.PCURVE_S1.);
#3857 = LINE('',#3858,#3859);
#3858 = CARTESIAN_POINT('',(103.1,-101.6,-2.7));
#3859 = VECTOR('',#3860,1.);
#3860 = DIRECTION('',(0.,0.,1.));
#3861 = PCURVE('',#3189,#3862);
#3862 = DEFINITIONAL_REPRESENTATION('',(#3863),#3867);
#3863 = LINE('',#3864,#3865);
#3864 = CARTESIAN_POINT('',(-6.28318530718,0.));
#3865 = VECTOR('',#3866,1.);
#3866 = DIRECTION('',(-0.,-1.));
#3867 = ( GEOMETRIC_REPRESENTATION_CONTEXT(2) 
PARAMETRIC_REPRESENTATION_CONTEXT() REPRESENTATION_CONTEXT('2D SPACE',''
  ) );
#3868 = PCURVE('',#3189,#3869);
#3869 = DEFINITIONAL_REPRESENTATION('',(#3870),#3874);
#3870 = LINE('',#3871,#3872);
#3871 = CARTESIAN_POINT('',(-0.,0.));
#3872 = VECTOR('',#3873,1.);
#3873 = DIRECTION('',(-0.,-1.));
#3874 = ( GEOMETRIC_REPRESENTATION_CONTEXT(2) 
PARAMETRIC_REPRESENTATION_CONTEXT() REPRESENTATION_CONTEXT('2D SPACE',''
  ) );
#3875 = ORIENTED_EDGE('',*,*,#3876,.T.);
#3876 = EDGE_CURVE('',#3854,#3854,#3877,.T.);
#3877 = SURFACE_CURVE('',#3878,(#3883,#3890),.PCURVE_S1.);
#3878 = CIRCLE('',#3879,1.5);
#3879 = AXIS2_PLACEMENT_3D('',#3880,#3881,#3882);
#3880 = CARTESIAN_POINT('',(101.6,-101.6,0.));
#3881 = DIRECTION('',(0.,0.,1.));
#3882 = DIRECTION('',(1.,0.,0.));
#3883 = PCURVE('',#3189,#3884);
#3884 = DEFINITIONAL_REPRESENTATION('',(#3885),#3889);
#3885 = LINE('',#3886,#3887);
#3886 = CARTESIAN_POINT('',(-0.,-2.7));
#3887 = VECTOR('',#3888,1.);
#3888 = DIRECTION('',(-1.,0.));
#3889 = ( GEOMETRIC_REPRESENTATION_CONTEXT(2) 
PARAMETRIC_REPRESENTATION_CONTEXT() REPRESENTATION_CONTEXT('2D SPACE',''
  ) );
#3890 = PCURVE('',#3891,#3896);
#3891 = PLANE('',#3892);
#3892 = AXIS2_PLACEMENT_3D('',#3893,#3894,#3895);
#3893 = CARTESIAN_POINT('',(101.6,-101.6,0.));
#3894 = DIRECTION('',(0.,0.,1.));
#3895 = DIRECTION('',(1.,0.,-0.));
#3896 = DEFINITIONAL_REPRESENTATION('',(#3897),#3901);
#3897 = CIRCLE('',#3898,1.5);
#3898 = AXIS2_PLACEMENT_2D('',#3899,#3900);
#3899 = CARTESIAN_POINT('',(0.,0.));
#3900 = DIRECTION('',(1.,0.));
#3901 = ( GEOMETRIC_REPRESENTATION_CONTEXT(2) 
PARAMETRIC_REPRESENTATION_CONTEXT() REPRESENTATION_CONTEXT('2D SPACE',''
  ) );
#3902 = ORIENTED_EDGE('',*,*,#3853,.F.);
#3903 = ADVANCED_FACE('',(#3904),#3891,.T.);
#3904 = FACE_BOUND('',#3905,.T.);
#3905 = EDGE_LOOP('',(#3906));
#3906 = ORIENTED_EDGE('',*,*,#3876,.T.);
#3907 = ADVANCED_FACE('',(#3908),#3154,.T.);
#3908 = FACE_BOUND('',#3909,.F.);
#3909 = EDGE_LOOP('',(#3910,#3911,#3934,#3961));
#3910 = ORIENTED_EDGE('',*,*,#3133,.T.);
#3911 = ORIENTED_EDGE('',*,*,#3912,.T.);
#3912 = EDGE_CURVE('',#3134,#3913,#3915,.T.);
#3913 = VERTEX_POINT('',#3914);
#3914 = CARTESIAN_POINT('',(162.3,-137.6,0.));
#3915 = SEAM_CURVE('',#3916,(#3920,#3927),.PCURVE_S1.);
#3916 = LINE('',#3917,#3918);
#3917 = CARTESIAN_POINT('',(162.3,-137.6,-2.7));
#3918 = VECTOR('',#3919,1.);
#3919 = DIRECTION('',(0.,0.,1.));
#3920 = PCURVE('',#3154,#3921);
#3921 = DEFINITIONAL_REPRESENTATION('',(#3922),#3926);
#3922 = LINE('',#3923,#3924);
#3923 = CARTESIAN_POINT('',(-6.28318530718,0.));
#3924 = VECTOR('',#3925,1.);
#3925 = DIRECTION('',(-0.,-1.));
#3926 = ( GEOMETRIC_REPRESENTATION_CONTEXT(2) 
PARAMETRIC_REPRESENTATION_CONTEXT() REPRESENTATION_CONTEXT('2D SPACE',''
  ) );
#3927 = PCURVE('',#3154,#3928);
#3928 = DEFINITIONAL_REPRESENTATION('',(#3929),#3933);
#3929 = LINE('',#3930,#3931);
#3930 = CARTESIAN_POINT('',(-0.,0.));
#3931 = VECTOR('',#3932,1.);
#3932 = DIRECTION('',(-0.,-1.));
#3933 = ( GEOMETRIC_REPRESENTATION_CONTEXT(2) 
PARAMETRIC_REPRESENTATION_CONTEXT() REPRESENTATION_CONTEXT('2D SPACE',''
  ) );
#3934 = ORIENTED_EDGE('',*,*,#3935,.T.);
#3935 = EDGE_CURVE('',#3913,#3913,#3936,.T.);
#3936 = SURFACE_CURVE('',#3937,(#3942,#3949),.PCURVE_S1.);
#3937 = CIRCLE('',#3938,1.5);
#3938 = AXIS2_PLACEMENT_3D('',#3939,#3940,#3941);
#3939 = CARTESIAN_POINT('',(160.8,-137.6,0.));
#3940 = DIRECTION('',(0.,0.,1.));
#3941 = DIRECTION('',(1.,0.,0.));
#3942 = PCURVE('',#3154,#3943);
#3943 = DEFINITIONAL_REPRESENTATION('',(#3944),#3948);
#3944 = LINE('',#3945,#3946);
#3945 = CARTESIAN_POINT('',(-0.,-2.7));
#3946 = VECTOR('',#3947,1.);
#3947 = DIRECTION('',(-1.,0.));
#3948 = ( GEOMETRIC_REPRESENTATION_CONTEXT(2) 
PARAMETRIC_REPRESENTATION_CONTEXT() REPRESENTATION_CONTEXT('2D SPACE',''
  ) );
#3949 = PCURVE('',#3950,#3955);
#3950 = PLANE('',#3951);
#3951 = AXIS2_PLACEMENT_3D('',#3952,#3953,#3954);
#3952 = CARTESIAN_POINT('',(160.8,-137.6,0.));
#3953 = DIRECTION('',(0.,0.,1.));
#3954 = DIRECTION('',(1.,0.,-0.));
#3955 = DEFINITIONAL_REPRESENTATION('',(#3956),#3960);
#3956 = CIRCLE('',#3957,1.5);
#3957 = AXIS2_PLACEMENT_2D('',#3958,#3959);
#3958 = CARTESIAN_POINT('',(0.,0.));
#3959 = DIRECTION('',(1.,0.));
#3960 = ( GEOMETRIC_REPRESENTATION_CONTEXT(2) 
PARAMETRIC_REPRESENTATION_CONTEXT() REPRESENTATION_CONTEXT('2D SPACE',''
  ) );
#3961 = ORIENTED_EDGE('',*,*,#3912,.F.);
#3962 = ADVANCED_FACE('',(#3963),#3950,.T.);
#3963 = FACE_BOUND('',#3964,.T.);
#3964 = EDGE_LOOP('',(#3965));
#3965 = ORIENTED_EDGE('',*,*,#3935,.T.);
#3966 = ADVANCED_FACE('',(#3967),#3119,.T.);
#3967 = FACE_BOUND('',#3968,.F.);
#3968 = EDGE_LOOP('',(#3969,#3970,#3993,#4020));
#3969 = ORIENTED_EDGE('',*,*,#3098,.T.);
#3970 = ORIENTED_EDGE('',*,*,#3971,.T.);
#3971 = EDGE_CURVE('',#3099,#3972,#3974,.T.);
#3972 = VERTEX_POINT('',#3973);
#3973 = CARTESIAN_POINT('',(103.1,-134.5,0.));
#3974 = SEAM_CURVE('',#3975,(#3979,#3986),.PCURVE_S1.);
#3975 = LINE('',#3976,#3977);
#3976 = CARTESIAN_POINT('',(103.1,-134.5,-2.7));
#3977 = VECTOR('',#3978,1.);
#3978 = DIRECTION('',(0.,0.,1.));
#3979 = PCURVE('',#3119,#3980);
#3980 = DEFINITIONAL_REPRESENTATION('',(#3981),#3985);
#3981 = LINE('',#3982,#3983);
#3982 = CARTESIAN_POINT('',(-6.28318530718,0.));
#3983 = VECTOR('',#3984,1.);
#3984 = DIRECTION('',(-0.,-1.));
#3985 = ( GEOMETRIC_REPRESENTATION_CONTEXT(2) 
PARAMETRIC_REPRESENTATION_CONTEXT() REPRESENTATION_CONTEXT('2D SPACE',''
  ) );
#3986 = PCURVE('',#3119,#3987);
#3987 = DEFINITIONAL_REPRESENTATION('',(#3988),#3992);
#3988 = LINE('',#3989,#3990);
#3989 = CARTESIAN_POINT('',(-0.,0.));
#3990 = VECTOR('',#3991,1.);
#3991 = DIRECTION('',(-0.,-1.));
#3992 = ( GEOMETRIC_REPRESENTATION_CONTEXT(2) 
PARAMETRIC_REPRESENTATION_CONTEXT() REPRESENTATION_CONTEXT('2D SPACE',''
  ) );
#3993 = ORIENTED_EDGE('',*,*,#3994,.T.);
#3994 = EDGE_CURVE('',#3972,#3972,#3995,.T.);
#3995 = SURFACE_CURVE('',#3996,(#4001,#4008),.PCURVE_S1.);
#3996 = CIRCLE('',#3997,1.5);
#3997 = AXIS2_PLACEMENT_3D('',#3998,#3999,#4000);
#3998 = CARTESIAN_POINT('',(101.6,-134.5,0.));
#3999 = DIRECTION('',(0.,0.,1.));
#4000 = DIRECTION('',(1.,0.,0.));
#4001 = PCURVE('',#3119,#4002);
#4002 = DEFINITIONAL_REPRESENTATION('',(#4003),#4007);
#4003 = LINE('',#4004,#4005);
#4004 = CARTESIAN_POINT('',(-0.,-2.7));
#4005 = VECTOR('',#4006,1.);
#4006 = DIRECTION('',(-1.,0.));
#4007 = ( GEOMETRIC_REPRESENTATION_CONTEXT(2) 
PARAMETRIC_REPRESENTATION_CONTEXT() REPRESENTATION_CONTEXT('2D SPACE',''
  ) );
#4008 = PCURVE('',#4009,#4014);
#4009 = PLANE('',#4010);
#4010 = AXIS2_PLACEMENT_3D('',#4011,#4012,#4013);
#4011 = CARTESIAN_POINT('',(101.6,-134.5,0.));
#4012 = DIRECTION('',(0.,0.,1.));
#4013 = DIRECTION('',(1.,0.,-0.));
#4014 = DEFINITIONAL_REPRESENTATION('',(#4015),#4019);
#4015 = CIRCLE('',#4016,1.5);
#4016 = AXIS2_PLACEMENT_2D('',#4017,#4018);
#4017 = CARTESIAN_POINT('',(0.,0.));
#4018 = DIRECTION('',(1.,0.));
#4019 = ( GEOMETRIC_REPRESENTATION_CONTEXT(2) 
PARAMETRIC_REPRESENTATION_CONTEXT() REPRESENTATION_CONTEXT('2D SPACE',''
  ) );
#4020 = ORIENTED_EDGE('',*,*,#3971,.F.);
#4021 = ADVANCED_FACE('',(#4022),#4009,.T.);
#4022 = FACE_BOUND('',#4023,.T.);
#4023 = EDGE_LOOP('',(#4024));
#4024 = ORIENTED_EDGE('',*,*,#3994,.T.);
#4025 = ADVANCED_FACE('',(#4026),#784,.F.);
#4026 = FACE_BOUND('',#4027,.F.);
#4027 = EDGE_LOOP('',(#4028,#4029,#4030,#4031,#4055,#4074));
#4028 = ORIENTED_EDGE('',*,*,#2514,.F.);
#4029 = ORIENTED_EDGE('',*,*,#3068,.T.);
#4030 = ORIENTED_EDGE('',*,*,#768,.F.);
#4031 = ORIENTED_EDGE('',*,*,#4032,.F.);
#4032 = EDGE_CURVE('',#4033,#769,#4035,.T.);
#4033 = VERTEX_POINT('',#4034);
#4034 = CARTESIAN_POINT('',(99.3,-147.3244997998,1.));
#4035 = SURFACE_CURVE('',#4036,(#4041,#4048),.PCURVE_S1.);
#4036 = CIRCLE('',#4037,0.8);
#4037 = AXIS2_PLACEMENT_3D('',#4038,#4039,#4040);
#4038 = CARTESIAN_POINT('',(99.8,-146.7,1.));
#4039 = DIRECTION('',(0.,0.,1.));
#4040 = DIRECTION('',(-1.,-0.,0.));
#4041 = PCURVE('',#784,#4042);
#4042 = DEFINITIONAL_REPRESENTATION('',(#4043),#4047);
#4043 = LINE('',#4044,#4045);
#4044 = CARTESIAN_POINT('',(0.,-0.1));
#4045 = VECTOR('',#4046,1.);
#4046 = DIRECTION('',(1.,0.));
#4047 = ( GEOMETRIC_REPRESENTATION_CONTEXT(2) 
PARAMETRIC_REPRESENTATION_CONTEXT() REPRESENTATION_CONTEXT('2D SPACE',''
  ) );
#4048 = PCURVE('',#375,#4049);
#4049 = DEFINITIONAL_REPRESENTATION('',(#4050),#4054);
#4050 = CIRCLE('',#4051,0.8);
#4051 = AXIS2_PLACEMENT_2D('',#4052,#4053);
#4052 = CARTESIAN_POINT('',(0.5,4.2));
#4053 = DIRECTION('',(-1.,0.));
#4054 = ( GEOMETRIC_REPRESENTATION_CONTEXT(2) 
PARAMETRIC_REPRESENTATION_CONTEXT() REPRESENTATION_CONTEXT('2D SPACE',''
  ) );
#4055 = ORIENTED_EDGE('',*,*,#4056,.T.);
#4056 = EDGE_CURVE('',#4033,#2754,#4057,.T.);
#4057 = SURFACE_CURVE('',#4058,(#4062,#4068),.PCURVE_S1.);
#4058 = LINE('',#4059,#4060);
#4059 = CARTESIAN_POINT('',(99.3,-147.3244997998,1.1));
#4060 = VECTOR('',#4061,1.);
#4061 = DIRECTION('',(0.,0.,1.));
#4062 = PCURVE('',#784,#4063);
#4063 = DEFINITIONAL_REPRESENTATION('',(#4064),#4067);
#4064 = B_SPLINE_CURVE_WITH_KNOTS('',1,(#4065,#4066),.UNSPECIFIED.,.F.,
  .F.,(2,2),(-1.36,2.2000006),.PIECEWISE_BEZIER_KNOTS.);
#4065 = CARTESIAN_POINT('',(0.895664793858,-1.36));
#4066 = CARTESIAN_POINT('',(0.895664793858,2.2000006));
#4067 = ( GEOMETRIC_REPRESENTATION_CONTEXT(2) 
PARAMETRIC_REPRESENTATION_CONTEXT() REPRESENTATION_CONTEXT('2D SPACE',''
  ) );
#4068 = PCURVE('',#402,#4069);
#4069 = DEFINITIONAL_REPRESENTATION('',(#4070),#4073);
#4070 = B_SPLINE_CURVE_WITH_KNOTS('',1,(#4071,#4072),.UNSPECIFIED.,.F.,
  .F.,(2,2),(-1.36,2.2000006),.PIECEWISE_BEZIER_KNOTS.);
#4071 = CARTESIAN_POINT('',(-1.26,-3.57550020016));
#4072 = CARTESIAN_POINT('',(2.3000006,-3.57550020016));
#4073 = ( GEOMETRIC_REPRESENTATION_CONTEXT(2) 
PARAMETRIC_REPRESENTATION_CONTEXT() REPRESENTATION_CONTEXT('2D SPACE',''
  ) );
#4074 = ORIENTED_EDGE('',*,*,#2774,.F.);
#4075 = ADVANCED_FACE('',(#4076),#631,.T.);
#4076 = FACE_BOUND('',#4077,.T.);
#4077 = EDGE_LOOP('',(#4078,#4079,#4100,#4101,#4102,#4103,#4104,#4105));
#4078 = ORIENTED_EDGE('',*,*,#616,.F.);
#4079 = ORIENTED_EDGE('',*,*,#4080,.T.);
#4080 = EDGE_CURVE('',#617,#1706,#4081,.T.);
#4081 = SURFACE_CURVE('',#4082,(#4086,#4093),.PCURVE_S1.);
#4082 = LINE('',#4083,#4084);
#4083 = CARTESIAN_POINT('',(98.,-148.5,3.3));
#4084 = VECTOR('',#4085,1.);
#4085 = DIRECTION('',(1.,0.,0.));
#4086 = PCURVE('',#631,#4087);
#4087 = DEFINITIONAL_REPRESENTATION('',(#4088),#4092);
#4088 = LINE('',#4089,#4090);
#4089 = CARTESIAN_POINT('',(0.,0.));
#4090 = VECTOR('',#4091,1.);
#4091 = DIRECTION('',(1.,0.));
#4092 = ( GEOMETRIC_REPRESENTATION_CONTEXT(2) 
PARAMETRIC_REPRESENTATION_CONTEXT() REPRESENTATION_CONTEXT('2D SPACE',''
  ) );
#4093 = PCURVE('',#657,#4094);
#4094 = DEFINITIONAL_REPRESENTATION('',(#4095),#4099);
#4095 = LINE('',#4096,#4097);
#4096 = CARTESIAN_POINT('',(1.2,0.));
#4097 = VECTOR('',#4098,1.);
#4098 = DIRECTION('',(0.,1.));
#4099 = ( GEOMETRIC_REPRESENTATION_CONTEXT(2) 
PARAMETRIC_REPRESENTATION_CONTEXT() REPRESENTATION_CONTEXT('2D SPACE',''
  ) );
#4100 = ORIENTED_EDGE('',*,*,#1728,.F.);
#4101 = ORIENTED_EDGE('',*,*,#1601,.T.);
#4102 = ORIENTED_EDGE('',*,*,#1173,.T.);
#4103 = ORIENTED_EDGE('',*,*,#901,.F.);
#4104 = ORIENTED_EDGE('',*,*,#876,.F.);
#4105 = ORIENTED_EDGE('',*,*,#690,.T.);
#4106 = ADVANCED_FACE('',(#4107),#657,.F.);
#4107 = FACE_BOUND('',#4108,.F.);
#4108 = EDGE_LOOP('',(#4109,#4130,#4131,#4132));
#4109 = ORIENTED_EDGE('',*,*,#4110,.F.);
#4110 = EDGE_CURVE('',#643,#1678,#4111,.T.);
#4111 = SURFACE_CURVE('',#4112,(#4116,#4123),.PCURVE_S1.);
#4112 = LINE('',#4113,#4114);
#4113 = CARTESIAN_POINT('',(98.,-148.5,2.1));
#4114 = VECTOR('',#4115,1.);
#4115 = DIRECTION('',(1.,0.,0.));
#4116 = PCURVE('',#657,#4117);
#4117 = DEFINITIONAL_REPRESENTATION('',(#4118),#4122);
#4118 = LINE('',#4119,#4120);
#4119 = CARTESIAN_POINT('',(0.,0.));
#4120 = VECTOR('',#4121,1.);
#4121 = DIRECTION('',(0.,1.));
#4122 = ( GEOMETRIC_REPRESENTATION_CONTEXT(2) 
PARAMETRIC_REPRESENTATION_CONTEXT() REPRESENTATION_CONTEXT('2D SPACE',''
  ) );
#4123 = PCURVE('',#525,#4124);
#4124 = DEFINITIONAL_REPRESENTATION('',(#4125),#4129);
#4125 = LINE('',#4126,#4127);
#4126 = CARTESIAN_POINT('',(1.4,1.4));
#4127 = VECTOR('',#4128,1.);
#4128 = DIRECTION('',(1.,0.));
#4129 = ( GEOMETRIC_REPRESENTATION_CONTEXT(2) 
PARAMETRIC_REPRESENTATION_CONTEXT() REPRESENTATION_CONTEXT('2D SPACE',''
  ) );
#4130 = ORIENTED_EDGE('',*,*,#642,.F.);
#4131 = ORIENTED_EDGE('',*,*,#4080,.T.);
#4132 = ORIENTED_EDGE('',*,*,#1705,.F.);
#4133 = ADVANCED_FACE('',(#4134),#525,.T.);
#4134 = FACE_BOUND('',#4135,.T.);
#4135 = EDGE_LOOP('',(#4136,#4137,#4138,#4164,#4165,#4166,#4167,#4168));
#4136 = ORIENTED_EDGE('',*,*,#668,.F.);
#4137 = ORIENTED_EDGE('',*,*,#509,.T.);
#4138 = ORIENTED_EDGE('',*,*,#4139,.F.);
#4139 = EDGE_CURVE('',#1355,#510,#4140,.T.);
#4140 = SURFACE_CURVE('',#4141,(#4146,#4157),.PCURVE_S1.);
#4141 = CIRCLE('',#4142,3.);
#4142 = AXIS2_PLACEMENT_3D('',#4143,#4144,#4145);
#4143 = CARTESIAN_POINT('',(163.1,-146.9,2.1));
#4144 = DIRECTION('',(-0.,-0.,-1.));
#4145 = DIRECTION('',(0.,-1.,0.));
#4146 = PCURVE('',#525,#4147);
#4147 = DEFINITIONAL_REPRESENTATION('',(#4148),#4156);
#4148 = ( BOUNDED_CURVE() B_SPLINE_CURVE(2,(#4149,#4150,#4151,#4152,
#4153,#4154,#4155),.UNSPECIFIED.,.T.,.F.) B_SPLINE_CURVE_WITH_KNOTS((1,2
    ,2,2,2,1),(-2.094395102393,0.,2.094395102393,4.188790204786,
6.28318530718,8.377580409573),.UNSPECIFIED.) CURVE() 
GEOMETRIC_REPRESENTATION_ITEM() RATIONAL_B_SPLINE_CURVE((1.,0.5,1.,0.5,
1.,0.5,1.)) REPRESENTATION_ITEM('') );
#4149 = CARTESIAN_POINT('',(66.5,0.));
#4150 = CARTESIAN_POINT('',(61.303847577293,0.));
#4151 = CARTESIAN_POINT('',(63.901923788647,4.5));
#4152 = CARTESIAN_POINT('',(66.5,9.));
#4153 = CARTESIAN_POINT('',(69.098076211353,4.5));
#4154 = CARTESIAN_POINT('',(71.696152422707,4.440892098501E-15));
#4155 = CARTESIAN_POINT('',(66.5,0.));
#4156 = ( GEOMETRIC_REPRESENTATION_CONTEXT(2) 
PARAMETRIC_REPRESENTATION_CONTEXT() REPRESENTATION_CONTEXT('2D SPACE',''
  ) );
#4157 = PCURVE('',#551,#4158);
#4158 = DEFINITIONAL_REPRESENTATION('',(#4159),#4163);
#4159 = LINE('',#4160,#4161);
#4160 = CARTESIAN_POINT('',(4.712388980385,6.3));
#4161 = VECTOR('',#4162,1.);
#4162 = DIRECTION('',(-1.,0.));
#4163 = ( GEOMETRIC_REPRESENTATION_CONTEXT(2) 
PARAMETRIC_REPRESENTATION_CONTEXT() REPRESENTATION_CONTEXT('2D SPACE',''
  ) );
#4164 = ORIENTED_EDGE('',*,*,#1354,.T.);
#4165 = ORIENTED_EDGE('',*,*,#1226,.T.);
#4166 = ORIENTED_EDGE('',*,*,#1652,.F.);
#4167 = ORIENTED_EDGE('',*,*,#1677,.T.);
#4168 = ORIENTED_EDGE('',*,*,#4110,.F.);
#4169 = ADVANCED_FACE('',(#4170),#551,.T.);
#4170 = FACE_BOUND('',#4171,.F.);
#4171 = EDGE_LOOP('',(#4172,#4198,#4199,#4200));
#4172 = ORIENTED_EDGE('',*,*,#4173,.T.);
#4173 = EDGE_CURVE('',#1378,#439,#4174,.T.);
#4174 = SURFACE_CURVE('',#4175,(#4180,#4187),.PCURVE_S1.);
#4175 = CIRCLE('',#4176,3.);
#4176 = AXIS2_PLACEMENT_3D('',#4177,#4178,#4179);
#4177 = CARTESIAN_POINT('',(163.1,-146.9,-4.2));
#4178 = DIRECTION('',(-0.,-0.,-1.));
#4179 = DIRECTION('',(0.,-1.,0.));
#4180 = PCURVE('',#551,#4181);
#4181 = DEFINITIONAL_REPRESENTATION('',(#4182),#4186);
#4182 = LINE('',#4183,#4184);
#4183 = CARTESIAN_POINT('',(4.712388980385,-0.));
#4184 = VECTOR('',#4185,1.);
#4185 = DIRECTION('',(-1.,0.));
#4186 = ( GEOMETRIC_REPRESENTATION_CONTEXT(2) 
PARAMETRIC_REPRESENTATION_CONTEXT() REPRESENTATION_CONTEXT('2D SPACE',''
  ) );
#4187 = PCURVE('',#100,#4188);
#4188 = DEFINITIONAL_REPRESENTATION('',(#4189),#4197);
#4189 = ( BOUNDED_CURVE() B_SPLINE_CURVE(2,(#4190,#4191,#4192,#4193,
#4194,#4195,#4196),.UNSPECIFIED.,.T.,.F.) B_SPLINE_CURVE_WITH_KNOTS((1,2
    ,2,2,2,1),(-2.094395102393,0.,2.094395102393,4.188790204786,
6.28318530718,8.377580409573),.UNSPECIFIED.) CURVE() 
GEOMETRIC_REPRESENTATION_ITEM() RATIONAL_B_SPLINE_CURVE((1.,0.5,1.,0.5,
1.,0.5,1.)) REPRESENTATION_ITEM('') );
#4190 = CARTESIAN_POINT('',(66.5,0.));
#4191 = CARTESIAN_POINT('',(61.303847577293,0.));
#4192 = CARTESIAN_POINT('',(63.901923788647,4.5));
#4193 = CARTESIAN_POINT('',(66.5,9.));
#4194 = CARTESIAN_POINT('',(69.098076211353,4.5));
#4195 = CARTESIAN_POINT('',(71.696152422707,4.440892098501E-15));
#4196 = CARTESIAN_POINT('',(66.5,0.));
#4197 = ( GEOMETRIC_REPRESENTATION_CONTEXT(2) 
PARAMETRIC_REPRESENTATION_CONTEXT() REPRESENTATION_CONTEXT('2D SPACE',''
  ) );
#4198 = ORIENTED_EDGE('',*,*,#537,.T.);
#4199 = ORIENTED_EDGE('',*,*,#4139,.F.);
#4200 = ORIENTED_EDGE('',*,*,#1377,.F.);
#4201 = ADVANCED_FACE('',(#4202),#375,.T.);
#4202 = FACE_BOUND('',#4203,.T.);
#4203 = EDGE_LOOP('',(#4204,#4225,#4226,#4227,#4228,#4229));
#4204 = ORIENTED_EDGE('',*,*,#4205,.F.);
#4205 = EDGE_CURVE('',#359,#4033,#4206,.T.);
#4206 = SURFACE_CURVE('',#4207,(#4211,#4218),.PCURVE_S1.);
#4207 = LINE('',#4208,#4209);
#4208 = CARTESIAN_POINT('',(99.3,-150.9,1.));
#4209 = VECTOR('',#4210,1.);
#4210 = DIRECTION('',(0.,1.,0.));
#4211 = PCURVE('',#375,#4212);
#4212 = DEFINITIONAL_REPRESENTATION('',(#4213),#4217);
#4213 = LINE('',#4214,#4215);
#4214 = CARTESIAN_POINT('',(0.,0.));
#4215 = VECTOR('',#4216,1.);
#4216 = DIRECTION('',(0.,1.));
#4217 = ( GEOMETRIC_REPRESENTATION_CONTEXT(2) 
PARAMETRIC_REPRESENTATION_CONTEXT() REPRESENTATION_CONTEXT('2D SPACE',''
  ) );
#4218 = PCURVE('',#402,#4219);
#4219 = DEFINITIONAL_REPRESENTATION('',(#4220),#4224);
#4220 = LINE('',#4221,#4222);
#4221 = CARTESIAN_POINT('',(0.,0.));
#4222 = VECTOR('',#4223,1.);
#4223 = DIRECTION('',(0.,-1.));
#4224 = ( GEOMETRIC_REPRESENTATION_CONTEXT(2) 
PARAMETRIC_REPRESENTATION_CONTEXT() REPRESENTATION_CONTEXT('2D SPACE',''
  ) );
#4225 = ORIENTED_EDGE('',*,*,#358,.T.);
#4226 = ORIENTED_EDGE('',*,*,#462,.T.);
#4227 = ORIENTED_EDGE('',*,*,#567,.T.);
#4228 = ORIENTED_EDGE('',*,*,#796,.F.);
#4229 = ORIENTED_EDGE('',*,*,#4032,.F.);
#4230 = ADVANCED_FACE('',(#4231),#402,.T.);
#4231 = FACE_BOUND('',#4232,.T.);
#4232 = EDGE_LOOP('',(#4233,#4234,#4235,#4236,#4237,#4238));
#4233 = ORIENTED_EDGE('',*,*,#387,.F.);
#4234 = ORIENTED_EDGE('',*,*,#4205,.T.);
#4235 = ORIENTED_EDGE('',*,*,#4056,.T.);
#4236 = ORIENTED_EDGE('',*,*,#2753,.F.);
#4237 = ORIENTED_EDGE('',*,*,#2866,.F.);
#4238 = ORIENTED_EDGE('',*,*,#4239,.F.);
#4239 = EDGE_CURVE('',#388,#2843,#4240,.T.);
#4240 = SURFACE_CURVE('',#4241,(#4245,#4251),.PCURVE_S1.);
#4241 = LINE('',#4242,#4243);
#4242 = CARTESIAN_POINT('',(99.3,-150.4,2.1));
#4243 = VECTOR('',#4244,1.);
#4244 = DIRECTION('',(0.,1.,0.));
#4245 = PCURVE('',#402,#4246);
#4246 = DEFINITIONAL_REPRESENTATION('',(#4247),#4250);
#4247 = B_SPLINE_CURVE_WITH_KNOTS('',1,(#4248,#4249),.UNSPECIFIED.,.F.,
  .F.,(2,2),(0.5,14.1),.PIECEWISE_BEZIER_KNOTS.);
#4248 = CARTESIAN_POINT('',(1.1,-1.));
#4249 = CARTESIAN_POINT('',(1.1,-14.6));
#4250 = ( GEOMETRIC_REPRESENTATION_CONTEXT(2) 
PARAMETRIC_REPRESENTATION_CONTEXT() REPRESENTATION_CONTEXT('2D SPACE',''
  ) );
#4251 = PCURVE('',#44,#4252);
#4252 = DEFINITIONAL_REPRESENTATION('',(#4253),#4256);
#4253 = B_SPLINE_CURVE_WITH_KNOTS('',1,(#4254,#4255),.UNSPECIFIED.,.F.,
  .F.,(2,2),(0.5,14.1),.PIECEWISE_BEZIER_KNOTS.);
#4254 = CARTESIAN_POINT('',(2.7,0.));
#4255 = CARTESIAN_POINT('',(2.7,13.6));
#4256 = ( GEOMETRIC_REPRESENTATION_CONTEXT(2) 
PARAMETRIC_REPRESENTATION_CONTEXT() REPRESENTATION_CONTEXT('2D SPACE',''
  ) );
#4257 = ADVANCED_FACE('',(#4258,#4293,#4296),#100,.F.);
#4258 = FACE_BOUND('',#4259,.F.);
#4259 = EDGE_LOOP('',(#4260,#4261,#4262,#4263,#4264,#4265,#4266,#4267));
#4260 = ORIENTED_EDGE('',*,*,#84,.F.);
#4261 = ORIENTED_EDGE('',*,*,#306,.T.);
#4262 = ORIENTED_EDGE('',*,*,#438,.T.);
#4263 = ORIENTED_EDGE('',*,*,#4173,.F.);
#4264 = ORIENTED_EDGE('',*,*,#1400,.T.);
#4265 = ORIENTED_EDGE('',*,*,#1452,.T.);
#4266 = ORIENTED_EDGE('',*,*,#1530,.F.);
#4267 = ORIENTED_EDGE('',*,*,#4268,.F.);
#4268 = EDGE_CURVE('',#85,#1531,#4269,.T.);
#4269 = SURFACE_CURVE('',#4270,(#4275,#4286),.PCURVE_S1.);
#4270 = CIRCLE('',#4271,3.);
#4271 = AXIS2_PLACEMENT_3D('',#4272,#4273,#4274);
#4272 = CARTESIAN_POINT('',(99.6,-100.1,-4.2));
#4273 = DIRECTION('',(-0.,-0.,-1.));
#4274 = DIRECTION('',(0.,-1.,0.));
#4275 = PCURVE('',#100,#4276);
#4276 = DEFINITIONAL_REPRESENTATION('',(#4277),#4285);
#4277 = ( BOUNDED_CURVE() B_SPLINE_CURVE(2,(#4278,#4279,#4280,#4281,
#4282,#4283,#4284),.UNSPECIFIED.,.T.,.F.) B_SPLINE_CURVE_WITH_KNOTS((1,2
    ,2,2,2,1),(-2.094395102393,0.,2.094395102393,4.188790204786,
6.28318530718,8.377580409573),.UNSPECIFIED.) CURVE() 
GEOMETRIC_REPRESENTATION_ITEM() RATIONAL_B_SPLINE_CURVE((1.,0.5,1.,0.5,
1.,0.5,1.)) REPRESENTATION_ITEM('') );
#4278 = CARTESIAN_POINT('',(3.,46.8));
#4279 = CARTESIAN_POINT('',(-2.196152422707,46.8));
#4280 = CARTESIAN_POINT('',(0.401923788647,51.3));
#4281 = CARTESIAN_POINT('',(3.,55.8));
#4282 = CARTESIAN_POINT('',(5.598076211353,51.3));
#4283 = CARTESIAN_POINT('',(8.196152422707,46.8));
#4284 = CARTESIAN_POINT('',(3.,46.8));
#4285 = ( GEOMETRIC_REPRESENTATION_CONTEXT(2) 
PARAMETRIC_REPRESENTATION_CONTEXT() REPRESENTATION_CONTEXT('2D SPACE',''
  ) );
#4286 = PCURVE('',#128,#4287);
#4287 = DEFINITIONAL_REPRESENTATION('',(#4288),#4292);
#4288 = LINE('',#4289,#4290);
#4289 = CARTESIAN_POINT('',(1.570796326795,-0.));
#4290 = VECTOR('',#4291,1.);
#4291 = DIRECTION('',(-1.,0.));
#4292 = ( GEOMETRIC_REPRESENTATION_CONTEXT(2) 
PARAMETRIC_REPRESENTATION_CONTEXT() REPRESENTATION_CONTEXT('2D SPACE',''
  ) );
#4293 = FACE_BOUND('',#4294,.F.);
#4294 = EDGE_LOOP('',(#4295));
#4295 = ORIENTED_EDGE('',*,*,#3556,.T.);
#4296 = FACE_BOUND('',#4297,.F.);
#4297 = EDGE_LOOP('',(#4298));
#4298 = ORIENTED_EDGE('',*,*,#3798,.T.);
#4299 = ADVANCED_FACE('',(#4300),#128,.T.);
#4300 = FACE_BOUND('',#4301,.F.);
#4301 = EDGE_LOOP('',(#4302,#4303,#4304,#4330));
#4302 = ORIENTED_EDGE('',*,*,#4268,.T.);
#4303 = ORIENTED_EDGE('',*,*,#1553,.T.);
#4304 = ORIENTED_EDGE('',*,*,#4305,.F.);
#4305 = EDGE_CURVE('',#113,#1554,#4306,.T.);
#4306 = SURFACE_CURVE('',#4307,(#4312,#4319),.PCURVE_S1.);
#4307 = CIRCLE('',#4308,3.);
#4308 = AXIS2_PLACEMENT_3D('',#4309,#4310,#4311);
#4309 = CARTESIAN_POINT('',(99.6,-100.1,2.1));
#4310 = DIRECTION('',(-0.,-0.,-1.));
#4311 = DIRECTION('',(0.,-1.,0.));
#4312 = PCURVE('',#128,#4313);
#4313 = DEFINITIONAL_REPRESENTATION('',(#4314),#4318);
#4314 = LINE('',#4315,#4316);
#4315 = CARTESIAN_POINT('',(1.570796326795,6.3));
#4316 = VECTOR('',#4317,1.);
#4317 = DIRECTION('',(-1.,0.));
#4318 = ( GEOMETRIC_REPRESENTATION_CONTEXT(2) 
PARAMETRIC_REPRESENTATION_CONTEXT() REPRESENTATION_CONTEXT('2D SPACE',''
  ) );
#4319 = PCURVE('',#156,#4320);
#4320 = DEFINITIONAL_REPRESENTATION('',(#4321),#4329);
#4321 = ( BOUNDED_CURVE() B_SPLINE_CURVE(2,(#4322,#4323,#4324,#4325,
#4326,#4327,#4328),.UNSPECIFIED.,.T.,.F.) B_SPLINE_CURVE_WITH_KNOTS((1,2
    ,2,2,2,1),(-2.094395102393,0.,2.094395102393,4.188790204786,
6.28318530718,8.377580409573),.UNSPECIFIED.) CURVE() 
GEOMETRIC_REPRESENTATION_ITEM() RATIONAL_B_SPLINE_CURVE((1.,0.5,1.,0.5,
1.,0.5,1.)) REPRESENTATION_ITEM('') );
#4322 = CARTESIAN_POINT('',(3.,46.8));
#4323 = CARTESIAN_POINT('',(-2.196152422707,46.8));
#4324 = CARTESIAN_POINT('',(0.401923788647,51.3));
#4325 = CARTESIAN_POINT('',(3.,55.8));
#4326 = CARTESIAN_POINT('',(5.598076211353,51.3));
#4327 = CARTESIAN_POINT('',(8.196152422707,46.8));
#4328 = CARTESIAN_POINT('',(3.,46.8));
#4329 = ( GEOMETRIC_REPRESENTATION_CONTEXT(2) 
PARAMETRIC_REPRESENTATION_CONTEXT() REPRESENTATION_CONTEXT('2D SPACE',''
  ) );
#4330 = ORIENTED_EDGE('',*,*,#112,.F.);
#4331 = ADVANCED_FACE('',(#4332),#156,.T.);
#4332 = FACE_BOUND('',#4333,.T.);
#4333 = EDGE_LOOP('',(#4334,#4335,#4354,#4355,#4356,#4357,#4358,#4359,
    #4360,#4361,#4362,#4363));
#4334 = ORIENTED_EDGE('',*,*,#140,.F.);
#4335 = ORIENTED_EDGE('',*,*,#4336,.T.);
#4336 = EDGE_CURVE('',#141,#2304,#4337,.T.);
#4337 = SURFACE_CURVE('',#4338,(#4342,#4348),.PCURVE_S1.);
#4338 = LINE('',#4339,#4340);
#4339 = CARTESIAN_POINT('',(95.85,-120.3,2.1));
#4340 = VECTOR('',#4341,1.);
#4341 = DIRECTION('',(1.,0.,-0.));
#4342 = PCURVE('',#156,#4343);
#4343 = DEFINITIONAL_REPRESENTATION('',(#4344),#4347);
#4344 = B_SPLINE_CURVE_WITH_KNOTS('',1,(#4345,#4346),.UNSPECIFIED.,.F.,
  .F.,(2,2),(0.75,4.65),.PIECEWISE_BEZIER_KNOTS.);
#4345 = CARTESIAN_POINT('',(0.,29.6));
#4346 = CARTESIAN_POINT('',(3.9,29.6));
#4347 = ( GEOMETRIC_REPRESENTATION_CONTEXT(2) 
PARAMETRIC_REPRESENTATION_CONTEXT() REPRESENTATION_CONTEXT('2D SPACE',''
  ) );
#4348 = PCURVE('',#183,#4349);
#4349 = DEFINITIONAL_REPRESENTATION('',(#4350),#4353);
#4350 = B_SPLINE_CURVE_WITH_KNOTS('',1,(#4351,#4352),.UNSPECIFIED.,.F.,
  .F.,(2,2),(0.75,4.65),.PIECEWISE_BEZIER_KNOTS.);
#4351 = CARTESIAN_POINT('',(2.57,-1.5));
#4352 = CARTESIAN_POINT('',(2.57,-5.4));
#4353 = ( GEOMETRIC_REPRESENTATION_CONTEXT(2) 
PARAMETRIC_REPRESENTATION_CONTEXT() REPRESENTATION_CONTEXT('2D SPACE',''
  ) );
#4354 = ORIENTED_EDGE('',*,*,#2324,.T.);
#4355 = ORIENTED_EDGE('',*,*,#2194,.T.);
#4356 = ORIENTED_EDGE('',*,*,#2118,.T.);
#4357 = ORIENTED_EDGE('',*,*,#2040,.F.);
#4358 = ORIENTED_EDGE('',*,*,#1988,.F.);
#4359 = ORIENTED_EDGE('',*,*,#1883,.T.);
#4360 = ORIENTED_EDGE('',*,*,#1280,.T.);
#4361 = ORIENTED_EDGE('',*,*,#1504,.T.);
#4362 = ORIENTED_EDGE('',*,*,#1576,.F.);
#4363 = ORIENTED_EDGE('',*,*,#4305,.F.);
#4364 = ADVANCED_FACE('',(#4365),#183,.T.);
#4365 = FACE_BOUND('',#4366,.T.);
#4366 = EDGE_LOOP('',(#4367,#4368,#4389,#4390,#4391,#4392));
#4367 = ORIENTED_EDGE('',*,*,#168,.T.);
#4368 = ORIENTED_EDGE('',*,*,#4369,.T.);
#4369 = EDGE_CURVE('',#169,#2583,#4370,.T.);
#4370 = SURFACE_CURVE('',#4371,(#4375,#4382),.PCURVE_S1.);
#4371 = LINE('',#4372,#4373);
#4372 = CARTESIAN_POINT('',(95.1,-120.3,1.93));
#4373 = VECTOR('',#4374,1.);
#4374 = DIRECTION('',(1.,0.,0.));
#4375 = PCURVE('',#183,#4376);
#4376 = DEFINITIONAL_REPRESENTATION('',(#4377),#4381);
#4377 = LINE('',#4378,#4379);
#4378 = CARTESIAN_POINT('',(2.4,0.));
#4379 = VECTOR('',#4380,1.);
#4380 = DIRECTION('',(0.,-1.));
#4381 = ( GEOMETRIC_REPRESENTATION_CONTEXT(2) 
PARAMETRIC_REPRESENTATION_CONTEXT() REPRESENTATION_CONTEXT('2D SPACE',''
  ) );
#4382 = PCURVE('',#211,#4383);
#4383 = DEFINITIONAL_REPRESENTATION('',(#4384),#4388);
#4384 = LINE('',#4385,#4386);
#4385 = CARTESIAN_POINT('',(1.570796326795,0.));
#4386 = VECTOR('',#4387,1.);
#4387 = DIRECTION('',(0.,1.));
#4388 = ( GEOMETRIC_REPRESENTATION_CONTEXT(2) 
PARAMETRIC_REPRESENTATION_CONTEXT() REPRESENTATION_CONTEXT('2D SPACE',''
  ) );
#4389 = ORIENTED_EDGE('',*,*,#2582,.F.);
#4390 = ORIENTED_EDGE('',*,*,#2350,.F.);
#4391 = ORIENTED_EDGE('',*,*,#2303,.T.);
#4392 = ORIENTED_EDGE('',*,*,#4336,.F.);
#4393 = ADVANCED_FACE('',(#4394),#211,.F.);
#4394 = FACE_BOUND('',#4395,.F.);
#4395 = EDGE_LOOP('',(#4396,#4417,#4418,#4419));
#4396 = ORIENTED_EDGE('',*,*,#4397,.F.);
#4397 = EDGE_CURVE('',#195,#2604,#4398,.T.);
#4398 = SURFACE_CURVE('',#4399,(#4403,#4410),.PCURVE_S1.);
#4399 = LINE('',#4400,#4401);
#4400 = CARTESIAN_POINT('',(95.1,-122.7,-0.47));
#4401 = VECTOR('',#4402,1.);
#4402 = DIRECTION('',(1.,0.,0.));
#4403 = PCURVE('',#211,#4404);
#4404 = DEFINITIONAL_REPRESENTATION('',(#4405),#4409);
#4405 = LINE('',#4406,#4407);
#4406 = CARTESIAN_POINT('',(0.,0.));
#4407 = VECTOR('',#4408,1.);
#4408 = DIRECTION('',(0.,1.));
#4409 = ( GEOMETRIC_REPRESENTATION_CONTEXT(2) 
PARAMETRIC_REPRESENTATION_CONTEXT() REPRESENTATION_CONTEXT('2D SPACE',''
  ) );
#4410 = PCURVE('',#238,#4411);
#4411 = DEFINITIONAL_REPRESENTATION('',(#4412),#4416);
#4412 = LINE('',#4413,#4414);
#4413 = CARTESIAN_POINT('',(11.,0.));
#4414 = VECTOR('',#4415,1.);
#4415 = DIRECTION('',(0.,-1.));
#4416 = ( GEOMETRIC_REPRESENTATION_CONTEXT(2) 
PARAMETRIC_REPRESENTATION_CONTEXT() REPRESENTATION_CONTEXT('2D SPACE',''
  ) );
#4417 = ORIENTED_EDGE('',*,*,#194,.T.);
#4418 = ORIENTED_EDGE('',*,*,#4369,.T.);
#4419 = ORIENTED_EDGE('',*,*,#2603,.F.);
#4420 = ADVANCED_FACE('',(#4421),#238,.T.);
#4421 = FACE_BOUND('',#4422,.T.);
#4422 = EDGE_LOOP('',(#4423,#4424,#4445,#4446));
#4423 = ORIENTED_EDGE('',*,*,#223,.T.);
#4424 = ORIENTED_EDGE('',*,*,#4425,.T.);
#4425 = EDGE_CURVE('',#224,#2628,#4426,.T.);
#4426 = SURFACE_CURVE('',#4427,(#4431,#4438),.PCURVE_S1.);
#4427 = LINE('',#4428,#4429);
#4428 = CARTESIAN_POINT('',(95.1,-131.3,-0.47));
#4429 = VECTOR('',#4430,1.);
#4430 = DIRECTION('',(1.,0.,0.));
#4431 = PCURVE('',#238,#4432);
#4432 = DEFINITIONAL_REPRESENTATION('',(#4433),#4437);
#4433 = LINE('',#4434,#4435);
#4434 = CARTESIAN_POINT('',(2.4,0.));
#4435 = VECTOR('',#4436,1.);
#4436 = DIRECTION('',(0.,-1.));
#4437 = ( GEOMETRIC_REPRESENTATION_CONTEXT(2) 
PARAMETRIC_REPRESENTATION_CONTEXT() REPRESENTATION_CONTEXT('2D SPACE',''
  ) );
#4438 = PCURVE('',#266,#4439);
#4439 = DEFINITIONAL_REPRESENTATION('',(#4440),#4444);
#4440 = LINE('',#4441,#4442);
#4441 = CARTESIAN_POINT('',(-0.,0.));
#4442 = VECTOR('',#4443,1.);
#4443 = DIRECTION('',(-0.,1.));
#4444 = ( GEOMETRIC_REPRESENTATION_CONTEXT(2) 
PARAMETRIC_REPRESENTATION_CONTEXT() REPRESENTATION_CONTEXT('2D SPACE',''
  ) );
#4445 = ORIENTED_EDGE('',*,*,#2627,.F.);
#4446 = ORIENTED_EDGE('',*,*,#4397,.F.);
#4447 = ADVANCED_FACE('',(#4448),#266,.F.);
#4448 = FACE_BOUND('',#4449,.T.);
#4449 = EDGE_LOOP('',(#4450,#4451,#4452,#4473));
#4450 = ORIENTED_EDGE('',*,*,#4425,.F.);
#4451 = ORIENTED_EDGE('',*,*,#249,.F.);
#4452 = ORIENTED_EDGE('',*,*,#4453,.T.);
#4453 = EDGE_CURVE('',#250,#2649,#4454,.T.);
#4454 = SURFACE_CURVE('',#4455,(#4459,#4466),.PCURVE_S1.);
#4455 = LINE('',#4456,#4457);
#4456 = CARTESIAN_POINT('',(95.1,-133.7,1.93));
#4457 = VECTOR('',#4458,1.);
#4458 = DIRECTION('',(1.,0.,0.));
#4459 = PCURVE('',#266,#4460);
#4460 = DEFINITIONAL_REPRESENTATION('',(#4461),#4465);
#4461 = LINE('',#4462,#4463);
#4462 = CARTESIAN_POINT('',(-1.570796326795,0.));
#4463 = VECTOR('',#4464,1.);
#4464 = DIRECTION('',(-0.,1.));
#4465 = ( GEOMETRIC_REPRESENTATION_CONTEXT(2) 
PARAMETRIC_REPRESENTATION_CONTEXT() REPRESENTATION_CONTEXT('2D SPACE',''
  ) );
#4466 = PCURVE('',#291,#4467);
#4467 = DEFINITIONAL_REPRESENTATION('',(#4468),#4472);
#4468 = LINE('',#4469,#4470);
#4469 = CARTESIAN_POINT('',(5.,0.));
#4470 = VECTOR('',#4471,1.);
#4471 = DIRECTION('',(0.,-1.));
#4472 = ( GEOMETRIC_REPRESENTATION_CONTEXT(2) 
PARAMETRIC_REPRESENTATION_CONTEXT() REPRESENTATION_CONTEXT('2D SPACE',''
  ) );
#4473 = ORIENTED_EDGE('',*,*,#2648,.T.);
#4474 = ADVANCED_FACE('',(#4475),#291,.T.);
#4475 = FACE_BOUND('',#4476,.T.);
#4476 = EDGE_LOOP('',(#4477,#4478,#4479,#4498,#4499,#4500));
#4477 = ORIENTED_EDGE('',*,*,#4453,.F.);
#4478 = ORIENTED_EDGE('',*,*,#278,.T.);
#4479 = ORIENTED_EDGE('',*,*,#4480,.F.);
#4480 = EDGE_CURVE('',#2892,#24,#4481,.T.);
#4481 = SURFACE_CURVE('',#4482,(#4486,#4492),.PCURVE_S1.);
#4482 = LINE('',#4483,#4484);
#4483 = CARTESIAN_POINT('',(95.85,-133.7,2.1));
#4484 = VECTOR('',#4485,1.);
#4485 = DIRECTION('',(-1.,-0.,0.));
#4486 = PCURVE('',#291,#4487);
#4487 = DEFINITIONAL_REPRESENTATION('',(#4488),#4491);
#4488 = B_SPLINE_CURVE_WITH_KNOTS('',1,(#4489,#4490),.UNSPECIFIED.,.F.,
  .F.,(2,2),(-4.65,-0.75),.PIECEWISE_BEZIER_KNOTS.);
#4489 = CARTESIAN_POINT('',(4.83,-5.4));
#4490 = CARTESIAN_POINT('',(4.83,-1.5));
#4491 = ( GEOMETRIC_REPRESENTATION_CONTEXT(2) 
PARAMETRIC_REPRESENTATION_CONTEXT() REPRESENTATION_CONTEXT('2D SPACE',''
  ) );
#4492 = PCURVE('',#44,#4493);
#4493 = DEFINITIONAL_REPRESENTATION('',(#4494),#4497);
#4494 = B_SPLINE_CURVE_WITH_KNOTS('',1,(#4495,#4496),.UNSPECIFIED.,.F.,
  .F.,(2,2),(-4.65,-0.75),.PIECEWISE_BEZIER_KNOTS.);
#4495 = CARTESIAN_POINT('',(3.9,16.2));
#4496 = CARTESIAN_POINT('',(0.,16.2));
#4497 = ( GEOMETRIC_REPRESENTATION_CONTEXT(2) 
PARAMETRIC_REPRESENTATION_CONTEXT() REPRESENTATION_CONTEXT('2D SPACE',''
  ) );
#4498 = ORIENTED_EDGE('',*,*,#2914,.T.);
#4499 = ORIENTED_EDGE('',*,*,#2797,.F.);
#4500 = ORIENTED_EDGE('',*,*,#2672,.F.);
#4501 = ADVANCED_FACE('',(#4502),#44,.T.);
#4502 = FACE_BOUND('',#4503,.T.);
#4503 = EDGE_LOOP('',(#4504,#4505,#4506,#4507,#4508,#4509));
#4504 = ORIENTED_EDGE('',*,*,#21,.F.);
#4505 = ORIENTED_EDGE('',*,*,#413,.T.);
#4506 = ORIENTED_EDGE('',*,*,#4239,.T.);
#4507 = ORIENTED_EDGE('',*,*,#2842,.F.);
#4508 = ORIENTED_EDGE('',*,*,#2891,.T.);
#4509 = ORIENTED_EDGE('',*,*,#4480,.T.);
#4510 = ( GEOMETRIC_REPRESENTATION_CONTEXT(3) 
GLOBAL_UNCERTAINTY_ASSIGNED_CONTEXT((#4514)) 
GLOBAL_UNIT_ASSIGNED_CONTEXT((#4511,#4512,#4513)) REPRESENTATION_CONTEXT
('Context #1','3D Context with UNIT and UNCERTAINTY') );
#4511 = ( LENGTH_UNIT() NAMED_UNIT(*) SI_UNIT(.MILLI.,.METRE.) );
#4512 = ( NAMED_UNIT(*) PLANE_ANGLE_UNIT() SI_UNIT($,.RADIAN.) );
#4513 = ( NAMED_UNIT(*) SI_UNIT($,.STERADIAN.) SOLID_ANGLE_UNIT() );
#4514 = UNCERTAINTY_MEASURE_WITH_UNIT(LENGTH_MEASURE(1.E-07),#4511,
  'distance_accuracy_value','confusion accuracy');
#4515 = PRODUCT_RELATED_PRODUCT_CATEGORY('part',$,(#7));
ENDSEC;
END-ISO-10303-21;
