ISO-10303-21;
HEADER;
FILE_DESCRIPTION(('Open CASCADE Model'),'2;1');
FILE_NAME('Open CASCADE Shape Model','2026-10-03T08:09:13',('Author'),(
    'Open CASCADE'),'Open CASCADE STEP processor 7.9','Open CASCADE 7.9'
  ,'Unknown');
FILE_SCHEMA(('AUTOMOTIVE_DESIGN { 1 0 10303 214 1 1 1 1 }'));
ENDSEC;
DATA;
#1 = APPLICATION_PROTOCOL_DEFINITION('international standard',
  'automotive_design',2000,#2);
#2 = APPLICATION_CONTEXT(
  'core data for automotive mechanical design processes');
#3 = SHAPE_DEFINITION_REPRESENTATION(#4,#10);
#4 = PRODUCT_DEFINITION_SHAPE('','',#5);
#5 = PRODUCT_DEFINITION('design','',#6,#9);
#6 = PRODUCT_DEFINITION_FORMATION('','',#7);
#7 = PRODUCT('ESP32-S3-WROOM-1U','ESP32-S3-WROOM-1U','',(#8));
#8 = PRODUCT_CONTEXT('',#2,'mechanical');
#9 = PRODUCT_DEFINITION_CONTEXT('part definition',#2,'design');
#10 = SHAPE_REPRESENTATION('',(#11,#15,#19,#23,#27,#31),#35);
#11 = AXIS2_PLACEMENT_3D('',#12,#13,#14);
#12 = CARTESIAN_POINT('',(0.,0.,0.));
#13 = DIRECTION('',(0.,0.,1.));
#14 = DIRECTION('',(1.,0.,-0.));
#15 = AXIS2_PLACEMENT_3D('',#16,#17,#18);
#16 = CARTESIAN_POINT('',(0.,0.,0.));
#17 = DIRECTION('',(0.,0.,1.));
#18 = DIRECTION('',(1.,0.,-0.));
#19 = AXIS2_PLACEMENT_3D('',#20,#21,#22);
#20 = CARTESIAN_POINT('',(0.,0.,0.));
#21 = DIRECTION('',(0.,0.,1.));
#22 = DIRECTION('',(1.,0.,-0.));
#23 = AXIS2_PLACEMENT_3D('',#24,#25,#26);
#24 = CARTESIAN_POINT('',(0.,0.,0.));
#25 = DIRECTION('',(0.,0.,1.));
#26 = DIRECTION('',(1.,0.,-0.));
#27 = AXIS2_PLACEMENT_3D('',#28,#29,#30);
#28 = CARTESIAN_POINT('',(0.,0.,0.));
#29 = DIRECTION('',(0.,0.,1.));
#30 = DIRECTION('',(1.,0.,-0.));
#31 = AXIS2_PLACEMENT_3D('',#32,#33,#34);
#32 = CARTESIAN_POINT('',(0.,0.,0.));
#33 = DIRECTION('',(0.,0.,1.));
#34 = DIRECTION('',(1.,0.,-0.));
#35 = ( GEOMETRIC_REPRESENTATION_CONTEXT(3) 
GLOBAL_UNCERTAINTY_ASSIGNED_CONTEXT((#39)) GLOBAL_UNIT_ASSIGNED_CONTEXT(
(#36,#37,#38)) REPRESENTATION_CONTEXT('Context #1',
  '3D Context with UNIT and UNCERTAINTY') );
#36 = ( LENGTH_UNIT() NAMED_UNIT(*) SI_UNIT(.MILLI.,.METRE.) );
#37 = ( NAMED_UNIT(*) PLANE_ANGLE_UNIT() SI_UNIT($,.RADIAN.) );
#38 = ( NAMED_UNIT(*) SI_UNIT($,.STERADIAN.) SOLID_ANGLE_UNIT() );
#39 = UNCERTAINTY_MEASURE_WITH_UNIT(LENGTH_MEASURE(1.E-07),#36,
  'distance_accuracy_value','confusion accuracy');
#40 = PRODUCT_RELATED_PRODUCT_CATEGORY('part',$,(#7));
#41 = SHAPE_DEFINITION_REPRESENTATION(#42,#48);
#42 = PRODUCT_DEFINITION_SHAPE('','',#43);
#43 = PRODUCT_DEFINITION('design','',#44,#47);
#44 = PRODUCT_DEFINITION_FORMATION('','',#45);
#45 = PRODUCT('pcb','pcb','',(#46));
#46 = PRODUCT_CONTEXT('',#2,'mechanical');
#47 = PRODUCT_DEFINITION_CONTEXT('part definition',#2,'design');
#48 = ADVANCED_BREP_SHAPE_REPRESENTATION('',(#11,#49),#379);
#49 = MANIFOLD_SOLID_BREP('',#50);
#50 = CLOSED_SHELL('',(#51,#171,#271,#318,#365,#372));
#51 = ADVANCED_FACE('',(#52),#66,.F.);
#52 = FACE_BOUND('',#53,.F.);
#53 = EDGE_LOOP('',(#54,#89,#117,#145));
#54 = ORIENTED_EDGE('',*,*,#55,.F.);
#55 = EDGE_CURVE('',#56,#58,#60,.T.);
#56 = VERTEX_POINT('',#57);
#57 = CARTESIAN_POINT('',(-9.,-9.6,0.));
#58 = VERTEX_POINT('',#59);
#59 = CARTESIAN_POINT('',(-9.,-9.6,0.8));
#60 = SURFACE_CURVE('',#61,(#65,#77),.PCURVE_S1.);
#61 = LINE('',#62,#63);
#62 = CARTESIAN_POINT('',(-9.,-9.6,0.));
#63 = VECTOR('',#64,1.);
#64 = DIRECTION('',(0.,0.,1.));
#65 = PCURVE('',#66,#71);
#66 = PLANE('',#67);
#67 = AXIS2_PLACEMENT_3D('',#68,#69,#70);
#68 = CARTESIAN_POINT('',(-9.,-9.6,0.));
#69 = DIRECTION('',(1.,0.,0.));
#70 = DIRECTION('',(0.,0.,1.));
#71 = DEFINITIONAL_REPRESENTATION('',(#72),#76);
#72 = LINE('',#73,#74);
#73 = CARTESIAN_POINT('',(0.,0.));
#74 = VECTOR('',#75,1.);
#75 = DIRECTION('',(1.,0.));
#76 = ( GEOMETRIC_REPRESENTATION_CONTEXT(2) 
PARAMETRIC_REPRESENTATION_CONTEXT() REPRESENTATION_CONTEXT('2D SPACE',''
  ) );
#77 = PCURVE('',#78,#83);
#78 = PLANE('',#79);
#79 = AXIS2_PLACEMENT_3D('',#80,#81,#82);
#80 = CARTESIAN_POINT('',(-9.,-9.6,0.));
#81 = DIRECTION('',(0.,1.,0.));
#82 = DIRECTION('',(0.,0.,1.));
#83 = DEFINITIONAL_REPRESENTATION('',(#84),#88);
#84 = LINE('',#85,#86);
#85 = CARTESIAN_POINT('',(0.,0.));
#86 = VECTOR('',#87,1.);
#87 = DIRECTION('',(1.,0.));
#88 = ( GEOMETRIC_REPRESENTATION_CONTEXT(2) 
PARAMETRIC_REPRESENTATION_CONTEXT() REPRESENTATION_CONTEXT('2D SPACE',''
  ) );
#89 = ORIENTED_EDGE('',*,*,#90,.T.);
#90 = EDGE_CURVE('',#56,#91,#93,.T.);
#91 = VERTEX_POINT('',#92);
#92 = CARTESIAN_POINT('',(-9.,9.6,0.));
#93 = SURFACE_CURVE('',#94,(#98,#105),.PCURVE_S1.);
#94 = LINE('',#95,#96);
#95 = CARTESIAN_POINT('',(-9.,-9.6,0.));
#96 = VECTOR('',#97,1.);
#97 = DIRECTION('',(0.,1.,0.));
#98 = PCURVE('',#66,#99);
#99 = DEFINITIONAL_REPRESENTATION('',(#100),#104);
#100 = LINE('',#101,#102);
#101 = CARTESIAN_POINT('',(0.,0.));
#102 = VECTOR('',#103,1.);
#103 = DIRECTION('',(0.,-1.));
#104 = ( GEOMETRIC_REPRESENTATION_CONTEXT(2) 
PARAMETRIC_REPRESENTATION_CONTEXT() REPRESENTATION_CONTEXT('2D SPACE',''
  ) );
#105 = PCURVE('',#106,#111);
#106 = PLANE('',#107);
#107 = AXIS2_PLACEMENT_3D('',#108,#109,#110);
#108 = CARTESIAN_POINT('',(-9.,-9.6,0.));
#109 = DIRECTION('',(0.,0.,1.));
#110 = DIRECTION('',(1.,0.,0.));
#111 = DEFINITIONAL_REPRESENTATION('',(#112),#116);
#112 = LINE('',#113,#114);
#113 = CARTESIAN_POINT('',(0.,0.));
#114 = VECTOR('',#115,1.);
#115 = DIRECTION('',(0.,1.));
#116 = ( GEOMETRIC_REPRESENTATION_CONTEXT(2) 
PARAMETRIC_REPRESENTATION_CONTEXT() REPRESENTATION_CONTEXT('2D SPACE',''
  ) );
#117 = ORIENTED_EDGE('',*,*,#118,.T.);
#118 = EDGE_CURVE('',#91,#119,#121,.T.);
#119 = VERTEX_POINT('',#120);
#120 = CARTESIAN_POINT('',(-9.,9.6,0.8));
#121 = SURFACE_CURVE('',#122,(#126,#133),.PCURVE_S1.);
#122 = LINE('',#123,#124);
#123 = CARTESIAN_POINT('',(-9.,9.6,0.));
#124 = VECTOR('',#125,1.);
#125 = DIRECTION('',(0.,0.,1.));
#126 = PCURVE('',#66,#127);
#127 = DEFINITIONAL_REPRESENTATION('',(#128),#132);
#128 = LINE('',#129,#130);
#129 = CARTESIAN_POINT('',(0.,-19.2));
#130 = VECTOR('',#131,1.);
#131 = DIRECTION('',(1.,0.));
#132 = ( GEOMETRIC_REPRESENTATION_CONTEXT(2) 
PARAMETRIC_REPRESENTATION_CONTEXT() REPRESENTATION_CONTEXT('2D SPACE',''
  ) );
#133 = PCURVE('',#134,#139);
#134 = PLANE('',#135);
#135 = AXIS2_PLACEMENT_3D('',#136,#137,#138);
#136 = CARTESIAN_POINT('',(-9.,9.6,0.));
#137 = DIRECTION('',(0.,1.,0.));
#138 = DIRECTION('',(0.,0.,1.));
#139 = DEFINITIONAL_REPRESENTATION('',(#140),#144);
#140 = LINE('',#141,#142);
#141 = CARTESIAN_POINT('',(0.,0.));
#142 = VECTOR('',#143,1.);
#143 = DIRECTION('',(1.,0.));
#144 = ( GEOMETRIC_REPRESENTATION_CONTEXT(2) 
PARAMETRIC_REPRESENTATION_CONTEXT() REPRESENTATION_CONTEXT('2D SPACE',''
  ) );
#145 = ORIENTED_EDGE('',*,*,#146,.F.);
#146 = EDGE_CURVE('',#58,#119,#147,.T.);
#147 = SURFACE_CURVE('',#148,(#152,#159),.PCURVE_S1.);
#148 = LINE('',#149,#150);
#149 = CARTESIAN_POINT('',(-9.,-9.6,0.8));
#150 = VECTOR('',#151,1.);
#151 = DIRECTION('',(0.,1.,0.));
#152 = PCURVE('',#66,#153);
#153 = DEFINITIONAL_REPRESENTATION('',(#154),#158);
#154 = LINE('',#155,#156);
#155 = CARTESIAN_POINT('',(0.8,0.));
#156 = VECTOR('',#157,1.);
#157 = DIRECTION('',(0.,-1.));
#158 = ( GEOMETRIC_REPRESENTATION_CONTEXT(2) 
PARAMETRIC_REPRESENTATION_CONTEXT() REPRESENTATION_CONTEXT('2D SPACE',''
  ) );
#159 = PCURVE('',#160,#165);
#160 = PLANE('',#161);
#161 = AXIS2_PLACEMENT_3D('',#162,#163,#164);
#162 = CARTESIAN_POINT('',(-9.,-9.6,0.8));
#163 = DIRECTION('',(0.,0.,1.));
#164 = DIRECTION('',(1.,0.,0.));
#165 = DEFINITIONAL_REPRESENTATION('',(#166),#170);
#166 = LINE('',#167,#168);
#167 = CARTESIAN_POINT('',(0.,0.));
#168 = VECTOR('',#169,1.);
#169 = DIRECTION('',(0.,1.));
#170 = ( GEOMETRIC_REPRESENTATION_CONTEXT(2) 
PARAMETRIC_REPRESENTATION_CONTEXT() REPRESENTATION_CONTEXT('2D SPACE',''
  ) );
#171 = ADVANCED_FACE('',(#172),#186,.T.);
#172 = FACE_BOUND('',#173,.T.);
#173 = EDGE_LOOP('',(#174,#204,#227,#250));
#174 = ORIENTED_EDGE('',*,*,#175,.F.);
#175 = EDGE_CURVE('',#176,#178,#180,.T.);
#176 = VERTEX_POINT('',#177);
#177 = CARTESIAN_POINT('',(9.,-9.6,0.));
#178 = VERTEX_POINT('',#179);
#179 = CARTESIAN_POINT('',(9.,-9.6,0.8));
#180 = SURFACE_CURVE('',#181,(#185,#197),.PCURVE_S1.);
#181 = LINE('',#182,#183);
#182 = CARTESIAN_POINT('',(9.,-9.6,0.));
#183 = VECTOR('',#184,1.);
#184 = DIRECTION('',(0.,0.,1.));
#185 = PCURVE('',#186,#191);
#186 = PLANE('',#187);
#187 = AXIS2_PLACEMENT_3D('',#188,#189,#190);
#188 = CARTESIAN_POINT('',(9.,-9.6,0.));
#189 = DIRECTION('',(1.,0.,0.));
#190 = DIRECTION('',(0.,0.,1.));
#191 = DEFINITIONAL_REPRESENTATION('',(#192),#196);
#192 = LINE('',#193,#194);
#193 = CARTESIAN_POINT('',(0.,0.));
#194 = VECTOR('',#195,1.);
#195 = DIRECTION('',(1.,0.));
#196 = ( GEOMETRIC_REPRESENTATION_CONTEXT(2) 
PARAMETRIC_REPRESENTATION_CONTEXT() REPRESENTATION_CONTEXT('2D SPACE',''
  ) );
#197 = PCURVE('',#78,#198);
#198 = DEFINITIONAL_REPRESENTATION('',(#199),#203);
#199 = LINE('',#200,#201);
#200 = CARTESIAN_POINT('',(0.,18.));
#201 = VECTOR('',#202,1.);
#202 = DIRECTION('',(1.,0.));
#203 = ( GEOMETRIC_REPRESENTATION_CONTEXT(2) 
PARAMETRIC_REPRESENTATION_CONTEXT() REPRESENTATION_CONTEXT('2D SPACE',''
  ) );
#204 = ORIENTED_EDGE('',*,*,#205,.T.);
#205 = EDGE_CURVE('',#176,#206,#208,.T.);
#206 = VERTEX_POINT('',#207);
#207 = CARTESIAN_POINT('',(9.,9.6,0.));
#208 = SURFACE_CURVE('',#209,(#213,#220),.PCURVE_S1.);
#209 = LINE('',#210,#211);
#210 = CARTESIAN_POINT('',(9.,-9.6,0.));
#211 = VECTOR('',#212,1.);
#212 = DIRECTION('',(0.,1.,0.));
#213 = PCURVE('',#186,#214);
#214 = DEFINITIONAL_REPRESENTATION('',(#215),#219);
#215 = LINE('',#216,#217);
#216 = CARTESIAN_POINT('',(0.,0.));
#217 = VECTOR('',#218,1.);
#218 = DIRECTION('',(0.,-1.));
#219 = ( GEOMETRIC_REPRESENTATION_CONTEXT(2) 
PARAMETRIC_REPRESENTATION_CONTEXT() REPRESENTATION_CONTEXT('2D SPACE',''
  ) );
#220 = PCURVE('',#106,#221);
#221 = DEFINITIONAL_REPRESENTATION('',(#222),#226);
#222 = LINE('',#223,#224);
#223 = CARTESIAN_POINT('',(18.,0.));
#224 = VECTOR('',#225,1.);
#225 = DIRECTION('',(0.,1.));
#226 = ( GEOMETRIC_REPRESENTATION_CONTEXT(2) 
PARAMETRIC_REPRESENTATION_CONTEXT() REPRESENTATION_CONTEXT('2D SPACE',''
  ) );
#227 = ORIENTED_EDGE('',*,*,#228,.T.);
#228 = EDGE_CURVE('',#206,#229,#231,.T.);
#229 = VERTEX_POINT('',#230);
#230 = CARTESIAN_POINT('',(9.,9.6,0.8));
#231 = SURFACE_CURVE('',#232,(#236,#243),.PCURVE_S1.);
#232 = LINE('',#233,#234);
#233 = CARTESIAN_POINT('',(9.,9.6,0.));
#234 = VECTOR('',#235,1.);
#235 = DIRECTION('',(0.,0.,1.));
#236 = PCURVE('',#186,#237);
#237 = DEFINITIONAL_REPRESENTATION('',(#238),#242);
#238 = LINE('',#239,#240);
#239 = CARTESIAN_POINT('',(0.,-19.2));
#240 = VECTOR('',#241,1.);
#241 = DIRECTION('',(1.,0.));
#242 = ( GEOMETRIC_REPRESENTATION_CONTEXT(2) 
PARAMETRIC_REPRESENTATION_CONTEXT() REPRESENTATION_CONTEXT('2D SPACE',''
  ) );
#243 = PCURVE('',#134,#244);
#244 = DEFINITIONAL_REPRESENTATION('',(#245),#249);
#245 = LINE('',#246,#247);
#246 = CARTESIAN_POINT('',(0.,18.));
#247 = VECTOR('',#248,1.);
#248 = DIRECTION('',(1.,0.));
#249 = ( GEOMETRIC_REPRESENTATION_CONTEXT(2) 
PARAMETRIC_REPRESENTATION_CONTEXT() REPRESENTATION_CONTEXT('2D SPACE',''
  ) );
#250 = ORIENTED_EDGE('',*,*,#251,.F.);
#251 = EDGE_CURVE('',#178,#229,#252,.T.);
#252 = SURFACE_CURVE('',#253,(#257,#264),.PCURVE_S1.);
#253 = LINE('',#254,#255);
#254 = CARTESIAN_POINT('',(9.,-9.6,0.8));
#255 = VECTOR('',#256,1.);
#256 = DIRECTION('',(0.,1.,0.));
#257 = PCURVE('',#186,#258);
#258 = DEFINITIONAL_REPRESENTATION('',(#259),#263);
#259 = LINE('',#260,#261);
#260 = CARTESIAN_POINT('',(0.8,0.));
#261 = VECTOR('',#262,1.);
#262 = DIRECTION('',(0.,-1.));
#263 = ( GEOMETRIC_REPRESENTATION_CONTEXT(2) 
PARAMETRIC_REPRESENTATION_CONTEXT() REPRESENTATION_CONTEXT('2D SPACE',''
  ) );
#264 = PCURVE('',#160,#265);
#265 = DEFINITIONAL_REPRESENTATION('',(#266),#270);
#266 = LINE('',#267,#268);
#267 = CARTESIAN_POINT('',(18.,0.));
#268 = VECTOR('',#269,1.);
#269 = DIRECTION('',(0.,1.));
#270 = ( GEOMETRIC_REPRESENTATION_CONTEXT(2) 
PARAMETRIC_REPRESENTATION_CONTEXT() REPRESENTATION_CONTEXT('2D SPACE',''
  ) );
#271 = ADVANCED_FACE('',(#272),#78,.F.);
#272 = FACE_BOUND('',#273,.F.);
#273 = EDGE_LOOP('',(#274,#295,#296,#317));
#274 = ORIENTED_EDGE('',*,*,#275,.F.);
#275 = EDGE_CURVE('',#56,#176,#276,.T.);
#276 = SURFACE_CURVE('',#277,(#281,#288),.PCURVE_S1.);
#277 = LINE('',#278,#279);
#278 = CARTESIAN_POINT('',(-9.,-9.6,0.));
#279 = VECTOR('',#280,1.);
#280 = DIRECTION('',(1.,0.,0.));
#281 = PCURVE('',#78,#282);
#282 = DEFINITIONAL_REPRESENTATION('',(#283),#287);
#283 = LINE('',#284,#285);
#284 = CARTESIAN_POINT('',(0.,0.));
#285 = VECTOR('',#286,1.);
#286 = DIRECTION('',(0.,1.));
#287 = ( GEOMETRIC_REPRESENTATION_CONTEXT(2) 
PARAMETRIC_REPRESENTATION_CONTEXT() REPRESENTATION_CONTEXT('2D SPACE',''
  ) );
#288 = PCURVE('',#106,#289);
#289 = DEFINITIONAL_REPRESENTATION('',(#290),#294);
#290 = LINE('',#291,#292);
#291 = CARTESIAN_POINT('',(0.,0.));
#292 = VECTOR('',#293,1.);
#293 = DIRECTION('',(1.,0.));
#294 = ( GEOMETRIC_REPRESENTATION_CONTEXT(2) 
PARAMETRIC_REPRESENTATION_CONTEXT() REPRESENTATION_CONTEXT('2D SPACE',''
  ) );
#295 = ORIENTED_EDGE('',*,*,#55,.T.);
#296 = ORIENTED_EDGE('',*,*,#297,.T.);
#297 = EDGE_CURVE('',#58,#178,#298,.T.);
#298 = SURFACE_CURVE('',#299,(#303,#310),.PCURVE_S1.);
#299 = LINE('',#300,#301);
#300 = CARTESIAN_POINT('',(-9.,-9.6,0.8));
#301 = VECTOR('',#302,1.);
#302 = DIRECTION('',(1.,0.,0.));
#303 = PCURVE('',#78,#304);
#304 = DEFINITIONAL_REPRESENTATION('',(#305),#309);
#305 = LINE('',#306,#307);
#306 = CARTESIAN_POINT('',(0.8,0.));
#307 = VECTOR('',#308,1.);
#308 = DIRECTION('',(0.,1.));
#309 = ( GEOMETRIC_REPRESENTATION_CONTEXT(2) 
PARAMETRIC_REPRESENTATION_CONTEXT() REPRESENTATION_CONTEXT('2D SPACE',''
  ) );
#310 = PCURVE('',#160,#311);
#311 = DEFINITIONAL_REPRESENTATION('',(#312),#316);
#312 = LINE('',#313,#314);
#313 = CARTESIAN_POINT('',(0.,0.));
#314 = VECTOR('',#315,1.);
#315 = DIRECTION('',(1.,0.));
#316 = ( GEOMETRIC_REPRESENTATION_CONTEXT(2) 
PARAMETRIC_REPRESENTATION_CONTEXT() REPRESENTATION_CONTEXT('2D SPACE',''
  ) );
#317 = ORIENTED_EDGE('',*,*,#175,.F.);
#318 = ADVANCED_FACE('',(#319),#134,.T.);
#319 = FACE_BOUND('',#320,.T.);
#320 = EDGE_LOOP('',(#321,#342,#343,#364));
#321 = ORIENTED_EDGE('',*,*,#322,.F.);
#322 = EDGE_CURVE('',#91,#206,#323,.T.);
#323 = SURFACE_CURVE('',#324,(#328,#335),.PCURVE_S1.);
#324 = LINE('',#325,#326);
#325 = CARTESIAN_POINT('',(-9.,9.6,0.));
#326 = VECTOR('',#327,1.);
#327 = DIRECTION('',(1.,0.,0.));
#328 = PCURVE('',#134,#329);
#329 = DEFINITIONAL_REPRESENTATION('',(#330),#334);
#330 = LINE('',#331,#332);
#331 = CARTESIAN_POINT('',(0.,0.));
#332 = VECTOR('',#333,1.);
#333 = DIRECTION('',(0.,1.));
#334 = ( GEOMETRIC_REPRESENTATION_CONTEXT(2) 
PARAMETRIC_REPRESENTATION_CONTEXT() REPRESENTATION_CONTEXT('2D SPACE',''
  ) );
#335 = PCURVE('',#106,#336);
#336 = DEFINITIONAL_REPRESENTATION('',(#337),#341);
#337 = LINE('',#338,#339);
#338 = CARTESIAN_POINT('',(0.,19.2));
#339 = VECTOR('',#340,1.);
#340 = DIRECTION('',(1.,0.));
#341 = ( GEOMETRIC_REPRESENTATION_CONTEXT(2) 
PARAMETRIC_REPRESENTATION_CONTEXT() REPRESENTATION_CONTEXT('2D SPACE',''
  ) );
#342 = ORIENTED_EDGE('',*,*,#118,.T.);
#343 = ORIENTED_EDGE('',*,*,#344,.T.);
#344 = EDGE_CURVE('',#119,#229,#345,.T.);
#345 = SURFACE_CURVE('',#346,(#350,#357),.PCURVE_S1.);
#346 = LINE('',#347,#348);
#347 = CARTESIAN_POINT('',(-9.,9.6,0.8));
#348 = VECTOR('',#349,1.);
#349 = DIRECTION('',(1.,0.,0.));
#350 = PCURVE('',#134,#351);
#351 = DEFINITIONAL_REPRESENTATION('',(#352),#356);
#352 = LINE('',#353,#354);
#353 = CARTESIAN_POINT('',(0.8,0.));
#354 = VECTOR('',#355,1.);
#355 = DIRECTION('',(0.,1.));
#356 = ( GEOMETRIC_REPRESENTATION_CONTEXT(2) 
PARAMETRIC_REPRESENTATION_CONTEXT() REPRESENTATION_CONTEXT('2D SPACE',''
  ) );
#357 = PCURVE('',#160,#358);
#358 = DEFINITIONAL_REPRESENTATION('',(#359),#363);
#359 = LINE('',#360,#361);
#360 = CARTESIAN_POINT('',(0.,19.2));
#361 = VECTOR('',#362,1.);
#362 = DIRECTION('',(1.,0.));
#363 = ( GEOMETRIC_REPRESENTATION_CONTEXT(2) 
PARAMETRIC_REPRESENTATION_CONTEXT() REPRESENTATION_CONTEXT('2D SPACE',''
  ) );
#364 = ORIENTED_EDGE('',*,*,#228,.F.);
#365 = ADVANCED_FACE('',(#366),#106,.F.);
#366 = FACE_BOUND('',#367,.F.);
#367 = EDGE_LOOP('',(#368,#369,#370,#371));
#368 = ORIENTED_EDGE('',*,*,#90,.F.);
#369 = ORIENTED_EDGE('',*,*,#275,.T.);
#370 = ORIENTED_EDGE('',*,*,#205,.T.);
#371 = ORIENTED_EDGE('',*,*,#322,.F.);
#372 = ADVANCED_FACE('',(#373),#160,.T.);
#373 = FACE_BOUND('',#374,.T.);
#374 = EDGE_LOOP('',(#375,#376,#377,#378));
#375 = ORIENTED_EDGE('',*,*,#146,.F.);
#376 = ORIENTED_EDGE('',*,*,#297,.T.);
#377 = ORIENTED_EDGE('',*,*,#251,.T.);
#378 = ORIENTED_EDGE('',*,*,#344,.F.);
#379 = ( GEOMETRIC_REPRESENTATION_CONTEXT(3) 
GLOBAL_UNCERTAINTY_ASSIGNED_CONTEXT((#383)) GLOBAL_UNIT_ASSIGNED_CONTEXT
((#380,#381,#382)) REPRESENTATION_CONTEXT('Context #1',
  '3D Context with UNIT and UNCERTAINTY') );
#380 = ( LENGTH_UNIT() NAMED_UNIT(*) SI_UNIT(.MILLI.,.METRE.) );
#381 = ( NAMED_UNIT(*) PLANE_ANGLE_UNIT() SI_UNIT($,.RADIAN.) );
#382 = ( NAMED_UNIT(*) SI_UNIT($,.STERADIAN.) SOLID_ANGLE_UNIT() );
#383 = UNCERTAINTY_MEASURE_WITH_UNIT(LENGTH_MEASURE(1.E-07),#380,
  'distance_accuracy_value','confusion accuracy');
#384 = CONTEXT_DEPENDENT_SHAPE_REPRESENTATION(#385,#387);
#385 = ( REPRESENTATION_RELATIONSHIP('','',#48,#10) 
REPRESENTATION_RELATIONSHIP_WITH_TRANSFORMATION(#386) 
SHAPE_REPRESENTATION_RELATIONSHIP() );
#386 = ITEM_DEFINED_TRANSFORMATION('','',#11,#15);
#387 = PRODUCT_DEFINITION_SHAPE('Placement','Placement of an item',#388
  );
#388 = NEXT_ASSEMBLY_USAGE_OCCURRENCE('10','pcb','',#5,#43,$);
#389 = PRODUCT_RELATED_PRODUCT_CATEGORY('part',$,(#45));
#390 = SHAPE_DEFINITION_REPRESENTATION(#391,#397);
#391 = PRODUCT_DEFINITION_SHAPE('','',#392);
#392 = PRODUCT_DEFINITION('design','',#393,#396);
#393 = PRODUCT_DEFINITION_FORMATION('','',#394);
#394 = PRODUCT('shield','shield','',(#395));
#395 = PRODUCT_CONTEXT('',#2,'mechanical');
#396 = PRODUCT_DEFINITION_CONTEXT('part definition',#2,'design');
#397 = ADVANCED_BREP_SHAPE_REPRESENTATION('',(#11,#398),#1064);
#398 = MANIFOLD_SOLID_BREP('',#399);
#399 = CLOSED_SHELL('',(#400,#520,#720,#770,#824,#949,#976,#1003,#1030,
    #1057));
#400 = ADVANCED_FACE('',(#401),#415,.F.);
#401 = FACE_BOUND('',#402,.F.);
#402 = EDGE_LOOP('',(#403,#438,#466,#494));
#403 = ORIENTED_EDGE('',*,*,#404,.F.);
#404 = EDGE_CURVE('',#405,#407,#409,.T.);
#405 = VERTEX_POINT('',#406);
#406 = CARTESIAN_POINT('',(-8.3,-8.3,3.2));
#407 = VERTEX_POINT('',#408);
#408 = CARTESIAN_POINT('',(-8.3,4.5,3.2));
#409 = SURFACE_CURVE('',#410,(#414,#426),.PCURVE_S1.);
#410 = LINE('',#411,#412);
#411 = CARTESIAN_POINT('',(-8.3,-8.7,3.2));
#412 = VECTOR('',#413,1.);
#413 = DIRECTION('',(0.,1.,0.));
#414 = PCURVE('',#415,#420);
#415 = PLANE('',#416);
#416 = AXIS2_PLACEMENT_3D('',#417,#418,#419);
#417 = CARTESIAN_POINT('',(-8.3,-8.7,0.8));
#418 = DIRECTION('',(1.,0.,0.));
#419 = DIRECTION('',(0.,0.,1.));
#420 = DEFINITIONAL_REPRESENTATION('',(#421),#425);
#421 = LINE('',#422,#423);
#422 = CARTESIAN_POINT('',(2.4,0.));
#423 = VECTOR('',#424,1.);
#424 = DIRECTION('',(0.,-1.));
#425 = ( GEOMETRIC_REPRESENTATION_CONTEXT(2) 
PARAMETRIC_REPRESENTATION_CONTEXT() REPRESENTATION_CONTEXT('2D SPACE',''
  ) );
#426 = PCURVE('',#427,#432);
#427 = PLANE('',#428);
#428 = AXIS2_PLACEMENT_3D('',#429,#430,#431);
#429 = CARTESIAN_POINT('',(-8.3,-8.7,3.2));
#430 = DIRECTION('',(0.,0.,1.));
#431 = DIRECTION('',(1.,0.,0.));
#432 = DEFINITIONAL_REPRESENTATION('',(#433),#437);
#433 = LINE('',#434,#435);
#434 = CARTESIAN_POINT('',(0.,0.));
#435 = VECTOR('',#436,1.);
#436 = DIRECTION('',(0.,1.));
#437 = ( GEOMETRIC_REPRESENTATION_CONTEXT(2) 
PARAMETRIC_REPRESENTATION_CONTEXT() REPRESENTATION_CONTEXT('2D SPACE',''
  ) );
#438 = ORIENTED_EDGE('',*,*,#439,.F.);
#439 = EDGE_CURVE('',#440,#405,#442,.T.);
#440 = VERTEX_POINT('',#441);
#441 = CARTESIAN_POINT('',(-8.3,-8.3,0.8));
#442 = SURFACE_CURVE('',#443,(#447,#454),.PCURVE_S1.);
#443 = LINE('',#444,#445);
#444 = CARTESIAN_POINT('',(-8.3,-8.3,0.8));
#445 = VECTOR('',#446,1.);
#446 = DIRECTION('',(0.,0.,1.));
#447 = PCURVE('',#415,#448);
#448 = DEFINITIONAL_REPRESENTATION('',(#449),#453);
#449 = LINE('',#450,#451);
#450 = CARTESIAN_POINT('',(0.,-0.4));
#451 = VECTOR('',#452,1.);
#452 = DIRECTION('',(1.,0.));
#453 = ( GEOMETRIC_REPRESENTATION_CONTEXT(2) 
PARAMETRIC_REPRESENTATION_CONTEXT() REPRESENTATION_CONTEXT('2D SPACE',''
  ) );
#454 = PCURVE('',#455,#460);
#455 = CYLINDRICAL_SURFACE('',#456,0.4);
#456 = AXIS2_PLACEMENT_3D('',#457,#458,#459);
#457 = CARTESIAN_POINT('',(-7.9,-8.3,0.8));
#458 = DIRECTION('',(0.,0.,1.));
#459 = DIRECTION('',(-1.,-0.,0.));
#460 = DEFINITIONAL_REPRESENTATION('',(#461),#465);
#461 = LINE('',#462,#463);
#462 = CARTESIAN_POINT('',(0.,0.));
#463 = VECTOR('',#464,1.);
#464 = DIRECTION('',(0.,1.));
#465 = ( GEOMETRIC_REPRESENTATION_CONTEXT(2) 
PARAMETRIC_REPRESENTATION_CONTEXT() REPRESENTATION_CONTEXT('2D SPACE',''
  ) );
#466 = ORIENTED_EDGE('',*,*,#467,.T.);
#467 = EDGE_CURVE('',#440,#468,#470,.T.);
#468 = VERTEX_POINT('',#469);
#469 = CARTESIAN_POINT('',(-8.3,4.5,0.8));
#470 = SURFACE_CURVE('',#471,(#475,#482),.PCURVE_S1.);
#471 = LINE('',#472,#473);
#472 = CARTESIAN_POINT('',(-8.3,-8.7,0.8));
#473 = VECTOR('',#474,1.);
#474 = DIRECTION('',(0.,1.,0.));
#475 = PCURVE('',#415,#476);
#476 = DEFINITIONAL_REPRESENTATION('',(#477),#481);
#477 = LINE('',#478,#479);
#478 = CARTESIAN_POINT('',(0.,0.));
#479 = VECTOR('',#480,1.);
#480 = DIRECTION('',(0.,-1.));
#481 = ( GEOMETRIC_REPRESENTATION_CONTEXT(2) 
PARAMETRIC_REPRESENTATION_CONTEXT() REPRESENTATION_CONTEXT('2D SPACE',''
  ) );
#482 = PCURVE('',#483,#488);
#483 = PLANE('',#484);
#484 = AXIS2_PLACEMENT_3D('',#485,#486,#487);
#485 = CARTESIAN_POINT('',(-8.3,-8.7,0.8));
#486 = DIRECTION('',(0.,0.,1.));
#487 = DIRECTION('',(1.,0.,0.));
#488 = DEFINITIONAL_REPRESENTATION('',(#489),#493);
#489 = LINE('',#490,#491);
#490 = CARTESIAN_POINT('',(0.,0.));
#491 = VECTOR('',#492,1.);
#492 = DIRECTION('',(0.,1.));
#493 = ( GEOMETRIC_REPRESENTATION_CONTEXT(2) 
PARAMETRIC_REPRESENTATION_CONTEXT() REPRESENTATION_CONTEXT('2D SPACE',''
  ) );
#494 = ORIENTED_EDGE('',*,*,#495,.T.);
#495 = EDGE_CURVE('',#468,#407,#496,.T.);
#496 = SURFACE_CURVE('',#497,(#501,#508),.PCURVE_S1.);
#497 = LINE('',#498,#499);
#498 = CARTESIAN_POINT('',(-8.3,4.5,0.8));
#499 = VECTOR('',#500,1.);
#500 = DIRECTION('',(0.,0.,1.));
#501 = PCURVE('',#415,#502);
#502 = DEFINITIONAL_REPRESENTATION('',(#503),#507);
#503 = LINE('',#504,#505);
#504 = CARTESIAN_POINT('',(0.,-13.2));
#505 = VECTOR('',#506,1.);
#506 = DIRECTION('',(1.,0.));
#507 = ( GEOMETRIC_REPRESENTATION_CONTEXT(2) 
PARAMETRIC_REPRESENTATION_CONTEXT() REPRESENTATION_CONTEXT('2D SPACE',''
  ) );
#508 = PCURVE('',#509,#514);
#509 = CYLINDRICAL_SURFACE('',#510,0.4);
#510 = AXIS2_PLACEMENT_3D('',#511,#512,#513);
#511 = CARTESIAN_POINT('',(-7.9,4.5,0.8));
#512 = DIRECTION('',(0.,0.,1.));
#513 = DIRECTION('',(-1.,-0.,0.));
#514 = DEFINITIONAL_REPRESENTATION('',(#515),#519);
#515 = LINE('',#516,#517);
#516 = CARTESIAN_POINT('',(-0.,0.));
#517 = VECTOR('',#518,1.);
#518 = DIRECTION('',(-0.,1.));
#519 = ( GEOMETRIC_REPRESENTATION_CONTEXT(2) 
PARAMETRIC_REPRESENTATION_CONTEXT() REPRESENTATION_CONTEXT('2D SPACE',''
  ) );
#520 = ADVANCED_FACE('',(#521),#427,.T.);
#521 = FACE_BOUND('',#522,.T.);
#522 = EDGE_LOOP('',(#523,#524,#548,#576,#609,#637,#666,#694));
#523 = ORIENTED_EDGE('',*,*,#404,.F.);
#524 = ORIENTED_EDGE('',*,*,#525,.T.);
#525 = EDGE_CURVE('',#405,#526,#528,.T.);
#526 = VERTEX_POINT('',#527);
#527 = CARTESIAN_POINT('',(-7.9,-8.7,3.2));
#528 = SURFACE_CURVE('',#529,(#534,#541),.PCURVE_S1.);
#529 = CIRCLE('',#530,0.4);
#530 = AXIS2_PLACEMENT_3D('',#531,#532,#533);
#531 = CARTESIAN_POINT('',(-7.9,-8.3,3.2));
#532 = DIRECTION('',(0.,0.,1.));
#533 = DIRECTION('',(0.,-1.,0.));
#534 = PCURVE('',#427,#535);
#535 = DEFINITIONAL_REPRESENTATION('',(#536),#540);
#536 = CIRCLE('',#537,0.4);
#537 = AXIS2_PLACEMENT_2D('',#538,#539);
#538 = CARTESIAN_POINT('',(0.4,0.4));
#539 = DIRECTION('',(0.,-1.));
#540 = ( GEOMETRIC_REPRESENTATION_CONTEXT(2) 
PARAMETRIC_REPRESENTATION_CONTEXT() REPRESENTATION_CONTEXT('2D SPACE',''
  ) );
#541 = PCURVE('',#455,#542);
#542 = DEFINITIONAL_REPRESENTATION('',(#543),#547);
#543 = LINE('',#544,#545);
#544 = CARTESIAN_POINT('',(-4.712388980385,2.4));
#545 = VECTOR('',#546,1.);
#546 = DIRECTION('',(1.,0.));
#547 = ( GEOMETRIC_REPRESENTATION_CONTEXT(2) 
PARAMETRIC_REPRESENTATION_CONTEXT() REPRESENTATION_CONTEXT('2D SPACE',''
  ) );
#548 = ORIENTED_EDGE('',*,*,#549,.T.);
#549 = EDGE_CURVE('',#526,#550,#552,.T.);
#550 = VERTEX_POINT('',#551);
#551 = CARTESIAN_POINT('',(7.9,-8.7,3.2));
#552 = SURFACE_CURVE('',#553,(#557,#564),.PCURVE_S1.);
#553 = LINE('',#554,#555);
#554 = CARTESIAN_POINT('',(-8.3,-8.7,3.2));
#555 = VECTOR('',#556,1.);
#556 = DIRECTION('',(1.,0.,0.));
#557 = PCURVE('',#427,#558);
#558 = DEFINITIONAL_REPRESENTATION('',(#559),#563);
#559 = LINE('',#560,#561);
#560 = CARTESIAN_POINT('',(0.,0.));
#561 = VECTOR('',#562,1.);
#562 = DIRECTION('',(1.,0.));
#563 = ( GEOMETRIC_REPRESENTATION_CONTEXT(2) 
PARAMETRIC_REPRESENTATION_CONTEXT() REPRESENTATION_CONTEXT('2D SPACE',''
  ) );
#564 = PCURVE('',#565,#570);
#565 = PLANE('',#566);
#566 = AXIS2_PLACEMENT_3D('',#567,#568,#569);
#567 = CARTESIAN_POINT('',(-8.3,-8.7,0.8));
#568 = DIRECTION('',(0.,1.,0.));
#569 = DIRECTION('',(0.,0.,1.));
#570 = DEFINITIONAL_REPRESENTATION('',(#571),#575);
#571 = LINE('',#572,#573);
#572 = CARTESIAN_POINT('',(2.4,0.));
#573 = VECTOR('',#574,1.);
#574 = DIRECTION('',(0.,1.));
#575 = ( GEOMETRIC_REPRESENTATION_CONTEXT(2) 
PARAMETRIC_REPRESENTATION_CONTEXT() REPRESENTATION_CONTEXT('2D SPACE',''
  ) );
#576 = ORIENTED_EDGE('',*,*,#577,.F.);
#577 = EDGE_CURVE('',#578,#550,#580,.T.);
#578 = VERTEX_POINT('',#579);
#579 = CARTESIAN_POINT('',(8.3,-8.3,3.2));
#580 = SURFACE_CURVE('',#581,(#586,#597),.PCURVE_S1.);
#581 = CIRCLE('',#582,0.4);
#582 = AXIS2_PLACEMENT_3D('',#583,#584,#585);
#583 = CARTESIAN_POINT('',(7.9,-8.3,3.2));
#584 = DIRECTION('',(-0.,-0.,-1.));
#585 = DIRECTION('',(0.,-1.,0.));
#586 = PCURVE('',#427,#587);
#587 = DEFINITIONAL_REPRESENTATION('',(#588),#596);
#588 = ( BOUNDED_CURVE() B_SPLINE_CURVE(2,(#589,#590,#591,#592,#593,#594
,#595),.UNSPECIFIED.,.T.,.F.) B_SPLINE_CURVE_WITH_KNOTS((1,2,2,2,2,1),(
    -2.094395102393,0.,2.094395102393,4.188790204786,6.28318530718,
8.377580409573),.UNSPECIFIED.) CURVE() GEOMETRIC_REPRESENTATION_ITEM() 
RATIONAL_B_SPLINE_CURVE((1.,0.5,1.,0.5,1.,0.5,1.)) REPRESENTATION_ITEM(
  '') );
#589 = CARTESIAN_POINT('',(16.2,3.330669073875E-16));
#590 = CARTESIAN_POINT('',(15.507179676972,3.330669073875E-16));
#591 = CARTESIAN_POINT('',(15.853589838486,0.6));
#592 = CARTESIAN_POINT('',(16.2,1.2));
#593 = CARTESIAN_POINT('',(16.546410161514,0.6));
#594 = CARTESIAN_POINT('',(16.892820323028,9.436895709314E-16));
#595 = CARTESIAN_POINT('',(16.2,3.330669073875E-16));
#596 = ( GEOMETRIC_REPRESENTATION_CONTEXT(2) 
PARAMETRIC_REPRESENTATION_CONTEXT() REPRESENTATION_CONTEXT('2D SPACE',''
  ) );
#597 = PCURVE('',#598,#603);
#598 = CYLINDRICAL_SURFACE('',#599,0.4);
#599 = AXIS2_PLACEMENT_3D('',#600,#601,#602);
#600 = CARTESIAN_POINT('',(7.9,-8.3,0.8));
#601 = DIRECTION('',(0.,0.,1.));
#602 = DIRECTION('',(1.,0.,-0.));
#603 = DEFINITIONAL_REPRESENTATION('',(#604),#608);
#604 = LINE('',#605,#606);
#605 = CARTESIAN_POINT('',(4.712388980385,2.4));
#606 = VECTOR('',#607,1.);
#607 = DIRECTION('',(-1.,0.));
#608 = ( GEOMETRIC_REPRESENTATION_CONTEXT(2) 
PARAMETRIC_REPRESENTATION_CONTEXT() REPRESENTATION_CONTEXT('2D SPACE',''
  ) );
#609 = ORIENTED_EDGE('',*,*,#610,.T.);
#610 = EDGE_CURVE('',#578,#611,#613,.T.);
#611 = VERTEX_POINT('',#612);
#612 = CARTESIAN_POINT('',(8.3,4.5,3.2));
#613 = SURFACE_CURVE('',#614,(#618,#625),.PCURVE_S1.);
#614 = LINE('',#615,#616);
#615 = CARTESIAN_POINT('',(8.3,-8.7,3.2));
#616 = VECTOR('',#617,1.);
#617 = DIRECTION('',(0.,1.,0.));
#618 = PCURVE('',#427,#619);
#619 = DEFINITIONAL_REPRESENTATION('',(#620),#624);
#620 = LINE('',#621,#622);
#621 = CARTESIAN_POINT('',(16.6,0.));
#622 = VECTOR('',#623,1.);
#623 = DIRECTION('',(0.,1.));
#624 = ( GEOMETRIC_REPRESENTATION_CONTEXT(2) 
PARAMETRIC_REPRESENTATION_CONTEXT() REPRESENTATION_CONTEXT('2D SPACE',''
  ) );
#625 = PCURVE('',#626,#631);
#626 = PLANE('',#627);
#627 = AXIS2_PLACEMENT_3D('',#628,#629,#630);
#628 = CARTESIAN_POINT('',(8.3,-8.7,0.8));
#629 = DIRECTION('',(1.,0.,0.));
#630 = DIRECTION('',(0.,0.,1.));
#631 = DEFINITIONAL_REPRESENTATION('',(#632),#636);
#632 = LINE('',#633,#634);
#633 = CARTESIAN_POINT('',(2.4,0.));
#634 = VECTOR('',#635,1.);
#635 = DIRECTION('',(0.,-1.));
#636 = ( GEOMETRIC_REPRESENTATION_CONTEXT(2) 
PARAMETRIC_REPRESENTATION_CONTEXT() REPRESENTATION_CONTEXT('2D SPACE',''
  ) );
#637 = ORIENTED_EDGE('',*,*,#638,.T.);
#638 = EDGE_CURVE('',#611,#639,#641,.T.);
#639 = VERTEX_POINT('',#640);
#640 = CARTESIAN_POINT('',(7.9,4.9,3.2));
#641 = SURFACE_CURVE('',#642,(#647,#654),.PCURVE_S1.);
#642 = CIRCLE('',#643,0.4);
#643 = AXIS2_PLACEMENT_3D('',#644,#645,#646);
#644 = CARTESIAN_POINT('',(7.9,4.5,3.2));
#645 = DIRECTION('',(0.,0.,1.));
#646 = DIRECTION('',(0.,-1.,0.));
#647 = PCURVE('',#427,#648);
#648 = DEFINITIONAL_REPRESENTATION('',(#649),#653);
#649 = CIRCLE('',#650,0.4);
#650 = AXIS2_PLACEMENT_2D('',#651,#652);
#651 = CARTESIAN_POINT('',(16.2,13.2));
#652 = DIRECTION('',(0.,-1.));
#653 = ( GEOMETRIC_REPRESENTATION_CONTEXT(2) 
PARAMETRIC_REPRESENTATION_CONTEXT() REPRESENTATION_CONTEXT('2D SPACE',''
  ) );
#654 = PCURVE('',#655,#660);
#655 = CYLINDRICAL_SURFACE('',#656,0.4);
#656 = AXIS2_PLACEMENT_3D('',#657,#658,#659);
#657 = CARTESIAN_POINT('',(7.9,4.5,0.8));
#658 = DIRECTION('',(0.,0.,1.));
#659 = DIRECTION('',(1.,0.,-0.));
#660 = DEFINITIONAL_REPRESENTATION('',(#661),#665);
#661 = LINE('',#662,#663);
#662 = CARTESIAN_POINT('',(-1.570796326795,2.4));
#663 = VECTOR('',#664,1.);
#664 = DIRECTION('',(1.,0.));
#665 = ( GEOMETRIC_REPRESENTATION_CONTEXT(2) 
PARAMETRIC_REPRESENTATION_CONTEXT() REPRESENTATION_CONTEXT('2D SPACE',''
  ) );
#666 = ORIENTED_EDGE('',*,*,#667,.F.);
#667 = EDGE_CURVE('',#668,#639,#670,.T.);
#668 = VERTEX_POINT('',#669);
#669 = CARTESIAN_POINT('',(-7.9,4.9,3.2));
#670 = SURFACE_CURVE('',#671,(#675,#682),.PCURVE_S1.);
#671 = LINE('',#672,#673);
#672 = CARTESIAN_POINT('',(-8.3,4.9,3.2));
#673 = VECTOR('',#674,1.);
#674 = DIRECTION('',(1.,0.,0.));
#675 = PCURVE('',#427,#676);
#676 = DEFINITIONAL_REPRESENTATION('',(#677),#681);
#677 = LINE('',#678,#679);
#678 = CARTESIAN_POINT('',(0.,13.6));
#679 = VECTOR('',#680,1.);
#680 = DIRECTION('',(1.,0.));
#681 = ( GEOMETRIC_REPRESENTATION_CONTEXT(2) 
PARAMETRIC_REPRESENTATION_CONTEXT() REPRESENTATION_CONTEXT('2D SPACE',''
  ) );
#682 = PCURVE('',#683,#688);
#683 = PLANE('',#684);
#684 = AXIS2_PLACEMENT_3D('',#685,#686,#687);
#685 = CARTESIAN_POINT('',(-8.3,4.9,0.8));
#686 = DIRECTION('',(0.,1.,0.));
#687 = DIRECTION('',(0.,0.,1.));
#688 = DEFINITIONAL_REPRESENTATION('',(#689),#693);
#689 = LINE('',#690,#691);
#690 = CARTESIAN_POINT('',(2.4,0.));
#691 = VECTOR('',#692,1.);
#692 = DIRECTION('',(0.,1.));
#693 = ( GEOMETRIC_REPRESENTATION_CONTEXT(2) 
PARAMETRIC_REPRESENTATION_CONTEXT() REPRESENTATION_CONTEXT('2D SPACE',''
  ) );
#694 = ORIENTED_EDGE('',*,*,#695,.F.);
#695 = EDGE_CURVE('',#407,#668,#696,.T.);
#696 = SURFACE_CURVE('',#697,(#702,#713),.PCURVE_S1.);
#697 = CIRCLE('',#698,0.4);
#698 = AXIS2_PLACEMENT_3D('',#699,#700,#701);
#699 = CARTESIAN_POINT('',(-7.9,4.5,3.2));
#700 = DIRECTION('',(-0.,-0.,-1.));
#701 = DIRECTION('',(0.,-1.,0.));
#702 = PCURVE('',#427,#703);
#703 = DEFINITIONAL_REPRESENTATION('',(#704),#712);
#704 = ( BOUNDED_CURVE() B_SPLINE_CURVE(2,(#705,#706,#707,#708,#709,#710
,#711),.UNSPECIFIED.,.T.,.F.) B_SPLINE_CURVE_WITH_KNOTS((1,2,2,2,2,1),(
    -2.094395102393,0.,2.094395102393,4.188790204786,6.28318530718,
8.377580409573),.UNSPECIFIED.) CURVE() GEOMETRIC_REPRESENTATION_ITEM() 
RATIONAL_B_SPLINE_CURVE((1.,0.5,1.,0.5,1.,0.5,1.)) REPRESENTATION_ITEM(
  '') );
#705 = CARTESIAN_POINT('',(0.4,12.8));
#706 = CARTESIAN_POINT('',(-0.292820323028,12.8));
#707 = CARTESIAN_POINT('',(5.358983848622E-02,13.4));
#708 = CARTESIAN_POINT('',(0.4,14.));
#709 = CARTESIAN_POINT('',(0.746410161514,13.4));
#710 = CARTESIAN_POINT('',(1.092820323028,12.8));
#711 = CARTESIAN_POINT('',(0.4,12.8));
#712 = ( GEOMETRIC_REPRESENTATION_CONTEXT(2) 
PARAMETRIC_REPRESENTATION_CONTEXT() REPRESENTATION_CONTEXT('2D SPACE',''
  ) );
#713 = PCURVE('',#509,#714);
#714 = DEFINITIONAL_REPRESENTATION('',(#715),#719);
#715 = LINE('',#716,#717);
#716 = CARTESIAN_POINT('',(1.570796326795,2.4));
#717 = VECTOR('',#718,1.);
#718 = DIRECTION('',(-1.,0.));
#719 = ( GEOMETRIC_REPRESENTATION_CONTEXT(2) 
PARAMETRIC_REPRESENTATION_CONTEXT() REPRESENTATION_CONTEXT('2D SPACE',''
  ) );
#720 = ADVANCED_FACE('',(#721),#455,.T.);
#721 = FACE_BOUND('',#722,.T.);
#722 = EDGE_LOOP('',(#723,#747,#768,#769));
#723 = ORIENTED_EDGE('',*,*,#724,.T.);
#724 = EDGE_CURVE('',#440,#725,#727,.T.);
#725 = VERTEX_POINT('',#726);
#726 = CARTESIAN_POINT('',(-7.9,-8.7,0.8));
#727 = SURFACE_CURVE('',#728,(#733,#740),.PCURVE_S1.);
#728 = CIRCLE('',#729,0.4);
#729 = AXIS2_PLACEMENT_3D('',#730,#731,#732);
#730 = CARTESIAN_POINT('',(-7.9,-8.3,0.8));
#731 = DIRECTION('',(0.,0.,1.));
#732 = DIRECTION('',(0.,-1.,0.));
#733 = PCURVE('',#455,#734);
#734 = DEFINITIONAL_REPRESENTATION('',(#735),#739);
#735 = LINE('',#736,#737);
#736 = CARTESIAN_POINT('',(-4.712388980385,0.));
#737 = VECTOR('',#738,1.);
#738 = DIRECTION('',(1.,0.));
#739 = ( GEOMETRIC_REPRESENTATION_CONTEXT(2) 
PARAMETRIC_REPRESENTATION_CONTEXT() REPRESENTATION_CONTEXT('2D SPACE',''
  ) );
#740 = PCURVE('',#483,#741);
#741 = DEFINITIONAL_REPRESENTATION('',(#742),#746);
#742 = CIRCLE('',#743,0.4);
#743 = AXIS2_PLACEMENT_2D('',#744,#745);
#744 = CARTESIAN_POINT('',(0.4,0.4));
#745 = DIRECTION('',(0.,-1.));
#746 = ( GEOMETRIC_REPRESENTATION_CONTEXT(2) 
PARAMETRIC_REPRESENTATION_CONTEXT() REPRESENTATION_CONTEXT('2D SPACE',''
  ) );
#747 = ORIENTED_EDGE('',*,*,#748,.T.);
#748 = EDGE_CURVE('',#725,#526,#749,.T.);
#749 = SURFACE_CURVE('',#750,(#754,#761),.PCURVE_S1.);
#750 = LINE('',#751,#752);
#751 = CARTESIAN_POINT('',(-7.9,-8.7,0.8));
#752 = VECTOR('',#753,1.);
#753 = DIRECTION('',(0.,0.,1.));
#754 = PCURVE('',#455,#755);
#755 = DEFINITIONAL_REPRESENTATION('',(#756),#760);
#756 = LINE('',#757,#758);
#757 = CARTESIAN_POINT('',(1.570796326795,0.));
#758 = VECTOR('',#759,1.);
#759 = DIRECTION('',(0.,1.));
#760 = ( GEOMETRIC_REPRESENTATION_CONTEXT(2) 
PARAMETRIC_REPRESENTATION_CONTEXT() REPRESENTATION_CONTEXT('2D SPACE',''
  ) );
#761 = PCURVE('',#565,#762);
#762 = DEFINITIONAL_REPRESENTATION('',(#763),#767);
#763 = LINE('',#764,#765);
#764 = CARTESIAN_POINT('',(0.,0.4));
#765 = VECTOR('',#766,1.);
#766 = DIRECTION('',(1.,0.));
#767 = ( GEOMETRIC_REPRESENTATION_CONTEXT(2) 
PARAMETRIC_REPRESENTATION_CONTEXT() REPRESENTATION_CONTEXT('2D SPACE',''
  ) );
#768 = ORIENTED_EDGE('',*,*,#525,.F.);
#769 = ORIENTED_EDGE('',*,*,#439,.F.);
#770 = ADVANCED_FACE('',(#771),#509,.T.);
#771 = FACE_BOUND('',#772,.F.);
#772 = EDGE_LOOP('',(#773,#801,#822,#823));
#773 = ORIENTED_EDGE('',*,*,#774,.T.);
#774 = EDGE_CURVE('',#468,#775,#777,.T.);
#775 = VERTEX_POINT('',#776);
#776 = CARTESIAN_POINT('',(-7.9,4.9,0.8));
#777 = SURFACE_CURVE('',#778,(#783,#790),.PCURVE_S1.);
#778 = CIRCLE('',#779,0.4);
#779 = AXIS2_PLACEMENT_3D('',#780,#781,#782);
#780 = CARTESIAN_POINT('',(-7.9,4.5,0.8));
#781 = DIRECTION('',(-0.,-0.,-1.));
#782 = DIRECTION('',(0.,-1.,0.));
#783 = PCURVE('',#509,#784);
#784 = DEFINITIONAL_REPRESENTATION('',(#785),#789);
#785 = LINE('',#786,#787);
#786 = CARTESIAN_POINT('',(1.570796326795,-0.));
#787 = VECTOR('',#788,1.);
#788 = DIRECTION('',(-1.,0.));
#789 = ( GEOMETRIC_REPRESENTATION_CONTEXT(2) 
PARAMETRIC_REPRESENTATION_CONTEXT() REPRESENTATION_CONTEXT('2D SPACE',''
  ) );
#790 = PCURVE('',#483,#791);
#791 = DEFINITIONAL_REPRESENTATION('',(#792),#800);
#792 = ( BOUNDED_CURVE() B_SPLINE_CURVE(2,(#793,#794,#795,#796,#797,#798
,#799),.UNSPECIFIED.,.T.,.F.) B_SPLINE_CURVE_WITH_KNOTS((1,2,2,2,2,1),(
    -2.094395102393,0.,2.094395102393,4.188790204786,6.28318530718,
8.377580409573),.UNSPECIFIED.) CURVE() GEOMETRIC_REPRESENTATION_ITEM() 
RATIONAL_B_SPLINE_CURVE((1.,0.5,1.,0.5,1.,0.5,1.)) REPRESENTATION_ITEM(
  '') );
#793 = CARTESIAN_POINT('',(0.4,12.8));
#794 = CARTESIAN_POINT('',(-0.292820323028,12.8));
#795 = CARTESIAN_POINT('',(5.358983848622E-02,13.4));
#796 = CARTESIAN_POINT('',(0.4,14.));
#797 = CARTESIAN_POINT('',(0.746410161514,13.4));
#798 = CARTESIAN_POINT('',(1.092820323028,12.8));
#799 = CARTESIAN_POINT('',(0.4,12.8));
#800 = ( GEOMETRIC_REPRESENTATION_CONTEXT(2) 
PARAMETRIC_REPRESENTATION_CONTEXT() REPRESENTATION_CONTEXT('2D SPACE',''
  ) );
#801 = ORIENTED_EDGE('',*,*,#802,.T.);
#802 = EDGE_CURVE('',#775,#668,#803,.T.);
#803 = SURFACE_CURVE('',#804,(#808,#815),.PCURVE_S1.);
#804 = LINE('',#805,#806);
#805 = CARTESIAN_POINT('',(-7.9,4.9,0.8));
#806 = VECTOR('',#807,1.);
#807 = DIRECTION('',(0.,0.,1.));
#808 = PCURVE('',#509,#809);
#809 = DEFINITIONAL_REPRESENTATION('',(#810),#814);
#810 = LINE('',#811,#812);
#811 = CARTESIAN_POINT('',(-1.570796326795,0.));
#812 = VECTOR('',#813,1.);
#813 = DIRECTION('',(-0.,1.));
#814 = ( GEOMETRIC_REPRESENTATION_CONTEXT(2) 
PARAMETRIC_REPRESENTATION_CONTEXT() REPRESENTATION_CONTEXT('2D SPACE',''
  ) );
#815 = PCURVE('',#683,#816);
#816 = DEFINITIONAL_REPRESENTATION('',(#817),#821);
#817 = LINE('',#818,#819);
#818 = CARTESIAN_POINT('',(0.,0.4));
#819 = VECTOR('',#820,1.);
#820 = DIRECTION('',(1.,0.));
#821 = ( GEOMETRIC_REPRESENTATION_CONTEXT(2) 
PARAMETRIC_REPRESENTATION_CONTEXT() REPRESENTATION_CONTEXT('2D SPACE',''
  ) );
#822 = ORIENTED_EDGE('',*,*,#695,.F.);
#823 = ORIENTED_EDGE('',*,*,#495,.F.);
#824 = ADVANCED_FACE('',(#825),#483,.F.);
#825 = FACE_BOUND('',#826,.F.);
#826 = EDGE_LOOP('',(#827,#828,#829,#852,#880,#903,#927,#948));
#827 = ORIENTED_EDGE('',*,*,#467,.F.);
#828 = ORIENTED_EDGE('',*,*,#724,.T.);
#829 = ORIENTED_EDGE('',*,*,#830,.T.);
#830 = EDGE_CURVE('',#725,#831,#833,.T.);
#831 = VERTEX_POINT('',#832);
#832 = CARTESIAN_POINT('',(7.9,-8.7,0.8));
#833 = SURFACE_CURVE('',#834,(#838,#845),.PCURVE_S1.);
#834 = LINE('',#835,#836);
#835 = CARTESIAN_POINT('',(-8.3,-8.7,0.8));
#836 = VECTOR('',#837,1.);
#837 = DIRECTION('',(1.,0.,0.));
#838 = PCURVE('',#483,#839);
#839 = DEFINITIONAL_REPRESENTATION('',(#840),#844);
#840 = LINE('',#841,#842);
#841 = CARTESIAN_POINT('',(0.,0.));
#842 = VECTOR('',#843,1.);
#843 = DIRECTION('',(1.,0.));
#844 = ( GEOMETRIC_REPRESENTATION_CONTEXT(2) 
PARAMETRIC_REPRESENTATION_CONTEXT() REPRESENTATION_CONTEXT('2D SPACE',''
  ) );
#845 = PCURVE('',#565,#846);
#846 = DEFINITIONAL_REPRESENTATION('',(#847),#851);
#847 = LINE('',#848,#849);
#848 = CARTESIAN_POINT('',(0.,0.));
#849 = VECTOR('',#850,1.);
#850 = DIRECTION('',(0.,1.));
#851 = ( GEOMETRIC_REPRESENTATION_CONTEXT(2) 
PARAMETRIC_REPRESENTATION_CONTEXT() REPRESENTATION_CONTEXT('2D SPACE',''
  ) );
#852 = ORIENTED_EDGE('',*,*,#853,.F.);
#853 = EDGE_CURVE('',#854,#831,#856,.T.);
#854 = VERTEX_POINT('',#855);
#855 = CARTESIAN_POINT('',(8.3,-8.3,0.8));
#856 = SURFACE_CURVE('',#857,(#862,#873),.PCURVE_S1.);
#857 = CIRCLE('',#858,0.4);
#858 = AXIS2_PLACEMENT_3D('',#859,#860,#861);
#859 = CARTESIAN_POINT('',(7.9,-8.3,0.8));
#860 = DIRECTION('',(-0.,-0.,-1.));
#861 = DIRECTION('',(0.,-1.,0.));
#862 = PCURVE('',#483,#863);
#863 = DEFINITIONAL_REPRESENTATION('',(#864),#872);
#864 = ( BOUNDED_CURVE() B_SPLINE_CURVE(2,(#865,#866,#867,#868,#869,#870
,#871),.UNSPECIFIED.,.T.,.F.) B_SPLINE_CURVE_WITH_KNOTS((1,2,2,2,2,1),(
    -2.094395102393,0.,2.094395102393,4.188790204786,6.28318530718,
8.377580409573),.UNSPECIFIED.) CURVE() GEOMETRIC_REPRESENTATION_ITEM() 
RATIONAL_B_SPLINE_CURVE((1.,0.5,1.,0.5,1.,0.5,1.)) REPRESENTATION_ITEM(
  '') );
#865 = CARTESIAN_POINT('',(16.2,3.330669073875E-16));
#866 = CARTESIAN_POINT('',(15.507179676972,3.330669073875E-16));
#867 = CARTESIAN_POINT('',(15.853589838486,0.6));
#868 = CARTESIAN_POINT('',(16.2,1.2));
#869 = CARTESIAN_POINT('',(16.546410161514,0.6));
#870 = CARTESIAN_POINT('',(16.892820323028,9.436895709314E-16));
#871 = CARTESIAN_POINT('',(16.2,3.330669073875E-16));
#872 = ( GEOMETRIC_REPRESENTATION_CONTEXT(2) 
PARAMETRIC_REPRESENTATION_CONTEXT() REPRESENTATION_CONTEXT('2D SPACE',''
  ) );
#873 = PCURVE('',#598,#874);
#874 = DEFINITIONAL_REPRESENTATION('',(#875),#879);
#875 = LINE('',#876,#877);
#876 = CARTESIAN_POINT('',(4.712388980385,-0.));
#877 = VECTOR('',#878,1.);
#878 = DIRECTION('',(-1.,0.));
#879 = ( GEOMETRIC_REPRESENTATION_CONTEXT(2) 
PARAMETRIC_REPRESENTATION_CONTEXT() REPRESENTATION_CONTEXT('2D SPACE',''
  ) );
#880 = ORIENTED_EDGE('',*,*,#881,.T.);
#881 = EDGE_CURVE('',#854,#882,#884,.T.);
#882 = VERTEX_POINT('',#883);
#883 = CARTESIAN_POINT('',(8.3,4.5,0.8));
#884 = SURFACE_CURVE('',#885,(#889,#896),.PCURVE_S1.);
#885 = LINE('',#886,#887);
#886 = CARTESIAN_POINT('',(8.3,-8.7,0.8));
#887 = VECTOR('',#888,1.);
#888 = DIRECTION('',(0.,1.,0.));
#889 = PCURVE('',#483,#890);
#890 = DEFINITIONAL_REPRESENTATION('',(#891),#895);
#891 = LINE('',#892,#893);
#892 = CARTESIAN_POINT('',(16.6,0.));
#893 = VECTOR('',#894,1.);
#894 = DIRECTION('',(0.,1.));
#895 = ( GEOMETRIC_REPRESENTATION_CONTEXT(2) 
PARAMETRIC_REPRESENTATION_CONTEXT() REPRESENTATION_CONTEXT('2D SPACE',''
  ) );
#896 = PCURVE('',#626,#897);
#897 = DEFINITIONAL_REPRESENTATION('',(#898),#902);
#898 = LINE('',#899,#900);
#899 = CARTESIAN_POINT('',(0.,0.));
#900 = VECTOR('',#901,1.);
#901 = DIRECTION('',(0.,-1.));
#902 = ( GEOMETRIC_REPRESENTATION_CONTEXT(2) 
PARAMETRIC_REPRESENTATION_CONTEXT() REPRESENTATION_CONTEXT('2D SPACE',''
  ) );
#903 = ORIENTED_EDGE('',*,*,#904,.T.);
#904 = EDGE_CURVE('',#882,#905,#907,.T.);
#905 = VERTEX_POINT('',#906);
#906 = CARTESIAN_POINT('',(7.9,4.9,0.8));
#907 = SURFACE_CURVE('',#908,(#913,#920),.PCURVE_S1.);
#908 = CIRCLE('',#909,0.4);
#909 = AXIS2_PLACEMENT_3D('',#910,#911,#912);
#910 = CARTESIAN_POINT('',(7.9,4.5,0.8));
#911 = DIRECTION('',(0.,0.,1.));
#912 = DIRECTION('',(0.,-1.,0.));
#913 = PCURVE('',#483,#914);
#914 = DEFINITIONAL_REPRESENTATION('',(#915),#919);
#915 = CIRCLE('',#916,0.4);
#916 = AXIS2_PLACEMENT_2D('',#917,#918);
#917 = CARTESIAN_POINT('',(16.2,13.2));
#918 = DIRECTION('',(0.,-1.));
#919 = ( GEOMETRIC_REPRESENTATION_CONTEXT(2) 
PARAMETRIC_REPRESENTATION_CONTEXT() REPRESENTATION_CONTEXT('2D SPACE',''
  ) );
#920 = PCURVE('',#655,#921);
#921 = DEFINITIONAL_REPRESENTATION('',(#922),#926);
#922 = LINE('',#923,#924);
#923 = CARTESIAN_POINT('',(-1.570796326795,0.));
#924 = VECTOR('',#925,1.);
#925 = DIRECTION('',(1.,0.));
#926 = ( GEOMETRIC_REPRESENTATION_CONTEXT(2) 
PARAMETRIC_REPRESENTATION_CONTEXT() REPRESENTATION_CONTEXT('2D SPACE',''
  ) );
#927 = ORIENTED_EDGE('',*,*,#928,.F.);
#928 = EDGE_CURVE('',#775,#905,#929,.T.);
#929 = SURFACE_CURVE('',#930,(#934,#941),.PCURVE_S1.);
#930 = LINE('',#931,#932);
#931 = CARTESIAN_POINT('',(-8.3,4.9,0.8));
#932 = VECTOR('',#933,1.);
#933 = DIRECTION('',(1.,0.,0.));
#934 = PCURVE('',#483,#935);
#935 = DEFINITIONAL_REPRESENTATION('',(#936),#940);
#936 = LINE('',#937,#938);
#937 = CARTESIAN_POINT('',(0.,13.6));
#938 = VECTOR('',#939,1.);
#939 = DIRECTION('',(1.,0.));
#940 = ( GEOMETRIC_REPRESENTATION_CONTEXT(2) 
PARAMETRIC_REPRESENTATION_CONTEXT() REPRESENTATION_CONTEXT('2D SPACE',''
  ) );
#941 = PCURVE('',#683,#942);
#942 = DEFINITIONAL_REPRESENTATION('',(#943),#947);
#943 = LINE('',#944,#945);
#944 = CARTESIAN_POINT('',(0.,0.));
#945 = VECTOR('',#946,1.);
#946 = DIRECTION('',(0.,1.));
#947 = ( GEOMETRIC_REPRESENTATION_CONTEXT(2) 
PARAMETRIC_REPRESENTATION_CONTEXT() REPRESENTATION_CONTEXT('2D SPACE',''
  ) );
#948 = ORIENTED_EDGE('',*,*,#774,.F.);
#949 = ADVANCED_FACE('',(#950),#565,.F.);
#950 = FACE_BOUND('',#951,.F.);
#951 = EDGE_LOOP('',(#952,#953,#954,#955));
#952 = ORIENTED_EDGE('',*,*,#830,.F.);
#953 = ORIENTED_EDGE('',*,*,#748,.T.);
#954 = ORIENTED_EDGE('',*,*,#549,.T.);
#955 = ORIENTED_EDGE('',*,*,#956,.F.);
#956 = EDGE_CURVE('',#831,#550,#957,.T.);
#957 = SURFACE_CURVE('',#958,(#962,#969),.PCURVE_S1.);
#958 = LINE('',#959,#960);
#959 = CARTESIAN_POINT('',(7.9,-8.7,0.8));
#960 = VECTOR('',#961,1.);
#961 = DIRECTION('',(0.,0.,1.));
#962 = PCURVE('',#565,#963);
#963 = DEFINITIONAL_REPRESENTATION('',(#964),#968);
#964 = LINE('',#965,#966);
#965 = CARTESIAN_POINT('',(0.,16.2));
#966 = VECTOR('',#967,1.);
#967 = DIRECTION('',(1.,0.));
#968 = ( GEOMETRIC_REPRESENTATION_CONTEXT(2) 
PARAMETRIC_REPRESENTATION_CONTEXT() REPRESENTATION_CONTEXT('2D SPACE',''
  ) );
#969 = PCURVE('',#598,#970);
#970 = DEFINITIONAL_REPRESENTATION('',(#971),#975);
#971 = LINE('',#972,#973);
#972 = CARTESIAN_POINT('',(-1.570796326795,0.));
#973 = VECTOR('',#974,1.);
#974 = DIRECTION('',(-0.,1.));
#975 = ( GEOMETRIC_REPRESENTATION_CONTEXT(2) 
PARAMETRIC_REPRESENTATION_CONTEXT() REPRESENTATION_CONTEXT('2D SPACE',''
  ) );
#976 = ADVANCED_FACE('',(#977),#683,.T.);
#977 = FACE_BOUND('',#978,.T.);
#978 = EDGE_LOOP('',(#979,#980,#981,#982));
#979 = ORIENTED_EDGE('',*,*,#928,.F.);
#980 = ORIENTED_EDGE('',*,*,#802,.T.);
#981 = ORIENTED_EDGE('',*,*,#667,.T.);
#982 = ORIENTED_EDGE('',*,*,#983,.F.);
#983 = EDGE_CURVE('',#905,#639,#984,.T.);
#984 = SURFACE_CURVE('',#985,(#989,#996),.PCURVE_S1.);
#985 = LINE('',#986,#987);
#986 = CARTESIAN_POINT('',(7.9,4.9,0.8));
#987 = VECTOR('',#988,1.);
#988 = DIRECTION('',(0.,0.,1.));
#989 = PCURVE('',#683,#990);
#990 = DEFINITIONAL_REPRESENTATION('',(#991),#995);
#991 = LINE('',#992,#993);
#992 = CARTESIAN_POINT('',(0.,16.2));
#993 = VECTOR('',#994,1.);
#994 = DIRECTION('',(1.,0.));
#995 = ( GEOMETRIC_REPRESENTATION_CONTEXT(2) 
PARAMETRIC_REPRESENTATION_CONTEXT() REPRESENTATION_CONTEXT('2D SPACE',''
  ) );
#996 = PCURVE('',#655,#997);
#997 = DEFINITIONAL_REPRESENTATION('',(#998),#1002);
#998 = LINE('',#999,#1000);
#999 = CARTESIAN_POINT('',(1.570796326795,0.));
#1000 = VECTOR('',#1001,1.);
#1001 = DIRECTION('',(0.,1.));
#1002 = ( GEOMETRIC_REPRESENTATION_CONTEXT(2) 
PARAMETRIC_REPRESENTATION_CONTEXT() REPRESENTATION_CONTEXT('2D SPACE',''
  ) );
#1003 = ADVANCED_FACE('',(#1004),#598,.T.);
#1004 = FACE_BOUND('',#1005,.F.);
#1005 = EDGE_LOOP('',(#1006,#1007,#1008,#1009));
#1006 = ORIENTED_EDGE('',*,*,#853,.T.);
#1007 = ORIENTED_EDGE('',*,*,#956,.T.);
#1008 = ORIENTED_EDGE('',*,*,#577,.F.);
#1009 = ORIENTED_EDGE('',*,*,#1010,.F.);
#1010 = EDGE_CURVE('',#854,#578,#1011,.T.);
#1011 = SURFACE_CURVE('',#1012,(#1016,#1023),.PCURVE_S1.);
#1012 = LINE('',#1013,#1014);
#1013 = CARTESIAN_POINT('',(8.3,-8.3,0.8));
#1014 = VECTOR('',#1015,1.);
#1015 = DIRECTION('',(0.,0.,1.));
#1016 = PCURVE('',#598,#1017);
#1017 = DEFINITIONAL_REPRESENTATION('',(#1018),#1022);
#1018 = LINE('',#1019,#1020);
#1019 = CARTESIAN_POINT('',(-0.,0.));
#1020 = VECTOR('',#1021,1.);
#1021 = DIRECTION('',(-0.,1.));
#1022 = ( GEOMETRIC_REPRESENTATION_CONTEXT(2) 
PARAMETRIC_REPRESENTATION_CONTEXT() REPRESENTATION_CONTEXT('2D SPACE',''
  ) );
#1023 = PCURVE('',#626,#1024);
#1024 = DEFINITIONAL_REPRESENTATION('',(#1025),#1029);
#1025 = LINE('',#1026,#1027);
#1026 = CARTESIAN_POINT('',(0.,-0.4));
#1027 = VECTOR('',#1028,1.);
#1028 = DIRECTION('',(1.,0.));
#1029 = ( GEOMETRIC_REPRESENTATION_CONTEXT(2) 
PARAMETRIC_REPRESENTATION_CONTEXT() REPRESENTATION_CONTEXT('2D SPACE',''
  ) );
#1030 = ADVANCED_FACE('',(#1031),#655,.T.);
#1031 = FACE_BOUND('',#1032,.T.);
#1032 = EDGE_LOOP('',(#1033,#1034,#1035,#1036));
#1033 = ORIENTED_EDGE('',*,*,#904,.T.);
#1034 = ORIENTED_EDGE('',*,*,#983,.T.);
#1035 = ORIENTED_EDGE('',*,*,#638,.F.);
#1036 = ORIENTED_EDGE('',*,*,#1037,.F.);
#1037 = EDGE_CURVE('',#882,#611,#1038,.T.);
#1038 = SURFACE_CURVE('',#1039,(#1043,#1050),.PCURVE_S1.);
#1039 = LINE('',#1040,#1041);
#1040 = CARTESIAN_POINT('',(8.3,4.5,0.8));
#1041 = VECTOR('',#1042,1.);
#1042 = DIRECTION('',(0.,0.,1.));
#1043 = PCURVE('',#655,#1044);
#1044 = DEFINITIONAL_REPRESENTATION('',(#1045),#1049);
#1045 = LINE('',#1046,#1047);
#1046 = CARTESIAN_POINT('',(0.,0.));
#1047 = VECTOR('',#1048,1.);
#1048 = DIRECTION('',(0.,1.));
#1049 = ( GEOMETRIC_REPRESENTATION_CONTEXT(2) 
PARAMETRIC_REPRESENTATION_CONTEXT() REPRESENTATION_CONTEXT('2D SPACE',''
  ) );
#1050 = PCURVE('',#626,#1051);
#1051 = DEFINITIONAL_REPRESENTATION('',(#1052),#1056);
#1052 = LINE('',#1053,#1054);
#1053 = CARTESIAN_POINT('',(0.,-13.2));
#1054 = VECTOR('',#1055,1.);
#1055 = DIRECTION('',(1.,0.));
#1056 = ( GEOMETRIC_REPRESENTATION_CONTEXT(2) 
PARAMETRIC_REPRESENTATION_CONTEXT() REPRESENTATION_CONTEXT('2D SPACE',''
  ) );
#1057 = ADVANCED_FACE('',(#1058),#626,.T.);
#1058 = FACE_BOUND('',#1059,.T.);
#1059 = EDGE_LOOP('',(#1060,#1061,#1062,#1063));
#1060 = ORIENTED_EDGE('',*,*,#610,.F.);
#1061 = ORIENTED_EDGE('',*,*,#1010,.F.);
#1062 = ORIENTED_EDGE('',*,*,#881,.T.);
#1063 = ORIENTED_EDGE('',*,*,#1037,.T.);
#1064 = ( GEOMETRIC_REPRESENTATION_CONTEXT(3) 
GLOBAL_UNCERTAINTY_ASSIGNED_CONTEXT((#1068)) 
GLOBAL_UNIT_ASSIGNED_CONTEXT((#1065,#1066,#1067)) REPRESENTATION_CONTEXT
('Context #1','3D Context with UNIT and UNCERTAINTY') );
#1065 = ( LENGTH_UNIT() NAMED_UNIT(*) SI_UNIT(.MILLI.,.METRE.) );
#1066 = ( NAMED_UNIT(*) PLANE_ANGLE_UNIT() SI_UNIT($,.RADIAN.) );
#1067 = ( NAMED_UNIT(*) SI_UNIT($,.STERADIAN.) SOLID_ANGLE_UNIT() );
#1068 = UNCERTAINTY_MEASURE_WITH_UNIT(LENGTH_MEASURE(1.E-07),#1065,
  'distance_accuracy_value','confusion accuracy');
#1069 = CONTEXT_DEPENDENT_SHAPE_REPRESENTATION(#1070,#1072);
#1070 = ( REPRESENTATION_RELATIONSHIP('','',#397,#10) 
REPRESENTATION_RELATIONSHIP_WITH_TRANSFORMATION(#1071) 
SHAPE_REPRESENTATION_RELATIONSHIP() );
#1071 = ITEM_DEFINED_TRANSFORMATION('','',#11,#19);
#1072 = PRODUCT_DEFINITION_SHAPE('Placement','Placement of an item',
  #1073);
#1073 = NEXT_ASSEMBLY_USAGE_OCCURRENCE('11','shield','',#5,#392,$);
#1074 = PRODUCT_RELATED_PRODUCT_CATEGORY('part',$,(#394));
#1075 = SHAPE_DEFINITION_REPRESENTATION(#1076,#1082);
#1076 = PRODUCT_DEFINITION_SHAPE('','',#1077);
#1077 = PRODUCT_DEFINITION('design','',#1078,#1081);
#1078 = PRODUCT_DEFINITION_FORMATION('','',#1079);
#1079 = PRODUCT('ufl_base','ufl_base','',(#1080));
#1080 = PRODUCT_CONTEXT('',#2,'mechanical');
#1081 = PRODUCT_DEFINITION_CONTEXT('part definition',#2,'design');
#1082 = ADVANCED_BREP_SHAPE_REPRESENTATION('',(#11,#1083),#1413);
#1083 = MANIFOLD_SOLID_BREP('',#1084);
#1084 = CLOSED_SHELL('',(#1085,#1205,#1305,#1352,#1399,#1406));
#1085 = ADVANCED_FACE('',(#1086),#1100,.F.);
#1086 = FACE_BOUND('',#1087,.F.);
#1087 = EDGE_LOOP('',(#1088,#1123,#1151,#1179));
#1088 = ORIENTED_EDGE('',*,*,#1089,.F.);
#1089 = EDGE_CURVE('',#1090,#1092,#1094,.T.);
#1090 = VERTEX_POINT('',#1091);
#1091 = CARTESIAN_POINT('',(4.7,5.84,0.8));
#1092 = VERTEX_POINT('',#1093);
#1093 = CARTESIAN_POINT('',(4.7,5.84,1.1));
#1094 = SURFACE_CURVE('',#1095,(#1099,#1111),.PCURVE_S1.);
#1095 = LINE('',#1096,#1097);
#1096 = CARTESIAN_POINT('',(4.7,5.84,0.8));
#1097 = VECTOR('',#1098,1.);
#1098 = DIRECTION('',(0.,0.,1.));
#1099 = PCURVE('',#1100,#1105);
#1100 = PLANE('',#1101);
#1101 = AXIS2_PLACEMENT_3D('',#1102,#1103,#1104);
#1102 = CARTESIAN_POINT('',(4.7,5.84,0.8));
#1103 = DIRECTION('',(1.,0.,0.));
#1104 = DIRECTION('',(0.,0.,1.));
#1105 = DEFINITIONAL_REPRESENTATION('',(#1106),#1110);
#1106 = LINE('',#1107,#1108);
#1107 = CARTESIAN_POINT('',(0.,0.));
#1108 = VECTOR('',#1109,1.);
#1109 = DIRECTION('',(1.,0.));
#1110 = ( GEOMETRIC_REPRESENTATION_CONTEXT(2) 
PARAMETRIC_REPRESENTATION_CONTEXT() REPRESENTATION_CONTEXT('2D SPACE',''
  ) );
#1111 = PCURVE('',#1112,#1117);
#1112 = PLANE('',#1113);
#1113 = AXIS2_PLACEMENT_3D('',#1114,#1115,#1116);
#1114 = CARTESIAN_POINT('',(4.7,5.84,0.8));
#1115 = DIRECTION('',(0.,1.,0.));
#1116 = DIRECTION('',(0.,0.,1.));
#1117 = DEFINITIONAL_REPRESENTATION('',(#1118),#1122);
#1118 = LINE('',#1119,#1120);
#1119 = CARTESIAN_POINT('',(0.,0.));
#1120 = VECTOR('',#1121,1.);
#1121 = DIRECTION('',(1.,0.));
#1122 = ( GEOMETRIC_REPRESENTATION_CONTEXT(2) 
PARAMETRIC_REPRESENTATION_CONTEXT() REPRESENTATION_CONTEXT('2D SPACE',''
  ) );
#1123 = ORIENTED_EDGE('',*,*,#1124,.T.);
#1124 = EDGE_CURVE('',#1090,#1125,#1127,.T.);
#1125 = VERTEX_POINT('',#1126);
#1126 = CARTESIAN_POINT('',(4.7,8.44,0.8));
#1127 = SURFACE_CURVE('',#1128,(#1132,#1139),.PCURVE_S1.);
#1128 = LINE('',#1129,#1130);
#1129 = CARTESIAN_POINT('',(4.7,5.84,0.8));
#1130 = VECTOR('',#1131,1.);
#1131 = DIRECTION('',(0.,1.,0.));
#1132 = PCURVE('',#1100,#1133);
#1133 = DEFINITIONAL_REPRESENTATION('',(#1134),#1138);
#1134 = LINE('',#1135,#1136);
#1135 = CARTESIAN_POINT('',(0.,0.));
#1136 = VECTOR('',#1137,1.);
#1137 = DIRECTION('',(0.,-1.));
#1138 = ( GEOMETRIC_REPRESENTATION_CONTEXT(2) 
PARAMETRIC_REPRESENTATION_CONTEXT() REPRESENTATION_CONTEXT('2D SPACE',''
  ) );
#1139 = PCURVE('',#1140,#1145);
#1140 = PLANE('',#1141);
#1141 = AXIS2_PLACEMENT_3D('',#1142,#1143,#1144);
#1142 = CARTESIAN_POINT('',(4.7,5.84,0.8));
#1143 = DIRECTION('',(0.,0.,1.));
#1144 = DIRECTION('',(1.,0.,0.));
#1145 = DEFINITIONAL_REPRESENTATION('',(#1146),#1150);
#1146 = LINE('',#1147,#1148);
#1147 = CARTESIAN_POINT('',(0.,0.));
#1148 = VECTOR('',#1149,1.);
#1149 = DIRECTION('',(0.,1.));
#1150 = ( GEOMETRIC_REPRESENTATION_CONTEXT(2) 
PARAMETRIC_REPRESENTATION_CONTEXT() REPRESENTATION_CONTEXT('2D SPACE',''
  ) );
#1151 = ORIENTED_EDGE('',*,*,#1152,.T.);
#1152 = EDGE_CURVE('',#1125,#1153,#1155,.T.);
#1153 = VERTEX_POINT('',#1154);
#1154 = CARTESIAN_POINT('',(4.7,8.44,1.1));
#1155 = SURFACE_CURVE('',#1156,(#1160,#1167),.PCURVE_S1.);
#1156 = LINE('',#1157,#1158);
#1157 = CARTESIAN_POINT('',(4.7,8.44,0.8));
#1158 = VECTOR('',#1159,1.);
#1159 = DIRECTION('',(0.,0.,1.));
#1160 = PCURVE('',#1100,#1161);
#1161 = DEFINITIONAL_REPRESENTATION('',(#1162),#1166);
#1162 = LINE('',#1163,#1164);
#1163 = CARTESIAN_POINT('',(0.,-2.6));
#1164 = VECTOR('',#1165,1.);
#1165 = DIRECTION('',(1.,0.));
#1166 = ( GEOMETRIC_REPRESENTATION_CONTEXT(2) 
PARAMETRIC_REPRESENTATION_CONTEXT() REPRESENTATION_CONTEXT('2D SPACE',''
  ) );
#1167 = PCURVE('',#1168,#1173);
#1168 = PLANE('',#1169);
#1169 = AXIS2_PLACEMENT_3D('',#1170,#1171,#1172);
#1170 = CARTESIAN_POINT('',(4.7,8.44,0.8));
#1171 = DIRECTION('',(0.,1.,0.));
#1172 = DIRECTION('',(0.,0.,1.));
#1173 = DEFINITIONAL_REPRESENTATION('',(#1174),#1178);
#1174 = LINE('',#1175,#1176);
#1175 = CARTESIAN_POINT('',(0.,0.));
#1176 = VECTOR('',#1177,1.);
#1177 = DIRECTION('',(1.,0.));
#1178 = ( GEOMETRIC_REPRESENTATION_CONTEXT(2) 
PARAMETRIC_REPRESENTATION_CONTEXT() REPRESENTATION_CONTEXT('2D SPACE',''
  ) );
#1179 = ORIENTED_EDGE('',*,*,#1180,.F.);
#1180 = EDGE_CURVE('',#1092,#1153,#1181,.T.);
#1181 = SURFACE_CURVE('',#1182,(#1186,#1193),.PCURVE_S1.);
#1182 = LINE('',#1183,#1184);
#1183 = CARTESIAN_POINT('',(4.7,5.84,1.1));
#1184 = VECTOR('',#1185,1.);
#1185 = DIRECTION('',(0.,1.,0.));
#1186 = PCURVE('',#1100,#1187);
#1187 = DEFINITIONAL_REPRESENTATION('',(#1188),#1192);
#1188 = LINE('',#1189,#1190);
#1189 = CARTESIAN_POINT('',(0.3,0.));
#1190 = VECTOR('',#1191,1.);
#1191 = DIRECTION('',(0.,-1.));
#1192 = ( GEOMETRIC_REPRESENTATION_CONTEXT(2) 
PARAMETRIC_REPRESENTATION_CONTEXT() REPRESENTATION_CONTEXT('2D SPACE',''
  ) );
#1193 = PCURVE('',#1194,#1199);
#1194 = PLANE('',#1195);
#1195 = AXIS2_PLACEMENT_3D('',#1196,#1197,#1198);
#1196 = CARTESIAN_POINT('',(4.7,5.84,1.1));
#1197 = DIRECTION('',(0.,0.,1.));
#1198 = DIRECTION('',(1.,0.,0.));
#1199 = DEFINITIONAL_REPRESENTATION('',(#1200),#1204);
#1200 = LINE('',#1201,#1202);
#1201 = CARTESIAN_POINT('',(0.,0.));
#1202 = VECTOR('',#1203,1.);
#1203 = DIRECTION('',(0.,1.));
#1204 = ( GEOMETRIC_REPRESENTATION_CONTEXT(2) 
PARAMETRIC_REPRESENTATION_CONTEXT() REPRESENTATION_CONTEXT('2D SPACE',''
  ) );
#1205 = ADVANCED_FACE('',(#1206),#1220,.T.);
#1206 = FACE_BOUND('',#1207,.T.);
#1207 = EDGE_LOOP('',(#1208,#1238,#1261,#1284));
#1208 = ORIENTED_EDGE('',*,*,#1209,.F.);
#1209 = EDGE_CURVE('',#1210,#1212,#1214,.T.);
#1210 = VERTEX_POINT('',#1211);
#1211 = CARTESIAN_POINT('',(7.3,5.84,0.8));
#1212 = VERTEX_POINT('',#1213);
#1213 = CARTESIAN_POINT('',(7.3,5.84,1.1));
#1214 = SURFACE_CURVE('',#1215,(#1219,#1231),.PCURVE_S1.);
#1215 = LINE('',#1216,#1217);
#1216 = CARTESIAN_POINT('',(7.3,5.84,0.8));
#1217 = VECTOR('',#1218,1.);
#1218 = DIRECTION('',(0.,0.,1.));
#1219 = PCURVE('',#1220,#1225);
#1220 = PLANE('',#1221);
#1221 = AXIS2_PLACEMENT_3D('',#1222,#1223,#1224);
#1222 = CARTESIAN_POINT('',(7.3,5.84,0.8));
#1223 = DIRECTION('',(1.,0.,0.));
#1224 = DIRECTION('',(0.,0.,1.));
#1225 = DEFINITIONAL_REPRESENTATION('',(#1226),#1230);
#1226 = LINE('',#1227,#1228);
#1227 = CARTESIAN_POINT('',(0.,0.));
#1228 = VECTOR('',#1229,1.);
#1229 = DIRECTION('',(1.,0.));
#1230 = ( GEOMETRIC_REPRESENTATION_CONTEXT(2) 
PARAMETRIC_REPRESENTATION_CONTEXT() REPRESENTATION_CONTEXT('2D SPACE',''
  ) );
#1231 = PCURVE('',#1112,#1232);
#1232 = DEFINITIONAL_REPRESENTATION('',(#1233),#1237);
#1233 = LINE('',#1234,#1235);
#1234 = CARTESIAN_POINT('',(0.,2.6));
#1235 = VECTOR('',#1236,1.);
#1236 = DIRECTION('',(1.,0.));
#1237 = ( GEOMETRIC_REPRESENTATION_CONTEXT(2) 
PARAMETRIC_REPRESENTATION_CONTEXT() REPRESENTATION_CONTEXT('2D SPACE',''
  ) );
#1238 = ORIENTED_EDGE('',*,*,#1239,.T.);
#1239 = EDGE_CURVE('',#1210,#1240,#1242,.T.);
#1240 = VERTEX_POINT('',#1241);
#1241 = CARTESIAN_POINT('',(7.3,8.44,0.8));
#1242 = SURFACE_CURVE('',#1243,(#1247,#1254),.PCURVE_S1.);
#1243 = LINE('',#1244,#1245);
#1244 = CARTESIAN_POINT('',(7.3,5.84,0.8));
#1245 = VECTOR('',#1246,1.);
#1246 = DIRECTION('',(0.,1.,0.));
#1247 = PCURVE('',#1220,#1248);
#1248 = DEFINITIONAL_REPRESENTATION('',(#1249),#1253);
#1249 = LINE('',#1250,#1251);
#1250 = CARTESIAN_POINT('',(0.,0.));
#1251 = VECTOR('',#1252,1.);
#1252 = DIRECTION('',(0.,-1.));
#1253 = ( GEOMETRIC_REPRESENTATION_CONTEXT(2) 
PARAMETRIC_REPRESENTATION_CONTEXT() REPRESENTATION_CONTEXT('2D SPACE',''
  ) );
#1254 = PCURVE('',#1140,#1255);
#1255 = DEFINITIONAL_REPRESENTATION('',(#1256),#1260);
#1256 = LINE('',#1257,#1258);
#1257 = CARTESIAN_POINT('',(2.6,0.));
#1258 = VECTOR('',#1259,1.);
#1259 = DIRECTION('',(0.,1.));
#1260 = ( GEOMETRIC_REPRESENTATION_CONTEXT(2) 
PARAMETRIC_REPRESENTATION_CONTEXT() REPRESENTATION_CONTEXT('2D SPACE',''
  ) );
#1261 = ORIENTED_EDGE('',*,*,#1262,.T.);
#1262 = EDGE_CURVE('',#1240,#1263,#1265,.T.);
#1263 = VERTEX_POINT('',#1264);
#1264 = CARTESIAN_POINT('',(7.3,8.44,1.1));
#1265 = SURFACE_CURVE('',#1266,(#1270,#1277),.PCURVE_S1.);
#1266 = LINE('',#1267,#1268);
#1267 = CARTESIAN_POINT('',(7.3,8.44,0.8));
#1268 = VECTOR('',#1269,1.);
#1269 = DIRECTION('',(0.,0.,1.));
#1270 = PCURVE('',#1220,#1271);
#1271 = DEFINITIONAL_REPRESENTATION('',(#1272),#1276);
#1272 = LINE('',#1273,#1274);
#1273 = CARTESIAN_POINT('',(0.,-2.6));
#1274 = VECTOR('',#1275,1.);
#1275 = DIRECTION('',(1.,0.));
#1276 = ( GEOMETRIC_REPRESENTATION_CONTEXT(2) 
PARAMETRIC_REPRESENTATION_CONTEXT() REPRESENTATION_CONTEXT('2D SPACE',''
  ) );
#1277 = PCURVE('',#1168,#1278);
#1278 = DEFINITIONAL_REPRESENTATION('',(#1279),#1283);
#1279 = LINE('',#1280,#1281);
#1280 = CARTESIAN_POINT('',(0.,2.6));
#1281 = VECTOR('',#1282,1.);
#1282 = DIRECTION('',(1.,0.));
#1283 = ( GEOMETRIC_REPRESENTATION_CONTEXT(2) 
PARAMETRIC_REPRESENTATION_CONTEXT() REPRESENTATION_CONTEXT('2D SPACE',''
  ) );
#1284 = ORIENTED_EDGE('',*,*,#1285,.F.);
#1285 = EDGE_CURVE('',#1212,#1263,#1286,.T.);
#1286 = SURFACE_CURVE('',#1287,(#1291,#1298),.PCURVE_S1.);
#1287 = LINE('',#1288,#1289);
#1288 = CARTESIAN_POINT('',(7.3,5.84,1.1));
#1289 = VECTOR('',#1290,1.);
#1290 = DIRECTION('',(0.,1.,0.));
#1291 = PCURVE('',#1220,#1292);
#1292 = DEFINITIONAL_REPRESENTATION('',(#1293),#1297);
#1293 = LINE('',#1294,#1295);
#1294 = CARTESIAN_POINT('',(0.3,0.));
#1295 = VECTOR('',#1296,1.);
#1296 = DIRECTION('',(0.,-1.));
#1297 = ( GEOMETRIC_REPRESENTATION_CONTEXT(2) 
PARAMETRIC_REPRESENTATION_CONTEXT() REPRESENTATION_CONTEXT('2D SPACE',''
  ) );
#1298 = PCURVE('',#1194,#1299);
#1299 = DEFINITIONAL_REPRESENTATION('',(#1300),#1304);
#1300 = LINE('',#1301,#1302);
#1301 = CARTESIAN_POINT('',(2.6,0.));
#1302 = VECTOR('',#1303,1.);
#1303 = DIRECTION('',(0.,1.));
#1304 = ( GEOMETRIC_REPRESENTATION_CONTEXT(2) 
PARAMETRIC_REPRESENTATION_CONTEXT() REPRESENTATION_CONTEXT('2D SPACE',''
  ) );
#1305 = ADVANCED_FACE('',(#1306),#1112,.F.);
#1306 = FACE_BOUND('',#1307,.F.);
#1307 = EDGE_LOOP('',(#1308,#1329,#1330,#1351));
#1308 = ORIENTED_EDGE('',*,*,#1309,.F.);
#1309 = EDGE_CURVE('',#1090,#1210,#1310,.T.);
#1310 = SURFACE_CURVE('',#1311,(#1315,#1322),.PCURVE_S1.);
#1311 = LINE('',#1312,#1313);
#1312 = CARTESIAN_POINT('',(4.7,5.84,0.8));
#1313 = VECTOR('',#1314,1.);
#1314 = DIRECTION('',(1.,0.,0.));
#1315 = PCURVE('',#1112,#1316);
#1316 = DEFINITIONAL_REPRESENTATION('',(#1317),#1321);
#1317 = LINE('',#1318,#1319);
#1318 = CARTESIAN_POINT('',(0.,0.));
#1319 = VECTOR('',#1320,1.);
#1320 = DIRECTION('',(0.,1.));
#1321 = ( GEOMETRIC_REPRESENTATION_CONTEXT(2) 
PARAMETRIC_REPRESENTATION_CONTEXT() REPRESENTATION_CONTEXT('2D SPACE',''
  ) );
#1322 = PCURVE('',#1140,#1323);
#1323 = DEFINITIONAL_REPRESENTATION('',(#1324),#1328);
#1324 = LINE('',#1325,#1326);
#1325 = CARTESIAN_POINT('',(0.,0.));
#1326 = VECTOR('',#1327,1.);
#1327 = DIRECTION('',(1.,0.));
#1328 = ( GEOMETRIC_REPRESENTATION_CONTEXT(2) 
PARAMETRIC_REPRESENTATION_CONTEXT() REPRESENTATION_CONTEXT('2D SPACE',''
  ) );
#1329 = ORIENTED_EDGE('',*,*,#1089,.T.);
#1330 = ORIENTED_EDGE('',*,*,#1331,.T.);
#1331 = EDGE_CURVE('',#1092,#1212,#1332,.T.);
#1332 = SURFACE_CURVE('',#1333,(#1337,#1344),.PCURVE_S1.);
#1333 = LINE('',#1334,#1335);
#1334 = CARTESIAN_POINT('',(4.7,5.84,1.1));
#1335 = VECTOR('',#1336,1.);
#1336 = DIRECTION('',(1.,0.,0.));
#1337 = PCURVE('',#1112,#1338);
#1338 = DEFINITIONAL_REPRESENTATION('',(#1339),#1343);
#1339 = LINE('',#1340,#1341);
#1340 = CARTESIAN_POINT('',(0.3,0.));
#1341 = VECTOR('',#1342,1.);
#1342 = DIRECTION('',(0.,1.));
#1343 = ( GEOMETRIC_REPRESENTATION_CONTEXT(2) 
PARAMETRIC_REPRESENTATION_CONTEXT() REPRESENTATION_CONTEXT('2D SPACE',''
  ) );
#1344 = PCURVE('',#1194,#1345);
#1345 = DEFINITIONAL_REPRESENTATION('',(#1346),#1350);
#1346 = LINE('',#1347,#1348);
#1347 = CARTESIAN_POINT('',(0.,0.));
#1348 = VECTOR('',#1349,1.);
#1349 = DIRECTION('',(1.,0.));
#1350 = ( GEOMETRIC_REPRESENTATION_CONTEXT(2) 
PARAMETRIC_REPRESENTATION_CONTEXT() REPRESENTATION_CONTEXT('2D SPACE',''
  ) );
#1351 = ORIENTED_EDGE('',*,*,#1209,.F.);
#1352 = ADVANCED_FACE('',(#1353),#1168,.T.);
#1353 = FACE_BOUND('',#1354,.T.);
#1354 = EDGE_LOOP('',(#1355,#1376,#1377,#1398));
#1355 = ORIENTED_EDGE('',*,*,#1356,.F.);
#1356 = EDGE_CURVE('',#1125,#1240,#1357,.T.);
#1357 = SURFACE_CURVE('',#1358,(#1362,#1369),.PCURVE_S1.);
#1358 = LINE('',#1359,#1360);
#1359 = CARTESIAN_POINT('',(4.7,8.44,0.8));
#1360 = VECTOR('',#1361,1.);
#1361 = DIRECTION('',(1.,0.,0.));
#1362 = PCURVE('',#1168,#1363);
#1363 = DEFINITIONAL_REPRESENTATION('',(#1364),#1368);
#1364 = LINE('',#1365,#1366);
#1365 = CARTESIAN_POINT('',(0.,0.));
#1366 = VECTOR('',#1367,1.);
#1367 = DIRECTION('',(0.,1.));
#1368 = ( GEOMETRIC_REPRESENTATION_CONTEXT(2) 
PARAMETRIC_REPRESENTATION_CONTEXT() REPRESENTATION_CONTEXT('2D SPACE',''
  ) );
#1369 = PCURVE('',#1140,#1370);
#1370 = DEFINITIONAL_REPRESENTATION('',(#1371),#1375);
#1371 = LINE('',#1372,#1373);
#1372 = CARTESIAN_POINT('',(0.,2.6));
#1373 = VECTOR('',#1374,1.);
#1374 = DIRECTION('',(1.,0.));
#1375 = ( GEOMETRIC_REPRESENTATION_CONTEXT(2) 
PARAMETRIC_REPRESENTATION_CONTEXT() REPRESENTATION_CONTEXT('2D SPACE',''
  ) );
#1376 = ORIENTED_EDGE('',*,*,#1152,.T.);
#1377 = ORIENTED_EDGE('',*,*,#1378,.T.);
#1378 = EDGE_CURVE('',#1153,#1263,#1379,.T.);
#1379 = SURFACE_CURVE('',#1380,(#1384,#1391),.PCURVE_S1.);
#1380 = LINE('',#1381,#1382);
#1381 = CARTESIAN_POINT('',(4.7,8.44,1.1));
#1382 = VECTOR('',#1383,1.);
#1383 = DIRECTION('',(1.,0.,0.));
#1384 = PCURVE('',#1168,#1385);
#1385 = DEFINITIONAL_REPRESENTATION('',(#1386),#1390);
#1386 = LINE('',#1387,#1388);
#1387 = CARTESIAN_POINT('',(0.3,0.));
#1388 = VECTOR('',#1389,1.);
#1389 = DIRECTION('',(0.,1.));
#1390 = ( GEOMETRIC_REPRESENTATION_CONTEXT(2) 
PARAMETRIC_REPRESENTATION_CONTEXT() REPRESENTATION_CONTEXT('2D SPACE',''
  ) );
#1391 = PCURVE('',#1194,#1392);
#1392 = DEFINITIONAL_REPRESENTATION('',(#1393),#1397);
#1393 = LINE('',#1394,#1395);
#1394 = CARTESIAN_POINT('',(0.,2.6));
#1395 = VECTOR('',#1396,1.);
#1396 = DIRECTION('',(1.,0.));
#1397 = ( GEOMETRIC_REPRESENTATION_CONTEXT(2) 
PARAMETRIC_REPRESENTATION_CONTEXT() REPRESENTATION_CONTEXT('2D SPACE',''
  ) );
#1398 = ORIENTED_EDGE('',*,*,#1262,.F.);
#1399 = ADVANCED_FACE('',(#1400),#1140,.F.);
#1400 = FACE_BOUND('',#1401,.F.);
#1401 = EDGE_LOOP('',(#1402,#1403,#1404,#1405));
#1402 = ORIENTED_EDGE('',*,*,#1124,.F.);
#1403 = ORIENTED_EDGE('',*,*,#1309,.T.);
#1404 = ORIENTED_EDGE('',*,*,#1239,.T.);
#1405 = ORIENTED_EDGE('',*,*,#1356,.F.);
#1406 = ADVANCED_FACE('',(#1407),#1194,.T.);
#1407 = FACE_BOUND('',#1408,.T.);
#1408 = EDGE_LOOP('',(#1409,#1410,#1411,#1412));
#1409 = ORIENTED_EDGE('',*,*,#1180,.F.);
#1410 = ORIENTED_EDGE('',*,*,#1331,.T.);
#1411 = ORIENTED_EDGE('',*,*,#1285,.T.);
#1412 = ORIENTED_EDGE('',*,*,#1378,.F.);
#1413 = ( GEOMETRIC_REPRESENTATION_CONTEXT(3) 
GLOBAL_UNCERTAINTY_ASSIGNED_CONTEXT((#1417)) 
GLOBAL_UNIT_ASSIGNED_CONTEXT((#1414,#1415,#1416)) REPRESENTATION_CONTEXT
('Context #1','3D Context with UNIT and UNCERTAINTY') );
#1414 = ( LENGTH_UNIT() NAMED_UNIT(*) SI_UNIT(.MILLI.,.METRE.) );
#1415 = ( NAMED_UNIT(*) PLANE_ANGLE_UNIT() SI_UNIT($,.RADIAN.) );
#1416 = ( NAMED_UNIT(*) SI_UNIT($,.STERADIAN.) SOLID_ANGLE_UNIT() );
#1417 = UNCERTAINTY_MEASURE_WITH_UNIT(LENGTH_MEASURE(1.E-07),#1414,
  'distance_accuracy_value','confusion accuracy');
#1418 = CONTEXT_DEPENDENT_SHAPE_REPRESENTATION(#1419,#1421);
#1419 = ( REPRESENTATION_RELATIONSHIP('','',#1082,#10) 
REPRESENTATION_RELATIONSHIP_WITH_TRANSFORMATION(#1420) 
SHAPE_REPRESENTATION_RELATIONSHIP() );
#1420 = ITEM_DEFINED_TRANSFORMATION('','',#11,#23);
#1421 = PRODUCT_DEFINITION_SHAPE('Placement','Placement of an item',
  #1422);
#1422 = NEXT_ASSEMBLY_USAGE_OCCURRENCE('12','ufl_base','',#5,#1077,$);
#1423 = PRODUCT_RELATED_PRODUCT_CATEGORY('part',$,(#1079));
#1424 = SHAPE_DEFINITION_REPRESENTATION(#1425,#1431);
#1425 = PRODUCT_DEFINITION_SHAPE('','',#1426);
#1426 = PRODUCT_DEFINITION('design','',#1427,#1430);
#1427 = PRODUCT_DEFINITION_FORMATION('','',#1428);
#1428 = PRODUCT('ufl','ufl','',(#1429));
#1429 = PRODUCT_CONTEXT('',#2,'mechanical');
#1430 = PRODUCT_DEFINITION_CONTEXT('part definition',#2,'design');
#1431 = ADVANCED_BREP_SHAPE_REPRESENTATION('',(#11,#1432),#1624);
#1432 = MANIFOLD_SOLID_BREP('',#1433);
#1433 = CLOSED_SHELL('',(#1434,#1522,#1526,#1565,#1620));
#1434 = ADVANCED_FACE('',(#1435),#1449,.T.);
#1435 = FACE_BOUND('',#1436,.F.);
#1436 = EDGE_LOOP('',(#1437,#1467,#1494,#1495));
#1437 = ORIENTED_EDGE('',*,*,#1438,.T.);
#1438 = EDGE_CURVE('',#1439,#1441,#1443,.T.);
#1439 = VERTEX_POINT('',#1440);
#1440 = CARTESIAN_POINT('',(7.,7.14,1.1));
#1441 = VERTEX_POINT('',#1442);
#1442 = CARTESIAN_POINT('',(7.,7.14,2.25));
#1443 = SEAM_CURVE('',#1444,(#1448,#1460),.PCURVE_S1.);
#1444 = LINE('',#1445,#1446);
#1445 = CARTESIAN_POINT('',(7.,7.14,1.1));
#1446 = VECTOR('',#1447,1.);
#1447 = DIRECTION('',(0.,0.,1.));
#1448 = PCURVE('',#1449,#1454);
#1449 = CYLINDRICAL_SURFACE('',#1450,1.);
#1450 = AXIS2_PLACEMENT_3D('',#1451,#1452,#1453);
#1451 = CARTESIAN_POINT('',(6.,7.14,1.1));
#1452 = DIRECTION('',(-0.,-0.,-1.));
#1453 = DIRECTION('',(1.,0.,0.));
#1454 = DEFINITIONAL_REPRESENTATION('',(#1455),#1459);
#1455 = LINE('',#1456,#1457);
#1456 = CARTESIAN_POINT('',(-0.,0.));
#1457 = VECTOR('',#1458,1.);
#1458 = DIRECTION('',(-0.,-1.));
#1459 = ( GEOMETRIC_REPRESENTATION_CONTEXT(2) 
PARAMETRIC_REPRESENTATION_CONTEXT() REPRESENTATION_CONTEXT('2D SPACE',''
  ) );
#1460 = PCURVE('',#1449,#1461);
#1461 = DEFINITIONAL_REPRESENTATION('',(#1462),#1466);
#1462 = LINE('',#1463,#1464);
#1463 = CARTESIAN_POINT('',(-6.28318530718,0.));
#1464 = VECTOR('',#1465,1.);
#1465 = DIRECTION('',(-0.,-1.));
#1466 = ( GEOMETRIC_REPRESENTATION_CONTEXT(2) 
PARAMETRIC_REPRESENTATION_CONTEXT() REPRESENTATION_CONTEXT('2D SPACE',''
  ) );
#1467 = ORIENTED_EDGE('',*,*,#1468,.T.);
#1468 = EDGE_CURVE('',#1441,#1441,#1469,.T.);
#1469 = SURFACE_CURVE('',#1470,(#1475,#1482),.PCURVE_S1.);
#1470 = CIRCLE('',#1471,1.);
#1471 = AXIS2_PLACEMENT_3D('',#1472,#1473,#1474);
#1472 = CARTESIAN_POINT('',(6.,7.14,2.25));
#1473 = DIRECTION('',(0.,0.,1.));
#1474 = DIRECTION('',(1.,0.,0.));
#1475 = PCURVE('',#1449,#1476);
#1476 = DEFINITIONAL_REPRESENTATION('',(#1477),#1481);
#1477 = LINE('',#1478,#1479);
#1478 = CARTESIAN_POINT('',(-0.,-1.15));
#1479 = VECTOR('',#1480,1.);
#1480 = DIRECTION('',(-1.,0.));
#1481 = ( GEOMETRIC_REPRESENTATION_CONTEXT(2) 
PARAMETRIC_REPRESENTATION_CONTEXT() REPRESENTATION_CONTEXT('2D SPACE',''
  ) );
#1482 = PCURVE('',#1483,#1488);
#1483 = PLANE('',#1484);
#1484 = AXIS2_PLACEMENT_3D('',#1485,#1486,#1487);
#1485 = CARTESIAN_POINT('',(6.,7.14,2.25));
#1486 = DIRECTION('',(0.,0.,1.));
#1487 = DIRECTION('',(1.,0.,-0.));
#1488 = DEFINITIONAL_REPRESENTATION('',(#1489),#1493);
#1489 = CIRCLE('',#1490,1.);
#1490 = AXIS2_PLACEMENT_2D('',#1491,#1492);
#1491 = CARTESIAN_POINT('',(0.,8.881784197001E-16));
#1492 = DIRECTION('',(1.,0.));
#1493 = ( GEOMETRIC_REPRESENTATION_CONTEXT(2) 
PARAMETRIC_REPRESENTATION_CONTEXT() REPRESENTATION_CONTEXT('2D SPACE',''
  ) );
#1494 = ORIENTED_EDGE('',*,*,#1438,.F.);
#1495 = ORIENTED_EDGE('',*,*,#1496,.F.);
#1496 = EDGE_CURVE('',#1439,#1439,#1497,.T.);
#1497 = SURFACE_CURVE('',#1498,(#1503,#1510),.PCURVE_S1.);
#1498 = CIRCLE('',#1499,1.);
#1499 = AXIS2_PLACEMENT_3D('',#1500,#1501,#1502);
#1500 = CARTESIAN_POINT('',(6.,7.14,1.1));
#1501 = DIRECTION('',(0.,0.,1.));
#1502 = DIRECTION('',(1.,0.,0.));
#1503 = PCURVE('',#1449,#1504);
#1504 = DEFINITIONAL_REPRESENTATION('',(#1505),#1509);
#1505 = LINE('',#1506,#1507);
#1506 = CARTESIAN_POINT('',(-0.,0.));
#1507 = VECTOR('',#1508,1.);
#1508 = DIRECTION('',(-1.,0.));
#1509 = ( GEOMETRIC_REPRESENTATION_CONTEXT(2) 
PARAMETRIC_REPRESENTATION_CONTEXT() REPRESENTATION_CONTEXT('2D SPACE',''
  ) );
#1510 = PCURVE('',#1511,#1516);
#1511 = PLANE('',#1512);
#1512 = AXIS2_PLACEMENT_3D('',#1513,#1514,#1515);
#1513 = CARTESIAN_POINT('',(6.,7.14,1.1));
#1514 = DIRECTION('',(0.,0.,1.));
#1515 = DIRECTION('',(1.,0.,-0.));
#1516 = DEFINITIONAL_REPRESENTATION('',(#1517),#1521);
#1517 = CIRCLE('',#1518,1.);
#1518 = AXIS2_PLACEMENT_2D('',#1519,#1520);
#1519 = CARTESIAN_POINT('',(0.,8.881784197001E-16));
#1520 = DIRECTION('',(1.,0.));
#1521 = ( GEOMETRIC_REPRESENTATION_CONTEXT(2) 
PARAMETRIC_REPRESENTATION_CONTEXT() REPRESENTATION_CONTEXT('2D SPACE',''
  ) );
#1522 = ADVANCED_FACE('',(#1523),#1511,.F.);
#1523 = FACE_BOUND('',#1524,.F.);
#1524 = EDGE_LOOP('',(#1525));
#1525 = ORIENTED_EDGE('',*,*,#1496,.T.);
#1526 = ADVANCED_FACE('',(#1527,#1530),#1483,.T.);
#1527 = FACE_BOUND('',#1528,.T.);
#1528 = EDGE_LOOP('',(#1529));
#1529 = ORIENTED_EDGE('',*,*,#1468,.T.);
#1530 = FACE_BOUND('',#1531,.T.);
#1531 = EDGE_LOOP('',(#1532));
#1532 = ORIENTED_EDGE('',*,*,#1533,.T.);
#1533 = EDGE_CURVE('',#1534,#1534,#1536,.T.);
#1534 = VERTEX_POINT('',#1535);
#1535 = CARTESIAN_POINT('',(5.4,7.14,2.25));
#1536 = SURFACE_CURVE('',#1537,(#1542,#1553),.PCURVE_S1.);
#1537 = CIRCLE('',#1538,0.6);
#1538 = AXIS2_PLACEMENT_3D('',#1539,#1540,#1541);
#1539 = CARTESIAN_POINT('',(6.,7.14,2.25));
#1540 = DIRECTION('',(0.,0.,-1.));
#1541 = DIRECTION('',(-1.,0.,0.));
#1542 = PCURVE('',#1483,#1543);
#1543 = DEFINITIONAL_REPRESENTATION('',(#1544),#1552);
#1544 = ( BOUNDED_CURVE() B_SPLINE_CURVE(2,(#1545,#1546,#1547,#1548,
#1549,#1550,#1551),.UNSPECIFIED.,.T.,.F.) B_SPLINE_CURVE_WITH_KNOTS((1,2
    ,2,2,2,1),(-2.094395102393,0.,2.094395102393,4.188790204786,
6.28318530718,8.377580409573),.UNSPECIFIED.) CURVE() 
GEOMETRIC_REPRESENTATION_ITEM() RATIONAL_B_SPLINE_CURVE((1.,0.5,1.,0.5,
1.,0.5,1.)) REPRESENTATION_ITEM('') );
#1545 = CARTESIAN_POINT('',(-0.6,8.881784197001E-16));
#1546 = CARTESIAN_POINT('',(-0.6,1.039230484541));
#1547 = CARTESIAN_POINT('',(0.3,0.519615242271));
#1548 = CARTESIAN_POINT('',(1.2,1.035136035598E-15));
#1549 = CARTESIAN_POINT('',(0.3,-0.519615242271));
#1550 = CARTESIAN_POINT('',(-0.6,-1.039230484541));
#1551 = CARTESIAN_POINT('',(-0.6,8.881784197001E-16));
#1552 = ( GEOMETRIC_REPRESENTATION_CONTEXT(2) 
PARAMETRIC_REPRESENTATION_CONTEXT() REPRESENTATION_CONTEXT('2D SPACE',''
  ) );
#1553 = PCURVE('',#1554,#1559);
#1554 = CYLINDRICAL_SURFACE('',#1555,0.6);
#1555 = AXIS2_PLACEMENT_3D('',#1556,#1557,#1558);
#1556 = CARTESIAN_POINT('',(6.,7.14,2.25));
#1557 = DIRECTION('',(0.,0.,-1.));
#1558 = DIRECTION('',(-1.,0.,0.));
#1559 = DEFINITIONAL_REPRESENTATION('',(#1560),#1564);
#1560 = LINE('',#1561,#1562);
#1561 = CARTESIAN_POINT('',(0.,0.));
#1562 = VECTOR('',#1563,1.);
#1563 = DIRECTION('',(1.,0.));
#1564 = ( GEOMETRIC_REPRESENTATION_CONTEXT(2) 
PARAMETRIC_REPRESENTATION_CONTEXT() REPRESENTATION_CONTEXT('2D SPACE',''
  ) );
#1565 = ADVANCED_FACE('',(#1566),#1554,.F.);
#1566 = FACE_BOUND('',#1567,.F.);
#1567 = EDGE_LOOP('',(#1568,#1597,#1618,#1619));
#1568 = ORIENTED_EDGE('',*,*,#1569,.F.);
#1569 = EDGE_CURVE('',#1570,#1570,#1572,.T.);
#1570 = VERTEX_POINT('',#1571);
#1571 = CARTESIAN_POINT('',(5.4,7.14,1.45));
#1572 = SURFACE_CURVE('',#1573,(#1578,#1585),.PCURVE_S1.);
#1573 = CIRCLE('',#1574,0.6);
#1574 = AXIS2_PLACEMENT_3D('',#1575,#1576,#1577);
#1575 = CARTESIAN_POINT('',(6.,7.14,1.45));
#1576 = DIRECTION('',(0.,0.,-1.));
#1577 = DIRECTION('',(-1.,0.,0.));
#1578 = PCURVE('',#1554,#1579);
#1579 = DEFINITIONAL_REPRESENTATION('',(#1580),#1584);
#1580 = LINE('',#1581,#1582);
#1581 = CARTESIAN_POINT('',(0.,0.8));
#1582 = VECTOR('',#1583,1.);
#1583 = DIRECTION('',(1.,0.));
#1584 = ( GEOMETRIC_REPRESENTATION_CONTEXT(2) 
PARAMETRIC_REPRESENTATION_CONTEXT() REPRESENTATION_CONTEXT('2D SPACE',''
  ) );
#1585 = PCURVE('',#1586,#1591);
#1586 = PLANE('',#1587);
#1587 = AXIS2_PLACEMENT_3D('',#1588,#1589,#1590);
#1588 = CARTESIAN_POINT('',(6.,7.14,1.45));
#1589 = DIRECTION('',(0.,0.,-1.));
#1590 = DIRECTION('',(-1.,0.,0.));
#1591 = DEFINITIONAL_REPRESENTATION('',(#1592),#1596);
#1592 = CIRCLE('',#1593,0.6);
#1593 = AXIS2_PLACEMENT_2D('',#1594,#1595);
#1594 = CARTESIAN_POINT('',(0.,0.));
#1595 = DIRECTION('',(1.,0.));
#1596 = ( GEOMETRIC_REPRESENTATION_CONTEXT(2) 
PARAMETRIC_REPRESENTATION_CONTEXT() REPRESENTATION_CONTEXT('2D SPACE',''
  ) );
#1597 = ORIENTED_EDGE('',*,*,#1598,.F.);
#1598 = EDGE_CURVE('',#1534,#1570,#1599,.T.);
#1599 = SEAM_CURVE('',#1600,(#1604,#1611),.PCURVE_S1.);
#1600 = LINE('',#1601,#1602);
#1601 = CARTESIAN_POINT('',(5.4,7.14,2.25));
#1602 = VECTOR('',#1603,1.);
#1603 = DIRECTION('',(0.,0.,-1.));
#1604 = PCURVE('',#1554,#1605);
#1605 = DEFINITIONAL_REPRESENTATION('',(#1606),#1610);
#1606 = LINE('',#1607,#1608);
#1607 = CARTESIAN_POINT('',(6.28318530718,-0.));
#1608 = VECTOR('',#1609,1.);
#1609 = DIRECTION('',(0.,1.));
#1610 = ( GEOMETRIC_REPRESENTATION_CONTEXT(2) 
PARAMETRIC_REPRESENTATION_CONTEXT() REPRESENTATION_CONTEXT('2D SPACE',''
  ) );
#1611 = PCURVE('',#1554,#1612);
#1612 = DEFINITIONAL_REPRESENTATION('',(#1613),#1617);
#1613 = LINE('',#1614,#1615);
#1614 = CARTESIAN_POINT('',(0.,-0.));
#1615 = VECTOR('',#1616,1.);
#1616 = DIRECTION('',(0.,1.));
#1617 = ( GEOMETRIC_REPRESENTATION_CONTEXT(2) 
PARAMETRIC_REPRESENTATION_CONTEXT() REPRESENTATION_CONTEXT('2D SPACE',''
  ) );
#1618 = ORIENTED_EDGE('',*,*,#1533,.T.);
#1619 = ORIENTED_EDGE('',*,*,#1598,.T.);
#1620 = ADVANCED_FACE('',(#1621),#1586,.F.);
#1621 = FACE_BOUND('',#1622,.F.);
#1622 = EDGE_LOOP('',(#1623));
#1623 = ORIENTED_EDGE('',*,*,#1569,.T.);
#1624 = ( GEOMETRIC_REPRESENTATION_CONTEXT(3) 
GLOBAL_UNCERTAINTY_ASSIGNED_CONTEXT((#1628)) 
GLOBAL_UNIT_ASSIGNED_CONTEXT((#1625,#1626,#1627)) REPRESENTATION_CONTEXT
('Context #1','3D Context with UNIT and UNCERTAINTY') );
#1625 = ( LENGTH_UNIT() NAMED_UNIT(*) SI_UNIT(.MILLI.,.METRE.) );
#1626 = ( NAMED_UNIT(*) PLANE_ANGLE_UNIT() SI_UNIT($,.RADIAN.) );
#1627 = ( NAMED_UNIT(*) SI_UNIT($,.STERADIAN.) SOLID_ANGLE_UNIT() );
#1628 = UNCERTAINTY_MEASURE_WITH_UNIT(LENGTH_MEASURE(1.E-07),#1625,
  'distance_accuracy_value','confusion accuracy');
#1629 = CONTEXT_DEPENDENT_SHAPE_REPRESENTATION(#1630,#1632);
#1630 = ( REPRESENTATION_RELATIONSHIP('','',#1431,#10) 
REPRESENTATION_RELATIONSHIP_WITH_TRANSFORMATION(#1631) 
SHAPE_REPRESENTATION_RELATIONSHIP() );
#1631 = ITEM_DEFINED_TRANSFORMATION('','',#11,#27);
#1632 = PRODUCT_DEFINITION_SHAPE('Placement','Placement of an item',
  #1633);
#1633 = NEXT_ASSEMBLY_USAGE_OCCURRENCE('13','ufl','',#5,#1426,$);
#1634 = PRODUCT_RELATED_PRODUCT_CATEGORY('part',$,(#1428));
#1635 = SHAPE_DEFINITION_REPRESENTATION(#1636,#1642);
#1636 = PRODUCT_DEFINITION_SHAPE('','',#1637);
#1637 = PRODUCT_DEFINITION('design','',#1638,#1641);
#1638 = PRODUCT_DEFINITION_FORMATION('','',#1639);
#1639 = PRODUCT('pads','pads','',(#1640));
#1640 = PRODUCT_CONTEXT('',#2,'mechanical');
#1641 = PRODUCT_DEFINITION_CONTEXT('part definition',#2,'design');
#1642 = SHAPE_REPRESENTATION('',(#11,#1643,#1973,#2303,#2633,#2963,#3293
    ,#3623,#3953,#4283,#4613,#4943,#5273,#5603,#5933,#6263,#6593,#6923,
    #7253,#7583,#7913,#8243,#8573,#8903,#9233,#9563,#9893,#10223,#10553,
    #10883,#11213,#11543,#11873,#12203,#12533,#12863,#13193,#13523,
    #13853,#14183,#14513),#14843);
#1643 = MANIFOLD_SOLID_BREP('',#1644);
#1644 = CLOSED_SHELL('',(#1645,#1765,#1865,#1912,#1959,#1966));
#1645 = ADVANCED_FACE('',(#1646),#1660,.F.);
#1646 = FACE_BOUND('',#1647,.F.);
#1647 = EDGE_LOOP('',(#1648,#1683,#1711,#1739));
#1648 = ORIENTED_EDGE('',*,*,#1649,.F.);
#1649 = EDGE_CURVE('',#1650,#1652,#1654,.T.);
#1650 = VERTEX_POINT('',#1651);
#1651 = CARTESIAN_POINT('',(-9.1,7.96,-5.E-03));
#1652 = VERTEX_POINT('',#1653);
#1653 = CARTESIAN_POINT('',(-9.1,7.96,0.845));
#1654 = SURFACE_CURVE('',#1655,(#1659,#1671),.PCURVE_S1.);
#1655 = LINE('',#1656,#1657);
#1656 = CARTESIAN_POINT('',(-9.1,7.96,-5.E-03));
#1657 = VECTOR('',#1658,1.);
#1658 = DIRECTION('',(0.,0.,1.));
#1659 = PCURVE('',#1660,#1665);
#1660 = PLANE('',#1661);
#1661 = AXIS2_PLACEMENT_3D('',#1662,#1663,#1664);
#1662 = CARTESIAN_POINT('',(-9.1,7.96,-5.E-03));
#1663 = DIRECTION('',(1.,0.,0.));
#1664 = DIRECTION('',(0.,0.,1.));
#1665 = DEFINITIONAL_REPRESENTATION('',(#1666),#1670);
#1666 = LINE('',#1667,#1668);
#1667 = CARTESIAN_POINT('',(0.,0.));
#1668 = VECTOR('',#1669,1.);
#1669 = DIRECTION('',(1.,0.));
#1670 = ( GEOMETRIC_REPRESENTATION_CONTEXT(2) 
PARAMETRIC_REPRESENTATION_CONTEXT() REPRESENTATION_CONTEXT('2D SPACE',''
  ) );
#1671 = PCURVE('',#1672,#1677);
#1672 = PLANE('',#1673);
#1673 = AXIS2_PLACEMENT_3D('',#1674,#1675,#1676);
#1674 = CARTESIAN_POINT('',(-9.1,7.96,-5.E-03));
#1675 = DIRECTION('',(0.,1.,0.));
#1676 = DIRECTION('',(0.,0.,1.));
#1677 = DEFINITIONAL_REPRESENTATION('',(#1678),#1682);
#1678 = LINE('',#1679,#1680);
#1679 = CARTESIAN_POINT('',(0.,0.));
#1680 = VECTOR('',#1681,1.);
#1681 = DIRECTION('',(1.,0.));
#1682 = ( GEOMETRIC_REPRESENTATION_CONTEXT(2) 
PARAMETRIC_REPRESENTATION_CONTEXT() REPRESENTATION_CONTEXT('2D SPACE',''
  ) );
#1683 = ORIENTED_EDGE('',*,*,#1684,.T.);
#1684 = EDGE_CURVE('',#1650,#1685,#1687,.T.);
#1685 = VERTEX_POINT('',#1686);
#1686 = CARTESIAN_POINT('',(-9.1,8.86,-5.E-03));
#1687 = SURFACE_CURVE('',#1688,(#1692,#1699),.PCURVE_S1.);
#1688 = LINE('',#1689,#1690);
#1689 = CARTESIAN_POINT('',(-9.1,7.96,-5.E-03));
#1690 = VECTOR('',#1691,1.);
#1691 = DIRECTION('',(0.,1.,0.));
#1692 = PCURVE('',#1660,#1693);
#1693 = DEFINITIONAL_REPRESENTATION('',(#1694),#1698);
#1694 = LINE('',#1695,#1696);
#1695 = CARTESIAN_POINT('',(0.,0.));
#1696 = VECTOR('',#1697,1.);
#1697 = DIRECTION('',(0.,-1.));
#1698 = ( GEOMETRIC_REPRESENTATION_CONTEXT(2) 
PARAMETRIC_REPRESENTATION_CONTEXT() REPRESENTATION_CONTEXT('2D SPACE',''
  ) );
#1699 = PCURVE('',#1700,#1705);
#1700 = PLANE('',#1701);
#1701 = AXIS2_PLACEMENT_3D('',#1702,#1703,#1704);
#1702 = CARTESIAN_POINT('',(-9.1,7.96,-5.E-03));
#1703 = DIRECTION('',(0.,0.,1.));
#1704 = DIRECTION('',(1.,0.,0.));
#1705 = DEFINITIONAL_REPRESENTATION('',(#1706),#1710);
#1706 = LINE('',#1707,#1708);
#1707 = CARTESIAN_POINT('',(0.,0.));
#1708 = VECTOR('',#1709,1.);
#1709 = DIRECTION('',(0.,1.));
#1710 = ( GEOMETRIC_REPRESENTATION_CONTEXT(2) 
PARAMETRIC_REPRESENTATION_CONTEXT() REPRESENTATION_CONTEXT('2D SPACE',''
  ) );
#1711 = ORIENTED_EDGE('',*,*,#1712,.T.);
#1712 = EDGE_CURVE('',#1685,#1713,#1715,.T.);
#1713 = VERTEX_POINT('',#1714);
#1714 = CARTESIAN_POINT('',(-9.1,8.86,0.845));
#1715 = SURFACE_CURVE('',#1716,(#1720,#1727),.PCURVE_S1.);
#1716 = LINE('',#1717,#1718);
#1717 = CARTESIAN_POINT('',(-9.1,8.86,-5.E-03));
#1718 = VECTOR('',#1719,1.);
#1719 = DIRECTION('',(0.,0.,1.));
#1720 = PCURVE('',#1660,#1721);
#1721 = DEFINITIONAL_REPRESENTATION('',(#1722),#1726);
#1722 = LINE('',#1723,#1724);
#1723 = CARTESIAN_POINT('',(0.,-0.9));
#1724 = VECTOR('',#1725,1.);
#1725 = DIRECTION('',(1.,0.));
#1726 = ( GEOMETRIC_REPRESENTATION_CONTEXT(2) 
PARAMETRIC_REPRESENTATION_CONTEXT() REPRESENTATION_CONTEXT('2D SPACE',''
  ) );
#1727 = PCURVE('',#1728,#1733);
#1728 = PLANE('',#1729);
#1729 = AXIS2_PLACEMENT_3D('',#1730,#1731,#1732);
#1730 = CARTESIAN_POINT('',(-9.1,8.86,-5.E-03));
#1731 = DIRECTION('',(0.,1.,0.));
#1732 = DIRECTION('',(0.,0.,1.));
#1733 = DEFINITIONAL_REPRESENTATION('',(#1734),#1738);
#1734 = LINE('',#1735,#1736);
#1735 = CARTESIAN_POINT('',(0.,0.));
#1736 = VECTOR('',#1737,1.);
#1737 = DIRECTION('',(1.,0.));
#1738 = ( GEOMETRIC_REPRESENTATION_CONTEXT(2) 
PARAMETRIC_REPRESENTATION_CONTEXT() REPRESENTATION_CONTEXT('2D SPACE',''
  ) );
#1739 = ORIENTED_EDGE('',*,*,#1740,.F.);
#1740 = EDGE_CURVE('',#1652,#1713,#1741,.T.);
#1741 = SURFACE_CURVE('',#1742,(#1746,#1753),.PCURVE_S1.);
#1742 = LINE('',#1743,#1744);
#1743 = CARTESIAN_POINT('',(-9.1,7.96,0.845));
#1744 = VECTOR('',#1745,1.);
#1745 = DIRECTION('',(0.,1.,0.));
#1746 = PCURVE('',#1660,#1747);
#1747 = DEFINITIONAL_REPRESENTATION('',(#1748),#1752);
#1748 = LINE('',#1749,#1750);
#1749 = CARTESIAN_POINT('',(0.85,0.));
#1750 = VECTOR('',#1751,1.);
#1751 = DIRECTION('',(0.,-1.));
#1752 = ( GEOMETRIC_REPRESENTATION_CONTEXT(2) 
PARAMETRIC_REPRESENTATION_CONTEXT() REPRESENTATION_CONTEXT('2D SPACE',''
  ) );
#1753 = PCURVE('',#1754,#1759);
#1754 = PLANE('',#1755);
#1755 = AXIS2_PLACEMENT_3D('',#1756,#1757,#1758);
#1756 = CARTESIAN_POINT('',(-9.1,7.96,0.845));
#1757 = DIRECTION('',(0.,0.,1.));
#1758 = DIRECTION('',(1.,0.,0.));
#1759 = DEFINITIONAL_REPRESENTATION('',(#1760),#1764);
#1760 = LINE('',#1761,#1762);
#1761 = CARTESIAN_POINT('',(0.,0.));
#1762 = VECTOR('',#1763,1.);
#1763 = DIRECTION('',(0.,1.));
#1764 = ( GEOMETRIC_REPRESENTATION_CONTEXT(2) 
PARAMETRIC_REPRESENTATION_CONTEXT() REPRESENTATION_CONTEXT('2D SPACE',''
  ) );
#1765 = ADVANCED_FACE('',(#1766),#1780,.T.);
#1766 = FACE_BOUND('',#1767,.T.);
#1767 = EDGE_LOOP('',(#1768,#1798,#1821,#1844));
#1768 = ORIENTED_EDGE('',*,*,#1769,.F.);
#1769 = EDGE_CURVE('',#1770,#1772,#1774,.T.);
#1770 = VERTEX_POINT('',#1771);
#1771 = CARTESIAN_POINT('',(-8.8,7.96,-5.E-03));
#1772 = VERTEX_POINT('',#1773);
#1773 = CARTESIAN_POINT('',(-8.8,7.96,0.845));
#1774 = SURFACE_CURVE('',#1775,(#1779,#1791),.PCURVE_S1.);
#1775 = LINE('',#1776,#1777);
#1776 = CARTESIAN_POINT('',(-8.8,7.96,-5.E-03));
#1777 = VECTOR('',#1778,1.);
#1778 = DIRECTION('',(0.,0.,1.));
#1779 = PCURVE('',#1780,#1785);
#1780 = PLANE('',#1781);
#1781 = AXIS2_PLACEMENT_3D('',#1782,#1783,#1784);
#1782 = CARTESIAN_POINT('',(-8.8,7.96,-5.E-03));
#1783 = DIRECTION('',(1.,0.,0.));
#1784 = DIRECTION('',(0.,0.,1.));
#1785 = DEFINITIONAL_REPRESENTATION('',(#1786),#1790);
#1786 = LINE('',#1787,#1788);
#1787 = CARTESIAN_POINT('',(0.,0.));
#1788 = VECTOR('',#1789,1.);
#1789 = DIRECTION('',(1.,0.));
#1790 = ( GEOMETRIC_REPRESENTATION_CONTEXT(2) 
PARAMETRIC_REPRESENTATION_CONTEXT() REPRESENTATION_CONTEXT('2D SPACE',''
  ) );
#1791 = PCURVE('',#1672,#1792);
#1792 = DEFINITIONAL_REPRESENTATION('',(#1793),#1797);
#1793 = LINE('',#1794,#1795);
#1794 = CARTESIAN_POINT('',(0.,0.3));
#1795 = VECTOR('',#1796,1.);
#1796 = DIRECTION('',(1.,0.));
#1797 = ( GEOMETRIC_REPRESENTATION_CONTEXT(2) 
PARAMETRIC_REPRESENTATION_CONTEXT() REPRESENTATION_CONTEXT('2D SPACE',''
  ) );
#1798 = ORIENTED_EDGE('',*,*,#1799,.T.);
#1799 = EDGE_CURVE('',#1770,#1800,#1802,.T.);
#1800 = VERTEX_POINT('',#1801);
#1801 = CARTESIAN_POINT('',(-8.8,8.86,-5.E-03));
#1802 = SURFACE_CURVE('',#1803,(#1807,#1814),.PCURVE_S1.);
#1803 = LINE('',#1804,#1805);
#1804 = CARTESIAN_POINT('',(-8.8,7.96,-5.E-03));
#1805 = VECTOR('',#1806,1.);
#1806 = DIRECTION('',(0.,1.,0.));
#1807 = PCURVE('',#1780,#1808);
#1808 = DEFINITIONAL_REPRESENTATION('',(#1809),#1813);
#1809 = LINE('',#1810,#1811);
#1810 = CARTESIAN_POINT('',(0.,0.));
#1811 = VECTOR('',#1812,1.);
#1812 = DIRECTION('',(0.,-1.));
#1813 = ( GEOMETRIC_REPRESENTATION_CONTEXT(2) 
PARAMETRIC_REPRESENTATION_CONTEXT() REPRESENTATION_CONTEXT('2D SPACE',''
  ) );
#1814 = PCURVE('',#1700,#1815);
#1815 = DEFINITIONAL_REPRESENTATION('',(#1816),#1820);
#1816 = LINE('',#1817,#1818);
#1817 = CARTESIAN_POINT('',(0.3,0.));
#1818 = VECTOR('',#1819,1.);
#1819 = DIRECTION('',(0.,1.));
#1820 = ( GEOMETRIC_REPRESENTATION_CONTEXT(2) 
PARAMETRIC_REPRESENTATION_CONTEXT() REPRESENTATION_CONTEXT('2D SPACE',''
  ) );
#1821 = ORIENTED_EDGE('',*,*,#1822,.T.);
#1822 = EDGE_CURVE('',#1800,#1823,#1825,.T.);
#1823 = VERTEX_POINT('',#1824);
#1824 = CARTESIAN_POINT('',(-8.8,8.86,0.845));
#1825 = SURFACE_CURVE('',#1826,(#1830,#1837),.PCURVE_S1.);
#1826 = LINE('',#1827,#1828);
#1827 = CARTESIAN_POINT('',(-8.8,8.86,-5.E-03));
#1828 = VECTOR('',#1829,1.);
#1829 = DIRECTION('',(0.,0.,1.));
#1830 = PCURVE('',#1780,#1831);
#1831 = DEFINITIONAL_REPRESENTATION('',(#1832),#1836);
#1832 = LINE('',#1833,#1834);
#1833 = CARTESIAN_POINT('',(0.,-0.9));
#1834 = VECTOR('',#1835,1.);
#1835 = DIRECTION('',(1.,0.));
#1836 = ( GEOMETRIC_REPRESENTATION_CONTEXT(2) 
PARAMETRIC_REPRESENTATION_CONTEXT() REPRESENTATION_CONTEXT('2D SPACE',''
  ) );
#1837 = PCURVE('',#1728,#1838);
#1838 = DEFINITIONAL_REPRESENTATION('',(#1839),#1843);
#1839 = LINE('',#1840,#1841);
#1840 = CARTESIAN_POINT('',(0.,0.3));
#1841 = VECTOR('',#1842,1.);
#1842 = DIRECTION('',(1.,0.));
#1843 = ( GEOMETRIC_REPRESENTATION_CONTEXT(2) 
PARAMETRIC_REPRESENTATION_CONTEXT() REPRESENTATION_CONTEXT('2D SPACE',''
  ) );
#1844 = ORIENTED_EDGE('',*,*,#1845,.F.);
#1845 = EDGE_CURVE('',#1772,#1823,#1846,.T.);
#1846 = SURFACE_CURVE('',#1847,(#1851,#1858),.PCURVE_S1.);
#1847 = LINE('',#1848,#1849);
#1848 = CARTESIAN_POINT('',(-8.8,7.96,0.845));
#1849 = VECTOR('',#1850,1.);
#1850 = DIRECTION('',(0.,1.,0.));
#1851 = PCURVE('',#1780,#1852);
#1852 = DEFINITIONAL_REPRESENTATION('',(#1853),#1857);
#1853 = LINE('',#1854,#1855);
#1854 = CARTESIAN_POINT('',(0.85,0.));
#1855 = VECTOR('',#1856,1.);
#1856 = DIRECTION('',(0.,-1.));
#1857 = ( GEOMETRIC_REPRESENTATION_CONTEXT(2) 
PARAMETRIC_REPRESENTATION_CONTEXT() REPRESENTATION_CONTEXT('2D SPACE',''
  ) );
#1858 = PCURVE('',#1754,#1859);
#1859 = DEFINITIONAL_REPRESENTATION('',(#1860),#1864);
#1860 = LINE('',#1861,#1862);
#1861 = CARTESIAN_POINT('',(0.3,0.));
#1862 = VECTOR('',#1863,1.);
#1863 = DIRECTION('',(0.,1.));
#1864 = ( GEOMETRIC_REPRESENTATION_CONTEXT(2) 
PARAMETRIC_REPRESENTATION_CONTEXT() REPRESENTATION_CONTEXT('2D SPACE',''
  ) );
#1865 = ADVANCED_FACE('',(#1866),#1672,.F.);
#1866 = FACE_BOUND('',#1867,.F.);
#1867 = EDGE_LOOP('',(#1868,#1889,#1890,#1911));
#1868 = ORIENTED_EDGE('',*,*,#1869,.F.);
#1869 = EDGE_CURVE('',#1650,#1770,#1870,.T.);
#1870 = SURFACE_CURVE('',#1871,(#1875,#1882),.PCURVE_S1.);
#1871 = LINE('',#1872,#1873);
#1872 = CARTESIAN_POINT('',(-9.1,7.96,-5.E-03));
#1873 = VECTOR('',#1874,1.);
#1874 = DIRECTION('',(1.,0.,0.));
#1875 = PCURVE('',#1672,#1876);
#1876 = DEFINITIONAL_REPRESENTATION('',(#1877),#1881);
#1877 = LINE('',#1878,#1879);
#1878 = CARTESIAN_POINT('',(0.,0.));
#1879 = VECTOR('',#1880,1.);
#1880 = DIRECTION('',(0.,1.));
#1881 = ( GEOMETRIC_REPRESENTATION_CONTEXT(2) 
PARAMETRIC_REPRESENTATION_CONTEXT() REPRESENTATION_CONTEXT('2D SPACE',''
  ) );
#1882 = PCURVE('',#1700,#1883);
#1883 = DEFINITIONAL_REPRESENTATION('',(#1884),#1888);
#1884 = LINE('',#1885,#1886);
#1885 = CARTESIAN_POINT('',(0.,0.));
#1886 = VECTOR('',#1887,1.);
#1887 = DIRECTION('',(1.,0.));
#1888 = ( GEOMETRIC_REPRESENTATION_CONTEXT(2) 
PARAMETRIC_REPRESENTATION_CONTEXT() REPRESENTATION_CONTEXT('2D SPACE',''
  ) );
#1889 = ORIENTED_EDGE('',*,*,#1649,.T.);
#1890 = ORIENTED_EDGE('',*,*,#1891,.T.);
#1891 = EDGE_CURVE('',#1652,#1772,#1892,.T.);
#1892 = SURFACE_CURVE('',#1893,(#1897,#1904),.PCURVE_S1.);
#1893 = LINE('',#1894,#1895);
#1894 = CARTESIAN_POINT('',(-9.1,7.96,0.845));
#1895 = VECTOR('',#1896,1.);
#1896 = DIRECTION('',(1.,0.,0.));
#1897 = PCURVE('',#1672,#1898);
#1898 = DEFINITIONAL_REPRESENTATION('',(#1899),#1903);
#1899 = LINE('',#1900,#1901);
#1900 = CARTESIAN_POINT('',(0.85,0.));
#1901 = VECTOR('',#1902,1.);
#1902 = DIRECTION('',(0.,1.));
#1903 = ( GEOMETRIC_REPRESENTATION_CONTEXT(2) 
PARAMETRIC_REPRESENTATION_CONTEXT() REPRESENTATION_CONTEXT('2D SPACE',''
  ) );
#1904 = PCURVE('',#1754,#1905);
#1905 = DEFINITIONAL_REPRESENTATION('',(#1906),#1910);
#1906 = LINE('',#1907,#1908);
#1907 = CARTESIAN_POINT('',(0.,0.));
#1908 = VECTOR('',#1909,1.);
#1909 = DIRECTION('',(1.,0.));
#1910 = ( GEOMETRIC_REPRESENTATION_CONTEXT(2) 
PARAMETRIC_REPRESENTATION_CONTEXT() REPRESENTATION_CONTEXT('2D SPACE',''
  ) );
#1911 = ORIENTED_EDGE('',*,*,#1769,.F.);
#1912 = ADVANCED_FACE('',(#1913),#1728,.T.);
#1913 = FACE_BOUND('',#1914,.T.);
#1914 = EDGE_LOOP('',(#1915,#1936,#1937,#1958));
#1915 = ORIENTED_EDGE('',*,*,#1916,.F.);
#1916 = EDGE_CURVE('',#1685,#1800,#1917,.T.);
#1917 = SURFACE_CURVE('',#1918,(#1922,#1929),.PCURVE_S1.);
#1918 = LINE('',#1919,#1920);
#1919 = CARTESIAN_POINT('',(-9.1,8.86,-5.E-03));
#1920 = VECTOR('',#1921,1.);
#1921 = DIRECTION('',(1.,0.,0.));
#1922 = PCURVE('',#1728,#1923);
#1923 = DEFINITIONAL_REPRESENTATION('',(#1924),#1928);
#1924 = LINE('',#1925,#1926);
#1925 = CARTESIAN_POINT('',(0.,0.));
#1926 = VECTOR('',#1927,1.);
#1927 = DIRECTION('',(0.,1.));
#1928 = ( GEOMETRIC_REPRESENTATION_CONTEXT(2) 
PARAMETRIC_REPRESENTATION_CONTEXT() REPRESENTATION_CONTEXT('2D SPACE',''
  ) );
#1929 = PCURVE('',#1700,#1930);
#1930 = DEFINITIONAL_REPRESENTATION('',(#1931),#1935);
#1931 = LINE('',#1932,#1933);
#1932 = CARTESIAN_POINT('',(0.,0.9));
#1933 = VECTOR('',#1934,1.);
#1934 = DIRECTION('',(1.,0.));
#1935 = ( GEOMETRIC_REPRESENTATION_CONTEXT(2) 
PARAMETRIC_REPRESENTATION_CONTEXT() REPRESENTATION_CONTEXT('2D SPACE',''
  ) );
#1936 = ORIENTED_EDGE('',*,*,#1712,.T.);
#1937 = ORIENTED_EDGE('',*,*,#1938,.T.);
#1938 = EDGE_CURVE('',#1713,#1823,#1939,.T.);
#1939 = SURFACE_CURVE('',#1940,(#1944,#1951),.PCURVE_S1.);
#1940 = LINE('',#1941,#1942);
#1941 = CARTESIAN_POINT('',(-9.1,8.86,0.845));
#1942 = VECTOR('',#1943,1.);
#1943 = DIRECTION('',(1.,0.,0.));
#1944 = PCURVE('',#1728,#1945);
#1945 = DEFINITIONAL_REPRESENTATION('',(#1946),#1950);
#1946 = LINE('',#1947,#1948);
#1947 = CARTESIAN_POINT('',(0.85,0.));
#1948 = VECTOR('',#1949,1.);
#1949 = DIRECTION('',(0.,1.));
#1950 = ( GEOMETRIC_REPRESENTATION_CONTEXT(2) 
PARAMETRIC_REPRESENTATION_CONTEXT() REPRESENTATION_CONTEXT('2D SPACE',''
  ) );
#1951 = PCURVE('',#1754,#1952);
#1952 = DEFINITIONAL_REPRESENTATION('',(#1953),#1957);
#1953 = LINE('',#1954,#1955);
#1954 = CARTESIAN_POINT('',(0.,0.9));
#1955 = VECTOR('',#1956,1.);
#1956 = DIRECTION('',(1.,0.));
#1957 = ( GEOMETRIC_REPRESENTATION_CONTEXT(2) 
PARAMETRIC_REPRESENTATION_CONTEXT() REPRESENTATION_CONTEXT('2D SPACE',''
  ) );
#1958 = ORIENTED_EDGE('',*,*,#1822,.F.);
#1959 = ADVANCED_FACE('',(#1960),#1700,.F.);
#1960 = FACE_BOUND('',#1961,.F.);
#1961 = EDGE_LOOP('',(#1962,#1963,#1964,#1965));
#1962 = ORIENTED_EDGE('',*,*,#1684,.F.);
#1963 = ORIENTED_EDGE('',*,*,#1869,.T.);
#1964 = ORIENTED_EDGE('',*,*,#1799,.T.);
#1965 = ORIENTED_EDGE('',*,*,#1916,.F.);
#1966 = ADVANCED_FACE('',(#1967),#1754,.T.);
#1967 = FACE_BOUND('',#1968,.T.);
#1968 = EDGE_LOOP('',(#1969,#1970,#1971,#1972));
#1969 = ORIENTED_EDGE('',*,*,#1740,.F.);
#1970 = ORIENTED_EDGE('',*,*,#1891,.T.);
#1971 = ORIENTED_EDGE('',*,*,#1845,.T.);
#1972 = ORIENTED_EDGE('',*,*,#1938,.F.);
#1973 = MANIFOLD_SOLID_BREP('',#1974);
#1974 = CLOSED_SHELL('',(#1975,#2095,#2195,#2242,#2289,#2296));
#1975 = ADVANCED_FACE('',(#1976),#1990,.F.);
#1976 = FACE_BOUND('',#1977,.F.);
#1977 = EDGE_LOOP('',(#1978,#2013,#2041,#2069));
#1978 = ORIENTED_EDGE('',*,*,#1979,.F.);
#1979 = EDGE_CURVE('',#1980,#1982,#1984,.T.);
#1980 = VERTEX_POINT('',#1981);
#1981 = CARTESIAN_POINT('',(8.8,7.96,-5.E-03));
#1982 = VERTEX_POINT('',#1983);
#1983 = CARTESIAN_POINT('',(8.8,7.96,0.845));
#1984 = SURFACE_CURVE('',#1985,(#1989,#2001),.PCURVE_S1.);
#1985 = LINE('',#1986,#1987);
#1986 = CARTESIAN_POINT('',(8.8,7.96,-5.E-03));
#1987 = VECTOR('',#1988,1.);
#1988 = DIRECTION('',(0.,0.,1.));
#1989 = PCURVE('',#1990,#1995);
#1990 = PLANE('',#1991);
#1991 = AXIS2_PLACEMENT_3D('',#1992,#1993,#1994);
#1992 = CARTESIAN_POINT('',(8.8,7.96,-5.E-03));
#1993 = DIRECTION('',(1.,0.,0.));
#1994 = DIRECTION('',(0.,0.,1.));
#1995 = DEFINITIONAL_REPRESENTATION('',(#1996),#2000);
#1996 = LINE('',#1997,#1998);
#1997 = CARTESIAN_POINT('',(0.,0.));
#1998 = VECTOR('',#1999,1.);
#1999 = DIRECTION('',(1.,0.));
#2000 = ( GEOMETRIC_REPRESENTATION_CONTEXT(2) 
PARAMETRIC_REPRESENTATION_CONTEXT() REPRESENTATION_CONTEXT('2D SPACE',''
  ) );
#2001 = PCURVE('',#2002,#2007);
#2002 = PLANE('',#2003);
#2003 = AXIS2_PLACEMENT_3D('',#2004,#2005,#2006);
#2004 = CARTESIAN_POINT('',(8.8,7.96,-5.E-03));
#2005 = DIRECTION('',(0.,1.,0.));
#2006 = DIRECTION('',(0.,0.,1.));
#2007 = DEFINITIONAL_REPRESENTATION('',(#2008),#2012);
#2008 = LINE('',#2009,#2010);
#2009 = CARTESIAN_POINT('',(0.,0.));
#2010 = VECTOR('',#2011,1.);
#2011 = DIRECTION('',(1.,0.));
#2012 = ( GEOMETRIC_REPRESENTATION_CONTEXT(2) 
PARAMETRIC_REPRESENTATION_CONTEXT() REPRESENTATION_CONTEXT('2D SPACE',''
  ) );
#2013 = ORIENTED_EDGE('',*,*,#2014,.T.);
#2014 = EDGE_CURVE('',#1980,#2015,#2017,.T.);
#2015 = VERTEX_POINT('',#2016);
#2016 = CARTESIAN_POINT('',(8.8,8.86,-5.E-03));
#2017 = SURFACE_CURVE('',#2018,(#2022,#2029),.PCURVE_S1.);
#2018 = LINE('',#2019,#2020);
#2019 = CARTESIAN_POINT('',(8.8,7.96,-5.E-03));
#2020 = VECTOR('',#2021,1.);
#2021 = DIRECTION('',(0.,1.,0.));
#2022 = PCURVE('',#1990,#2023);
#2023 = DEFINITIONAL_REPRESENTATION('',(#2024),#2028);
#2024 = LINE('',#2025,#2026);
#2025 = CARTESIAN_POINT('',(0.,0.));
#2026 = VECTOR('',#2027,1.);
#2027 = DIRECTION('',(0.,-1.));
#2028 = ( GEOMETRIC_REPRESENTATION_CONTEXT(2) 
PARAMETRIC_REPRESENTATION_CONTEXT() REPRESENTATION_CONTEXT('2D SPACE',''
  ) );
#2029 = PCURVE('',#2030,#2035);
#2030 = PLANE('',#2031);
#2031 = AXIS2_PLACEMENT_3D('',#2032,#2033,#2034);
#2032 = CARTESIAN_POINT('',(8.8,7.96,-5.E-03));
#2033 = DIRECTION('',(0.,0.,1.));
#2034 = DIRECTION('',(1.,0.,0.));
#2035 = DEFINITIONAL_REPRESENTATION('',(#2036),#2040);
#2036 = LINE('',#2037,#2038);
#2037 = CARTESIAN_POINT('',(0.,0.));
#2038 = VECTOR('',#2039,1.);
#2039 = DIRECTION('',(0.,1.));
#2040 = ( GEOMETRIC_REPRESENTATION_CONTEXT(2) 
PARAMETRIC_REPRESENTATION_CONTEXT() REPRESENTATION_CONTEXT('2D SPACE',''
  ) );
#2041 = ORIENTED_EDGE('',*,*,#2042,.T.);
#2042 = EDGE_CURVE('',#2015,#2043,#2045,.T.);
#2043 = VERTEX_POINT('',#2044);
#2044 = CARTESIAN_POINT('',(8.8,8.86,0.845));
#2045 = SURFACE_CURVE('',#2046,(#2050,#2057),.PCURVE_S1.);
#2046 = LINE('',#2047,#2048);
#2047 = CARTESIAN_POINT('',(8.8,8.86,-5.E-03));
#2048 = VECTOR('',#2049,1.);
#2049 = DIRECTION('',(0.,0.,1.));
#2050 = PCURVE('',#1990,#2051);
#2051 = DEFINITIONAL_REPRESENTATION('',(#2052),#2056);
#2052 = LINE('',#2053,#2054);
#2053 = CARTESIAN_POINT('',(0.,-0.9));
#2054 = VECTOR('',#2055,1.);
#2055 = DIRECTION('',(1.,0.));
#2056 = ( GEOMETRIC_REPRESENTATION_CONTEXT(2) 
PARAMETRIC_REPRESENTATION_CONTEXT() REPRESENTATION_CONTEXT('2D SPACE',''
  ) );
#2057 = PCURVE('',#2058,#2063);
#2058 = PLANE('',#2059);
#2059 = AXIS2_PLACEMENT_3D('',#2060,#2061,#2062);
#2060 = CARTESIAN_POINT('',(8.8,8.86,-5.E-03));
#2061 = DIRECTION('',(0.,1.,0.));
#2062 = DIRECTION('',(0.,0.,1.));
#2063 = DEFINITIONAL_REPRESENTATION('',(#2064),#2068);
#2064 = LINE('',#2065,#2066);
#2065 = CARTESIAN_POINT('',(0.,0.));
#2066 = VECTOR('',#2067,1.);
#2067 = DIRECTION('',(1.,0.));
#2068 = ( GEOMETRIC_REPRESENTATION_CONTEXT(2) 
PARAMETRIC_REPRESENTATION_CONTEXT() REPRESENTATION_CONTEXT('2D SPACE',''
  ) );
#2069 = ORIENTED_EDGE('',*,*,#2070,.F.);
#2070 = EDGE_CURVE('',#1982,#2043,#2071,.T.);
#2071 = SURFACE_CURVE('',#2072,(#2076,#2083),.PCURVE_S1.);
#2072 = LINE('',#2073,#2074);
#2073 = CARTESIAN_POINT('',(8.8,7.96,0.845));
#2074 = VECTOR('',#2075,1.);
#2075 = DIRECTION('',(0.,1.,0.));
#2076 = PCURVE('',#1990,#2077);
#2077 = DEFINITIONAL_REPRESENTATION('',(#2078),#2082);
#2078 = LINE('',#2079,#2080);
#2079 = CARTESIAN_POINT('',(0.85,0.));
#2080 = VECTOR('',#2081,1.);
#2081 = DIRECTION('',(0.,-1.));
#2082 = ( GEOMETRIC_REPRESENTATION_CONTEXT(2) 
PARAMETRIC_REPRESENTATION_CONTEXT() REPRESENTATION_CONTEXT('2D SPACE',''
  ) );
#2083 = PCURVE('',#2084,#2089);
#2084 = PLANE('',#2085);
#2085 = AXIS2_PLACEMENT_3D('',#2086,#2087,#2088);
#2086 = CARTESIAN_POINT('',(8.8,7.96,0.845));
#2087 = DIRECTION('',(0.,0.,1.));
#2088 = DIRECTION('',(1.,0.,0.));
#2089 = DEFINITIONAL_REPRESENTATION('',(#2090),#2094);
#2090 = LINE('',#2091,#2092);
#2091 = CARTESIAN_POINT('',(0.,0.));
#2092 = VECTOR('',#2093,1.);
#2093 = DIRECTION('',(0.,1.));
#2094 = ( GEOMETRIC_REPRESENTATION_CONTEXT(2) 
PARAMETRIC_REPRESENTATION_CONTEXT() REPRESENTATION_CONTEXT('2D SPACE',''
  ) );
#2095 = ADVANCED_FACE('',(#2096),#2110,.T.);
#2096 = FACE_BOUND('',#2097,.T.);
#2097 = EDGE_LOOP('',(#2098,#2128,#2151,#2174));
#2098 = ORIENTED_EDGE('',*,*,#2099,.F.);
#2099 = EDGE_CURVE('',#2100,#2102,#2104,.T.);
#2100 = VERTEX_POINT('',#2101);
#2101 = CARTESIAN_POINT('',(9.1,7.96,-5.E-03));
#2102 = VERTEX_POINT('',#2103);
#2103 = CARTESIAN_POINT('',(9.1,7.96,0.845));
#2104 = SURFACE_CURVE('',#2105,(#2109,#2121),.PCURVE_S1.);
#2105 = LINE('',#2106,#2107);
#2106 = CARTESIAN_POINT('',(9.1,7.96,-5.E-03));
#2107 = VECTOR('',#2108,1.);
#2108 = DIRECTION('',(0.,0.,1.));
#2109 = PCURVE('',#2110,#2115);
#2110 = PLANE('',#2111);
#2111 = AXIS2_PLACEMENT_3D('',#2112,#2113,#2114);
#2112 = CARTESIAN_POINT('',(9.1,7.96,-5.E-03));
#2113 = DIRECTION('',(1.,0.,0.));
#2114 = DIRECTION('',(0.,0.,1.));
#2115 = DEFINITIONAL_REPRESENTATION('',(#2116),#2120);
#2116 = LINE('',#2117,#2118);
#2117 = CARTESIAN_POINT('',(0.,0.));
#2118 = VECTOR('',#2119,1.);
#2119 = DIRECTION('',(1.,0.));
#2120 = ( GEOMETRIC_REPRESENTATION_CONTEXT(2) 
PARAMETRIC_REPRESENTATION_CONTEXT() REPRESENTATION_CONTEXT('2D SPACE',''
  ) );
#2121 = PCURVE('',#2002,#2122);
#2122 = DEFINITIONAL_REPRESENTATION('',(#2123),#2127);
#2123 = LINE('',#2124,#2125);
#2124 = CARTESIAN_POINT('',(0.,0.3));
#2125 = VECTOR('',#2126,1.);
#2126 = DIRECTION('',(1.,0.));
#2127 = ( GEOMETRIC_REPRESENTATION_CONTEXT(2) 
PARAMETRIC_REPRESENTATION_CONTEXT() REPRESENTATION_CONTEXT('2D SPACE',''
  ) );
#2128 = ORIENTED_EDGE('',*,*,#2129,.T.);
#2129 = EDGE_CURVE('',#2100,#2130,#2132,.T.);
#2130 = VERTEX_POINT('',#2131);
#2131 = CARTESIAN_POINT('',(9.1,8.86,-5.E-03));
#2132 = SURFACE_CURVE('',#2133,(#2137,#2144),.PCURVE_S1.);
#2133 = LINE('',#2134,#2135);
#2134 = CARTESIAN_POINT('',(9.1,7.96,-5.E-03));
#2135 = VECTOR('',#2136,1.);
#2136 = DIRECTION('',(0.,1.,0.));
#2137 = PCURVE('',#2110,#2138);
#2138 = DEFINITIONAL_REPRESENTATION('',(#2139),#2143);
#2139 = LINE('',#2140,#2141);
#2140 = CARTESIAN_POINT('',(0.,0.));
#2141 = VECTOR('',#2142,1.);
#2142 = DIRECTION('',(0.,-1.));
#2143 = ( GEOMETRIC_REPRESENTATION_CONTEXT(2) 
PARAMETRIC_REPRESENTATION_CONTEXT() REPRESENTATION_CONTEXT('2D SPACE',''
  ) );
#2144 = PCURVE('',#2030,#2145);
#2145 = DEFINITIONAL_REPRESENTATION('',(#2146),#2150);
#2146 = LINE('',#2147,#2148);
#2147 = CARTESIAN_POINT('',(0.3,0.));
#2148 = VECTOR('',#2149,1.);
#2149 = DIRECTION('',(0.,1.));
#2150 = ( GEOMETRIC_REPRESENTATION_CONTEXT(2) 
PARAMETRIC_REPRESENTATION_CONTEXT() REPRESENTATION_CONTEXT('2D SPACE',''
  ) );
#2151 = ORIENTED_EDGE('',*,*,#2152,.T.);
#2152 = EDGE_CURVE('',#2130,#2153,#2155,.T.);
#2153 = VERTEX_POINT('',#2154);
#2154 = CARTESIAN_POINT('',(9.1,8.86,0.845));
#2155 = SURFACE_CURVE('',#2156,(#2160,#2167),.PCURVE_S1.);
#2156 = LINE('',#2157,#2158);
#2157 = CARTESIAN_POINT('',(9.1,8.86,-5.E-03));
#2158 = VECTOR('',#2159,1.);
#2159 = DIRECTION('',(0.,0.,1.));
#2160 = PCURVE('',#2110,#2161);
#2161 = DEFINITIONAL_REPRESENTATION('',(#2162),#2166);
#2162 = LINE('',#2163,#2164);
#2163 = CARTESIAN_POINT('',(0.,-0.9));
#2164 = VECTOR('',#2165,1.);
#2165 = DIRECTION('',(1.,0.));
#2166 = ( GEOMETRIC_REPRESENTATION_CONTEXT(2) 
PARAMETRIC_REPRESENTATION_CONTEXT() REPRESENTATION_CONTEXT('2D SPACE',''
  ) );
#2167 = PCURVE('',#2058,#2168);
#2168 = DEFINITIONAL_REPRESENTATION('',(#2169),#2173);
#2169 = LINE('',#2170,#2171);
#2170 = CARTESIAN_POINT('',(0.,0.3));
#2171 = VECTOR('',#2172,1.);
#2172 = DIRECTION('',(1.,0.));
#2173 = ( GEOMETRIC_REPRESENTATION_CONTEXT(2) 
PARAMETRIC_REPRESENTATION_CONTEXT() REPRESENTATION_CONTEXT('2D SPACE',''
  ) );
#2174 = ORIENTED_EDGE('',*,*,#2175,.F.);
#2175 = EDGE_CURVE('',#2102,#2153,#2176,.T.);
#2176 = SURFACE_CURVE('',#2177,(#2181,#2188),.PCURVE_S1.);
#2177 = LINE('',#2178,#2179);
#2178 = CARTESIAN_POINT('',(9.1,7.96,0.845));
#2179 = VECTOR('',#2180,1.);
#2180 = DIRECTION('',(0.,1.,0.));
#2181 = PCURVE('',#2110,#2182);
#2182 = DEFINITIONAL_REPRESENTATION('',(#2183),#2187);
#2183 = LINE('',#2184,#2185);
#2184 = CARTESIAN_POINT('',(0.85,0.));
#2185 = VECTOR('',#2186,1.);
#2186 = DIRECTION('',(0.,-1.));
#2187 = ( GEOMETRIC_REPRESENTATION_CONTEXT(2) 
PARAMETRIC_REPRESENTATION_CONTEXT() REPRESENTATION_CONTEXT('2D SPACE',''
  ) );
#2188 = PCURVE('',#2084,#2189);
#2189 = DEFINITIONAL_REPRESENTATION('',(#2190),#2194);
#2190 = LINE('',#2191,#2192);
#2191 = CARTESIAN_POINT('',(0.3,0.));
#2192 = VECTOR('',#2193,1.);
#2193 = DIRECTION('',(0.,1.));
#2194 = ( GEOMETRIC_REPRESENTATION_CONTEXT(2) 
PARAMETRIC_REPRESENTATION_CONTEXT() REPRESENTATION_CONTEXT('2D SPACE',''
  ) );
#2195 = ADVANCED_FACE('',(#2196),#2002,.F.);
#2196 = FACE_BOUND('',#2197,.F.);
#2197 = EDGE_LOOP('',(#2198,#2219,#2220,#2241));
#2198 = ORIENTED_EDGE('',*,*,#2199,.F.);
#2199 = EDGE_CURVE('',#1980,#2100,#2200,.T.);
#2200 = SURFACE_CURVE('',#2201,(#2205,#2212),.PCURVE_S1.);
#2201 = LINE('',#2202,#2203);
#2202 = CARTESIAN_POINT('',(8.8,7.96,-5.E-03));
#2203 = VECTOR('',#2204,1.);
#2204 = DIRECTION('',(1.,0.,0.));
#2205 = PCURVE('',#2002,#2206);
#2206 = DEFINITIONAL_REPRESENTATION('',(#2207),#2211);
#2207 = LINE('',#2208,#2209);
#2208 = CARTESIAN_POINT('',(0.,0.));
#2209 = VECTOR('',#2210,1.);
#2210 = DIRECTION('',(0.,1.));
#2211 = ( GEOMETRIC_REPRESENTATION_CONTEXT(2) 
PARAMETRIC_REPRESENTATION_CONTEXT() REPRESENTATION_CONTEXT('2D SPACE',''
  ) );
#2212 = PCURVE('',#2030,#2213);
#2213 = DEFINITIONAL_REPRESENTATION('',(#2214),#2218);
#2214 = LINE('',#2215,#2216);
#2215 = CARTESIAN_POINT('',(0.,0.));
#2216 = VECTOR('',#2217,1.);
#2217 = DIRECTION('',(1.,0.));
#2218 = ( GEOMETRIC_REPRESENTATION_CONTEXT(2) 
PARAMETRIC_REPRESENTATION_CONTEXT() REPRESENTATION_CONTEXT('2D SPACE',''
  ) );
#2219 = ORIENTED_EDGE('',*,*,#1979,.T.);
#2220 = ORIENTED_EDGE('',*,*,#2221,.T.);
#2221 = EDGE_CURVE('',#1982,#2102,#2222,.T.);
#2222 = SURFACE_CURVE('',#2223,(#2227,#2234),.PCURVE_S1.);
#2223 = LINE('',#2224,#2225);
#2224 = CARTESIAN_POINT('',(8.8,7.96,0.845));
#2225 = VECTOR('',#2226,1.);
#2226 = DIRECTION('',(1.,0.,0.));
#2227 = PCURVE('',#2002,#2228);
#2228 = DEFINITIONAL_REPRESENTATION('',(#2229),#2233);
#2229 = LINE('',#2230,#2231);
#2230 = CARTESIAN_POINT('',(0.85,0.));
#2231 = VECTOR('',#2232,1.);
#2232 = DIRECTION('',(0.,1.));
#2233 = ( GEOMETRIC_REPRESENTATION_CONTEXT(2) 
PARAMETRIC_REPRESENTATION_CONTEXT() REPRESENTATION_CONTEXT('2D SPACE',''
  ) );
#2234 = PCURVE('',#2084,#2235);
#2235 = DEFINITIONAL_REPRESENTATION('',(#2236),#2240);
#2236 = LINE('',#2237,#2238);
#2237 = CARTESIAN_POINT('',(0.,0.));
#2238 = VECTOR('',#2239,1.);
#2239 = DIRECTION('',(1.,0.));
#2240 = ( GEOMETRIC_REPRESENTATION_CONTEXT(2) 
PARAMETRIC_REPRESENTATION_CONTEXT() REPRESENTATION_CONTEXT('2D SPACE',''
  ) );
#2241 = ORIENTED_EDGE('',*,*,#2099,.F.);
#2242 = ADVANCED_FACE('',(#2243),#2058,.T.);
#2243 = FACE_BOUND('',#2244,.T.);
#2244 = EDGE_LOOP('',(#2245,#2266,#2267,#2288));
#2245 = ORIENTED_EDGE('',*,*,#2246,.F.);
#2246 = EDGE_CURVE('',#2015,#2130,#2247,.T.);
#2247 = SURFACE_CURVE('',#2248,(#2252,#2259),.PCURVE_S1.);
#2248 = LINE('',#2249,#2250);
#2249 = CARTESIAN_POINT('',(8.8,8.86,-5.E-03));
#2250 = VECTOR('',#2251,1.);
#2251 = DIRECTION('',(1.,0.,0.));
#2252 = PCURVE('',#2058,#2253);
#2253 = DEFINITIONAL_REPRESENTATION('',(#2254),#2258);
#2254 = LINE('',#2255,#2256);
#2255 = CARTESIAN_POINT('',(0.,0.));
#2256 = VECTOR('',#2257,1.);
#2257 = DIRECTION('',(0.,1.));
#2258 = ( GEOMETRIC_REPRESENTATION_CONTEXT(2) 
PARAMETRIC_REPRESENTATION_CONTEXT() REPRESENTATION_CONTEXT('2D SPACE',''
  ) );
#2259 = PCURVE('',#2030,#2260);
#2260 = DEFINITIONAL_REPRESENTATION('',(#2261),#2265);
#2261 = LINE('',#2262,#2263);
#2262 = CARTESIAN_POINT('',(0.,0.9));
#2263 = VECTOR('',#2264,1.);
#2264 = DIRECTION('',(1.,0.));
#2265 = ( GEOMETRIC_REPRESENTATION_CONTEXT(2) 
PARAMETRIC_REPRESENTATION_CONTEXT() REPRESENTATION_CONTEXT('2D SPACE',''
  ) );
#2266 = ORIENTED_EDGE('',*,*,#2042,.T.);
#2267 = ORIENTED_EDGE('',*,*,#2268,.T.);
#2268 = EDGE_CURVE('',#2043,#2153,#2269,.T.);
#2269 = SURFACE_CURVE('',#2270,(#2274,#2281),.PCURVE_S1.);
#2270 = LINE('',#2271,#2272);
#2271 = CARTESIAN_POINT('',(8.8,8.86,0.845));
#2272 = VECTOR('',#2273,1.);
#2273 = DIRECTION('',(1.,0.,0.));
#2274 = PCURVE('',#2058,#2275);
#2275 = DEFINITIONAL_REPRESENTATION('',(#2276),#2280);
#2276 = LINE('',#2277,#2278);
#2277 = CARTESIAN_POINT('',(0.85,0.));
#2278 = VECTOR('',#2279,1.);
#2279 = DIRECTION('',(0.,1.));
#2280 = ( GEOMETRIC_REPRESENTATION_CONTEXT(2) 
PARAMETRIC_REPRESENTATION_CONTEXT() REPRESENTATION_CONTEXT('2D SPACE',''
  ) );
#2281 = PCURVE('',#2084,#2282);
#2282 = DEFINITIONAL_REPRESENTATION('',(#2283),#2287);
#2283 = LINE('',#2284,#2285);
#2284 = CARTESIAN_POINT('',(0.,0.9));
#2285 = VECTOR('',#2286,1.);
#2286 = DIRECTION('',(1.,0.));
#2287 = ( GEOMETRIC_REPRESENTATION_CONTEXT(2) 
PARAMETRIC_REPRESENTATION_CONTEXT() REPRESENTATION_CONTEXT('2D SPACE',''
  ) );
#2288 = ORIENTED_EDGE('',*,*,#2152,.F.);
#2289 = ADVANCED_FACE('',(#2290),#2030,.F.);
#2290 = FACE_BOUND('',#2291,.F.);
#2291 = EDGE_LOOP('',(#2292,#2293,#2294,#2295));
#2292 = ORIENTED_EDGE('',*,*,#2014,.F.);
#2293 = ORIENTED_EDGE('',*,*,#2199,.T.);
#2294 = ORIENTED_EDGE('',*,*,#2129,.T.);
#2295 = ORIENTED_EDGE('',*,*,#2246,.F.);
#2296 = ADVANCED_FACE('',(#2297),#2084,.T.);
#2297 = FACE_BOUND('',#2298,.T.);
#2298 = EDGE_LOOP('',(#2299,#2300,#2301,#2302));
#2299 = ORIENTED_EDGE('',*,*,#2070,.F.);
#2300 = ORIENTED_EDGE('',*,*,#2221,.T.);
#2301 = ORIENTED_EDGE('',*,*,#2175,.T.);
#2302 = ORIENTED_EDGE('',*,*,#2268,.F.);
#2303 = MANIFOLD_SOLID_BREP('',#2304);
#2304 = CLOSED_SHELL('',(#2305,#2425,#2525,#2572,#2619,#2626));
#2305 = ADVANCED_FACE('',(#2306),#2320,.F.);
#2306 = FACE_BOUND('',#2307,.F.);
#2307 = EDGE_LOOP('',(#2308,#2343,#2371,#2399));
#2308 = ORIENTED_EDGE('',*,*,#2309,.F.);
#2309 = EDGE_CURVE('',#2310,#2312,#2314,.T.);
#2310 = VERTEX_POINT('',#2311);
#2311 = CARTESIAN_POINT('',(-9.1,6.69,-5.E-03));
#2312 = VERTEX_POINT('',#2313);
#2313 = CARTESIAN_POINT('',(-9.1,6.69,0.845));
#2314 = SURFACE_CURVE('',#2315,(#2319,#2331),.PCURVE_S1.);
#2315 = LINE('',#2316,#2317);
#2316 = CARTESIAN_POINT('',(-9.1,6.69,-5.E-03));
#2317 = VECTOR('',#2318,1.);
#2318 = DIRECTION('',(0.,0.,1.));
#2319 = PCURVE('',#2320,#2325);
#2320 = PLANE('',#2321);
#2321 = AXIS2_PLACEMENT_3D('',#2322,#2323,#2324);
#2322 = CARTESIAN_POINT('',(-9.1,6.69,-5.E-03));
#2323 = DIRECTION('',(1.,0.,0.));
#2324 = DIRECTION('',(0.,0.,1.));
#2325 = DEFINITIONAL_REPRESENTATION('',(#2326),#2330);
#2326 = LINE('',#2327,#2328);
#2327 = CARTESIAN_POINT('',(0.,0.));
#2328 = VECTOR('',#2329,1.);
#2329 = DIRECTION('',(1.,0.));
#2330 = ( GEOMETRIC_REPRESENTATION_CONTEXT(2) 
PARAMETRIC_REPRESENTATION_CONTEXT() REPRESENTATION_CONTEXT('2D SPACE',''
  ) );
#2331 = PCURVE('',#2332,#2337);
#2332 = PLANE('',#2333);
#2333 = AXIS2_PLACEMENT_3D('',#2334,#2335,#2336);
#2334 = CARTESIAN_POINT('',(-9.1,6.69,-5.E-03));
#2335 = DIRECTION('',(0.,1.,0.));
#2336 = DIRECTION('',(0.,0.,1.));
#2337 = DEFINITIONAL_REPRESENTATION('',(#2338),#2342);
#2338 = LINE('',#2339,#2340);
#2339 = CARTESIAN_POINT('',(0.,0.));
#2340 = VECTOR('',#2341,1.);
#2341 = DIRECTION('',(1.,0.));
#2342 = ( GEOMETRIC_REPRESENTATION_CONTEXT(2) 
PARAMETRIC_REPRESENTATION_CONTEXT() REPRESENTATION_CONTEXT('2D SPACE',''
  ) );
#2343 = ORIENTED_EDGE('',*,*,#2344,.T.);
#2344 = EDGE_CURVE('',#2310,#2345,#2347,.T.);
#2345 = VERTEX_POINT('',#2346);
#2346 = CARTESIAN_POINT('',(-9.1,7.59,-5.E-03));
#2347 = SURFACE_CURVE('',#2348,(#2352,#2359),.PCURVE_S1.);
#2348 = LINE('',#2349,#2350);
#2349 = CARTESIAN_POINT('',(-9.1,6.69,-5.E-03));
#2350 = VECTOR('',#2351,1.);
#2351 = DIRECTION('',(0.,1.,0.));
#2352 = PCURVE('',#2320,#2353);
#2353 = DEFINITIONAL_REPRESENTATION('',(#2354),#2358);
#2354 = LINE('',#2355,#2356);
#2355 = CARTESIAN_POINT('',(0.,0.));
#2356 = VECTOR('',#2357,1.);
#2357 = DIRECTION('',(0.,-1.));
#2358 = ( GEOMETRIC_REPRESENTATION_CONTEXT(2) 
PARAMETRIC_REPRESENTATION_CONTEXT() REPRESENTATION_CONTEXT('2D SPACE',''
  ) );
#2359 = PCURVE('',#2360,#2365);
#2360 = PLANE('',#2361);
#2361 = AXIS2_PLACEMENT_3D('',#2362,#2363,#2364);
#2362 = CARTESIAN_POINT('',(-9.1,6.69,-5.E-03));
#2363 = DIRECTION('',(0.,0.,1.));
#2364 = DIRECTION('',(1.,0.,0.));
#2365 = DEFINITIONAL_REPRESENTATION('',(#2366),#2370);
#2366 = LINE('',#2367,#2368);
#2367 = CARTESIAN_POINT('',(0.,0.));
#2368 = VECTOR('',#2369,1.);
#2369 = DIRECTION('',(0.,1.));
#2370 = ( GEOMETRIC_REPRESENTATION_CONTEXT(2) 
PARAMETRIC_REPRESENTATION_CONTEXT() REPRESENTATION_CONTEXT('2D SPACE',''
  ) );
#2371 = ORIENTED_EDGE('',*,*,#2372,.T.);
#2372 = EDGE_CURVE('',#2345,#2373,#2375,.T.);
#2373 = VERTEX_POINT('',#2374);
#2374 = CARTESIAN_POINT('',(-9.1,7.59,0.845));
#2375 = SURFACE_CURVE('',#2376,(#2380,#2387),.PCURVE_S1.);
#2376 = LINE('',#2377,#2378);
#2377 = CARTESIAN_POINT('',(-9.1,7.59,-5.E-03));
#2378 = VECTOR('',#2379,1.);
#2379 = DIRECTION('',(0.,0.,1.));
#2380 = PCURVE('',#2320,#2381);
#2381 = DEFINITIONAL_REPRESENTATION('',(#2382),#2386);
#2382 = LINE('',#2383,#2384);
#2383 = CARTESIAN_POINT('',(0.,-0.9));
#2384 = VECTOR('',#2385,1.);
#2385 = DIRECTION('',(1.,0.));
#2386 = ( GEOMETRIC_REPRESENTATION_CONTEXT(2) 
PARAMETRIC_REPRESENTATION_CONTEXT() REPRESENTATION_CONTEXT('2D SPACE',''
  ) );
#2387 = PCURVE('',#2388,#2393);
#2388 = PLANE('',#2389);
#2389 = AXIS2_PLACEMENT_3D('',#2390,#2391,#2392);
#2390 = CARTESIAN_POINT('',(-9.1,7.59,-5.E-03));
#2391 = DIRECTION('',(0.,1.,0.));
#2392 = DIRECTION('',(0.,0.,1.));
#2393 = DEFINITIONAL_REPRESENTATION('',(#2394),#2398);
#2394 = LINE('',#2395,#2396);
#2395 = CARTESIAN_POINT('',(0.,0.));
#2396 = VECTOR('',#2397,1.);
#2397 = DIRECTION('',(1.,0.));
#2398 = ( GEOMETRIC_REPRESENTATION_CONTEXT(2) 
PARAMETRIC_REPRESENTATION_CONTEXT() REPRESENTATION_CONTEXT('2D SPACE',''
  ) );
#2399 = ORIENTED_EDGE('',*,*,#2400,.F.);
#2400 = EDGE_CURVE('',#2312,#2373,#2401,.T.);
#2401 = SURFACE_CURVE('',#2402,(#2406,#2413),.PCURVE_S1.);
#2402 = LINE('',#2403,#2404);
#2403 = CARTESIAN_POINT('',(-9.1,6.69,0.845));
#2404 = VECTOR('',#2405,1.);
#2405 = DIRECTION('',(0.,1.,0.));
#2406 = PCURVE('',#2320,#2407);
#2407 = DEFINITIONAL_REPRESENTATION('',(#2408),#2412);
#2408 = LINE('',#2409,#2410);
#2409 = CARTESIAN_POINT('',(0.85,0.));
#2410 = VECTOR('',#2411,1.);
#2411 = DIRECTION('',(0.,-1.));
#2412 = ( GEOMETRIC_REPRESENTATION_CONTEXT(2) 
PARAMETRIC_REPRESENTATION_CONTEXT() REPRESENTATION_CONTEXT('2D SPACE',''
  ) );
#2413 = PCURVE('',#2414,#2419);
#2414 = PLANE('',#2415);
#2415 = AXIS2_PLACEMENT_3D('',#2416,#2417,#2418);
#2416 = CARTESIAN_POINT('',(-9.1,6.69,0.845));
#2417 = DIRECTION('',(0.,0.,1.));
#2418 = DIRECTION('',(1.,0.,0.));
#2419 = DEFINITIONAL_REPRESENTATION('',(#2420),#2424);
#2420 = LINE('',#2421,#2422);
#2421 = CARTESIAN_POINT('',(0.,0.));
#2422 = VECTOR('',#2423,1.);
#2423 = DIRECTION('',(0.,1.));
#2424 = ( GEOMETRIC_REPRESENTATION_CONTEXT(2) 
PARAMETRIC_REPRESENTATION_CONTEXT() REPRESENTATION_CONTEXT('2D SPACE',''
  ) );
#2425 = ADVANCED_FACE('',(#2426),#2440,.T.);
#2426 = FACE_BOUND('',#2427,.T.);
#2427 = EDGE_LOOP('',(#2428,#2458,#2481,#2504));
#2428 = ORIENTED_EDGE('',*,*,#2429,.F.);
#2429 = EDGE_CURVE('',#2430,#2432,#2434,.T.);
#2430 = VERTEX_POINT('',#2431);
#2431 = CARTESIAN_POINT('',(-8.8,6.69,-5.E-03));
#2432 = VERTEX_POINT('',#2433);
#2433 = CARTESIAN_POINT('',(-8.8,6.69,0.845));
#2434 = SURFACE_CURVE('',#2435,(#2439,#2451),.PCURVE_S1.);
#2435 = LINE('',#2436,#2437);
#2436 = CARTESIAN_POINT('',(-8.8,6.69,-5.E-03));
#2437 = VECTOR('',#2438,1.);
#2438 = DIRECTION('',(0.,0.,1.));
#2439 = PCURVE('',#2440,#2445);
#2440 = PLANE('',#2441);
#2441 = AXIS2_PLACEMENT_3D('',#2442,#2443,#2444);
#2442 = CARTESIAN_POINT('',(-8.8,6.69,-5.E-03));
#2443 = DIRECTION('',(1.,0.,0.));
#2444 = DIRECTION('',(0.,0.,1.));
#2445 = DEFINITIONAL_REPRESENTATION('',(#2446),#2450);
#2446 = LINE('',#2447,#2448);
#2447 = CARTESIAN_POINT('',(0.,0.));
#2448 = VECTOR('',#2449,1.);
#2449 = DIRECTION('',(1.,0.));
#2450 = ( GEOMETRIC_REPRESENTATION_CONTEXT(2) 
PARAMETRIC_REPRESENTATION_CONTEXT() REPRESENTATION_CONTEXT('2D SPACE',''
  ) );
#2451 = PCURVE('',#2332,#2452);
#2452 = DEFINITIONAL_REPRESENTATION('',(#2453),#2457);
#2453 = LINE('',#2454,#2455);
#2454 = CARTESIAN_POINT('',(0.,0.3));
#2455 = VECTOR('',#2456,1.);
#2456 = DIRECTION('',(1.,0.));
#2457 = ( GEOMETRIC_REPRESENTATION_CONTEXT(2) 
PARAMETRIC_REPRESENTATION_CONTEXT() REPRESENTATION_CONTEXT('2D SPACE',''
  ) );
#2458 = ORIENTED_EDGE('',*,*,#2459,.T.);
#2459 = EDGE_CURVE('',#2430,#2460,#2462,.T.);
#2460 = VERTEX_POINT('',#2461);
#2461 = CARTESIAN_POINT('',(-8.8,7.59,-5.E-03));
#2462 = SURFACE_CURVE('',#2463,(#2467,#2474),.PCURVE_S1.);
#2463 = LINE('',#2464,#2465);
#2464 = CARTESIAN_POINT('',(-8.8,6.69,-5.E-03));
#2465 = VECTOR('',#2466,1.);
#2466 = DIRECTION('',(0.,1.,0.));
#2467 = PCURVE('',#2440,#2468);
#2468 = DEFINITIONAL_REPRESENTATION('',(#2469),#2473);
#2469 = LINE('',#2470,#2471);
#2470 = CARTESIAN_POINT('',(0.,0.));
#2471 = VECTOR('',#2472,1.);
#2472 = DIRECTION('',(0.,-1.));
#2473 = ( GEOMETRIC_REPRESENTATION_CONTEXT(2) 
PARAMETRIC_REPRESENTATION_CONTEXT() REPRESENTATION_CONTEXT('2D SPACE',''
  ) );
#2474 = PCURVE('',#2360,#2475);
#2475 = DEFINITIONAL_REPRESENTATION('',(#2476),#2480);
#2476 = LINE('',#2477,#2478);
#2477 = CARTESIAN_POINT('',(0.3,0.));
#2478 = VECTOR('',#2479,1.);
#2479 = DIRECTION('',(0.,1.));
#2480 = ( GEOMETRIC_REPRESENTATION_CONTEXT(2) 
PARAMETRIC_REPRESENTATION_CONTEXT() REPRESENTATION_CONTEXT('2D SPACE',''
  ) );
#2481 = ORIENTED_EDGE('',*,*,#2482,.T.);
#2482 = EDGE_CURVE('',#2460,#2483,#2485,.T.);
#2483 = VERTEX_POINT('',#2484);
#2484 = CARTESIAN_POINT('',(-8.8,7.59,0.845));
#2485 = SURFACE_CURVE('',#2486,(#2490,#2497),.PCURVE_S1.);
#2486 = LINE('',#2487,#2488);
#2487 = CARTESIAN_POINT('',(-8.8,7.59,-5.E-03));
#2488 = VECTOR('',#2489,1.);
#2489 = DIRECTION('',(0.,0.,1.));
#2490 = PCURVE('',#2440,#2491);
#2491 = DEFINITIONAL_REPRESENTATION('',(#2492),#2496);
#2492 = LINE('',#2493,#2494);
#2493 = CARTESIAN_POINT('',(0.,-0.9));
#2494 = VECTOR('',#2495,1.);
#2495 = DIRECTION('',(1.,0.));
#2496 = ( GEOMETRIC_REPRESENTATION_CONTEXT(2) 
PARAMETRIC_REPRESENTATION_CONTEXT() REPRESENTATION_CONTEXT('2D SPACE',''
  ) );
#2497 = PCURVE('',#2388,#2498);
#2498 = DEFINITIONAL_REPRESENTATION('',(#2499),#2503);
#2499 = LINE('',#2500,#2501);
#2500 = CARTESIAN_POINT('',(0.,0.3));
#2501 = VECTOR('',#2502,1.);
#2502 = DIRECTION('',(1.,0.));
#2503 = ( GEOMETRIC_REPRESENTATION_CONTEXT(2) 
PARAMETRIC_REPRESENTATION_CONTEXT() REPRESENTATION_CONTEXT('2D SPACE',''
  ) );
#2504 = ORIENTED_EDGE('',*,*,#2505,.F.);
#2505 = EDGE_CURVE('',#2432,#2483,#2506,.T.);
#2506 = SURFACE_CURVE('',#2507,(#2511,#2518),.PCURVE_S1.);
#2507 = LINE('',#2508,#2509);
#2508 = CARTESIAN_POINT('',(-8.8,6.69,0.845));
#2509 = VECTOR('',#2510,1.);
#2510 = DIRECTION('',(0.,1.,0.));
#2511 = PCURVE('',#2440,#2512);
#2512 = DEFINITIONAL_REPRESENTATION('',(#2513),#2517);
#2513 = LINE('',#2514,#2515);
#2514 = CARTESIAN_POINT('',(0.85,0.));
#2515 = VECTOR('',#2516,1.);
#2516 = DIRECTION('',(0.,-1.));
#2517 = ( GEOMETRIC_REPRESENTATION_CONTEXT(2) 
PARAMETRIC_REPRESENTATION_CONTEXT() REPRESENTATION_CONTEXT('2D SPACE',''
  ) );
#2518 = PCURVE('',#2414,#2519);
#2519 = DEFINITIONAL_REPRESENTATION('',(#2520),#2524);
#2520 = LINE('',#2521,#2522);
#2521 = CARTESIAN_POINT('',(0.3,0.));
#2522 = VECTOR('',#2523,1.);
#2523 = DIRECTION('',(0.,1.));
#2524 = ( GEOMETRIC_REPRESENTATION_CONTEXT(2) 
PARAMETRIC_REPRESENTATION_CONTEXT() REPRESENTATION_CONTEXT('2D SPACE',''
  ) );
#2525 = ADVANCED_FACE('',(#2526),#2332,.F.);
#2526 = FACE_BOUND('',#2527,.F.);
#2527 = EDGE_LOOP('',(#2528,#2549,#2550,#2571));
#2528 = ORIENTED_EDGE('',*,*,#2529,.F.);
#2529 = EDGE_CURVE('',#2310,#2430,#2530,.T.);
#2530 = SURFACE_CURVE('',#2531,(#2535,#2542),.PCURVE_S1.);
#2531 = LINE('',#2532,#2533);
#2532 = CARTESIAN_POINT('',(-9.1,6.69,-5.E-03));
#2533 = VECTOR('',#2534,1.);
#2534 = DIRECTION('',(1.,0.,0.));
#2535 = PCURVE('',#2332,#2536);
#2536 = DEFINITIONAL_REPRESENTATION('',(#2537),#2541);
#2537 = LINE('',#2538,#2539);
#2538 = CARTESIAN_POINT('',(0.,0.));
#2539 = VECTOR('',#2540,1.);
#2540 = DIRECTION('',(0.,1.));
#2541 = ( GEOMETRIC_REPRESENTATION_CONTEXT(2) 
PARAMETRIC_REPRESENTATION_CONTEXT() REPRESENTATION_CONTEXT('2D SPACE',''
  ) );
#2542 = PCURVE('',#2360,#2543);
#2543 = DEFINITIONAL_REPRESENTATION('',(#2544),#2548);
#2544 = LINE('',#2545,#2546);
#2545 = CARTESIAN_POINT('',(0.,0.));
#2546 = VECTOR('',#2547,1.);
#2547 = DIRECTION('',(1.,0.));
#2548 = ( GEOMETRIC_REPRESENTATION_CONTEXT(2) 
PARAMETRIC_REPRESENTATION_CONTEXT() REPRESENTATION_CONTEXT('2D SPACE',''
  ) );
#2549 = ORIENTED_EDGE('',*,*,#2309,.T.);
#2550 = ORIENTED_EDGE('',*,*,#2551,.T.);
#2551 = EDGE_CURVE('',#2312,#2432,#2552,.T.);
#2552 = SURFACE_CURVE('',#2553,(#2557,#2564),.PCURVE_S1.);
#2553 = LINE('',#2554,#2555);
#2554 = CARTESIAN_POINT('',(-9.1,6.69,0.845));
#2555 = VECTOR('',#2556,1.);
#2556 = DIRECTION('',(1.,0.,0.));
#2557 = PCURVE('',#2332,#2558);
#2558 = DEFINITIONAL_REPRESENTATION('',(#2559),#2563);
#2559 = LINE('',#2560,#2561);
#2560 = CARTESIAN_POINT('',(0.85,0.));
#2561 = VECTOR('',#2562,1.);
#2562 = DIRECTION('',(0.,1.));
#2563 = ( GEOMETRIC_REPRESENTATION_CONTEXT(2) 
PARAMETRIC_REPRESENTATION_CONTEXT() REPRESENTATION_CONTEXT('2D SPACE',''
  ) );
#2564 = PCURVE('',#2414,#2565);
#2565 = DEFINITIONAL_REPRESENTATION('',(#2566),#2570);
#2566 = LINE('',#2567,#2568);
#2567 = CARTESIAN_POINT('',(0.,0.));
#2568 = VECTOR('',#2569,1.);
#2569 = DIRECTION('',(1.,0.));
#2570 = ( GEOMETRIC_REPRESENTATION_CONTEXT(2) 
PARAMETRIC_REPRESENTATION_CONTEXT() REPRESENTATION_CONTEXT('2D SPACE',''
  ) );
#2571 = ORIENTED_EDGE('',*,*,#2429,.F.);
#2572 = ADVANCED_FACE('',(#2573),#2388,.T.);
#2573 = FACE_BOUND('',#2574,.T.);
#2574 = EDGE_LOOP('',(#2575,#2596,#2597,#2618));
#2575 = ORIENTED_EDGE('',*,*,#2576,.F.);
#2576 = EDGE_CURVE('',#2345,#2460,#2577,.T.);
#2577 = SURFACE_CURVE('',#2578,(#2582,#2589),.PCURVE_S1.);
#2578 = LINE('',#2579,#2580);
#2579 = CARTESIAN_POINT('',(-9.1,7.59,-5.E-03));
#2580 = VECTOR('',#2581,1.);
#2581 = DIRECTION('',(1.,0.,0.));
#2582 = PCURVE('',#2388,#2583);
#2583 = DEFINITIONAL_REPRESENTATION('',(#2584),#2588);
#2584 = LINE('',#2585,#2586);
#2585 = CARTESIAN_POINT('',(0.,0.));
#2586 = VECTOR('',#2587,1.);
#2587 = DIRECTION('',(0.,1.));
#2588 = ( GEOMETRIC_REPRESENTATION_CONTEXT(2) 
PARAMETRIC_REPRESENTATION_CONTEXT() REPRESENTATION_CONTEXT('2D SPACE',''
  ) );
#2589 = PCURVE('',#2360,#2590);
#2590 = DEFINITIONAL_REPRESENTATION('',(#2591),#2595);
#2591 = LINE('',#2592,#2593);
#2592 = CARTESIAN_POINT('',(0.,0.9));
#2593 = VECTOR('',#2594,1.);
#2594 = DIRECTION('',(1.,0.));
#2595 = ( GEOMETRIC_REPRESENTATION_CONTEXT(2) 
PARAMETRIC_REPRESENTATION_CONTEXT() REPRESENTATION_CONTEXT('2D SPACE',''
  ) );
#2596 = ORIENTED_EDGE('',*,*,#2372,.T.);
#2597 = ORIENTED_EDGE('',*,*,#2598,.T.);
#2598 = EDGE_CURVE('',#2373,#2483,#2599,.T.);
#2599 = SURFACE_CURVE('',#2600,(#2604,#2611),.PCURVE_S1.);
#2600 = LINE('',#2601,#2602);
#2601 = CARTESIAN_POINT('',(-9.1,7.59,0.845));
#2602 = VECTOR('',#2603,1.);
#2603 = DIRECTION('',(1.,0.,0.));
#2604 = PCURVE('',#2388,#2605);
#2605 = DEFINITIONAL_REPRESENTATION('',(#2606),#2610);
#2606 = LINE('',#2607,#2608);
#2607 = CARTESIAN_POINT('',(0.85,0.));
#2608 = VECTOR('',#2609,1.);
#2609 = DIRECTION('',(0.,1.));
#2610 = ( GEOMETRIC_REPRESENTATION_CONTEXT(2) 
PARAMETRIC_REPRESENTATION_CONTEXT() REPRESENTATION_CONTEXT('2D SPACE',''
  ) );
#2611 = PCURVE('',#2414,#2612);
#2612 = DEFINITIONAL_REPRESENTATION('',(#2613),#2617);
#2613 = LINE('',#2614,#2615);
#2614 = CARTESIAN_POINT('',(0.,0.9));
#2615 = VECTOR('',#2616,1.);
#2616 = DIRECTION('',(1.,0.));
#2617 = ( GEOMETRIC_REPRESENTATION_CONTEXT(2) 
PARAMETRIC_REPRESENTATION_CONTEXT() REPRESENTATION_CONTEXT('2D SPACE',''
  ) );
#2618 = ORIENTED_EDGE('',*,*,#2482,.F.);
#2619 = ADVANCED_FACE('',(#2620),#2360,.F.);
#2620 = FACE_BOUND('',#2621,.F.);
#2621 = EDGE_LOOP('',(#2622,#2623,#2624,#2625));
#2622 = ORIENTED_EDGE('',*,*,#2344,.F.);
#2623 = ORIENTED_EDGE('',*,*,#2529,.T.);
#2624 = ORIENTED_EDGE('',*,*,#2459,.T.);
#2625 = ORIENTED_EDGE('',*,*,#2576,.F.);
#2626 = ADVANCED_FACE('',(#2627),#2414,.T.);
#2627 = FACE_BOUND('',#2628,.T.);
#2628 = EDGE_LOOP('',(#2629,#2630,#2631,#2632));
#2629 = ORIENTED_EDGE('',*,*,#2400,.F.);
#2630 = ORIENTED_EDGE('',*,*,#2551,.T.);
#2631 = ORIENTED_EDGE('',*,*,#2505,.T.);
#2632 = ORIENTED_EDGE('',*,*,#2598,.F.);
#2633 = MANIFOLD_SOLID_BREP('',#2634);
#2634 = CLOSED_SHELL('',(#2635,#2755,#2855,#2902,#2949,#2956));
#2635 = ADVANCED_FACE('',(#2636),#2650,.F.);
#2636 = FACE_BOUND('',#2637,.F.);
#2637 = EDGE_LOOP('',(#2638,#2673,#2701,#2729));
#2638 = ORIENTED_EDGE('',*,*,#2639,.F.);
#2639 = EDGE_CURVE('',#2640,#2642,#2644,.T.);
#2640 = VERTEX_POINT('',#2641);
#2641 = CARTESIAN_POINT('',(8.8,6.69,-5.E-03));
#2642 = VERTEX_POINT('',#2643);
#2643 = CARTESIAN_POINT('',(8.8,6.69,0.845));
#2644 = SURFACE_CURVE('',#2645,(#2649,#2661),.PCURVE_S1.);
#2645 = LINE('',#2646,#2647);
#2646 = CARTESIAN_POINT('',(8.8,6.69,-5.E-03));
#2647 = VECTOR('',#2648,1.);
#2648 = DIRECTION('',(0.,0.,1.));
#2649 = PCURVE('',#2650,#2655);
#2650 = PLANE('',#2651);
#2651 = AXIS2_PLACEMENT_3D('',#2652,#2653,#2654);
#2652 = CARTESIAN_POINT('',(8.8,6.69,-5.E-03));
#2653 = DIRECTION('',(1.,0.,0.));
#2654 = DIRECTION('',(0.,0.,1.));
#2655 = DEFINITIONAL_REPRESENTATION('',(#2656),#2660);
#2656 = LINE('',#2657,#2658);
#2657 = CARTESIAN_POINT('',(0.,0.));
#2658 = VECTOR('',#2659,1.);
#2659 = DIRECTION('',(1.,0.));
#2660 = ( GEOMETRIC_REPRESENTATION_CONTEXT(2) 
PARAMETRIC_REPRESENTATION_CONTEXT() REPRESENTATION_CONTEXT('2D SPACE',''
  ) );
#2661 = PCURVE('',#2662,#2667);
#2662 = PLANE('',#2663);
#2663 = AXIS2_PLACEMENT_3D('',#2664,#2665,#2666);
#2664 = CARTESIAN_POINT('',(8.8,6.69,-5.E-03));
#2665 = DIRECTION('',(0.,1.,0.));
#2666 = DIRECTION('',(0.,0.,1.));
#2667 = DEFINITIONAL_REPRESENTATION('',(#2668),#2672);
#2668 = LINE('',#2669,#2670);
#2669 = CARTESIAN_POINT('',(0.,0.));
#2670 = VECTOR('',#2671,1.);
#2671 = DIRECTION('',(1.,0.));
#2672 = ( GEOMETRIC_REPRESENTATION_CONTEXT(2) 
PARAMETRIC_REPRESENTATION_CONTEXT() REPRESENTATION_CONTEXT('2D SPACE',''
  ) );
#2673 = ORIENTED_EDGE('',*,*,#2674,.T.);
#2674 = EDGE_CURVE('',#2640,#2675,#2677,.T.);
#2675 = VERTEX_POINT('',#2676);
#2676 = CARTESIAN_POINT('',(8.8,7.59,-5.E-03));
#2677 = SURFACE_CURVE('',#2678,(#2682,#2689),.PCURVE_S1.);
#2678 = LINE('',#2679,#2680);
#2679 = CARTESIAN_POINT('',(8.8,6.69,-5.E-03));
#2680 = VECTOR('',#2681,1.);
#2681 = DIRECTION('',(0.,1.,0.));
#2682 = PCURVE('',#2650,#2683);
#2683 = DEFINITIONAL_REPRESENTATION('',(#2684),#2688);
#2684 = LINE('',#2685,#2686);
#2685 = CARTESIAN_POINT('',(0.,0.));
#2686 = VECTOR('',#2687,1.);
#2687 = DIRECTION('',(0.,-1.));
#2688 = ( GEOMETRIC_REPRESENTATION_CONTEXT(2) 
PARAMETRIC_REPRESENTATION_CONTEXT() REPRESENTATION_CONTEXT('2D SPACE',''
  ) );
#2689 = PCURVE('',#2690,#2695);
#2690 = PLANE('',#2691);
#2691 = AXIS2_PLACEMENT_3D('',#2692,#2693,#2694);
#2692 = CARTESIAN_POINT('',(8.8,6.69,-5.E-03));
#2693 = DIRECTION('',(0.,0.,1.));
#2694 = DIRECTION('',(1.,0.,0.));
#2695 = DEFINITIONAL_REPRESENTATION('',(#2696),#2700);
#2696 = LINE('',#2697,#2698);
#2697 = CARTESIAN_POINT('',(0.,0.));
#2698 = VECTOR('',#2699,1.);
#2699 = DIRECTION('',(0.,1.));
#2700 = ( GEOMETRIC_REPRESENTATION_CONTEXT(2) 
PARAMETRIC_REPRESENTATION_CONTEXT() REPRESENTATION_CONTEXT('2D SPACE',''
  ) );
#2701 = ORIENTED_EDGE('',*,*,#2702,.T.);
#2702 = EDGE_CURVE('',#2675,#2703,#2705,.T.);
#2703 = VERTEX_POINT('',#2704);
#2704 = CARTESIAN_POINT('',(8.8,7.59,0.845));
#2705 = SURFACE_CURVE('',#2706,(#2710,#2717),.PCURVE_S1.);
#2706 = LINE('',#2707,#2708);
#2707 = CARTESIAN_POINT('',(8.8,7.59,-5.E-03));
#2708 = VECTOR('',#2709,1.);
#2709 = DIRECTION('',(0.,0.,1.));
#2710 = PCURVE('',#2650,#2711);
#2711 = DEFINITIONAL_REPRESENTATION('',(#2712),#2716);
#2712 = LINE('',#2713,#2714);
#2713 = CARTESIAN_POINT('',(0.,-0.9));
#2714 = VECTOR('',#2715,1.);
#2715 = DIRECTION('',(1.,0.));
#2716 = ( GEOMETRIC_REPRESENTATION_CONTEXT(2) 
PARAMETRIC_REPRESENTATION_CONTEXT() REPRESENTATION_CONTEXT('2D SPACE',''
  ) );
#2717 = PCURVE('',#2718,#2723);
#2718 = PLANE('',#2719);
#2719 = AXIS2_PLACEMENT_3D('',#2720,#2721,#2722);
#2720 = CARTESIAN_POINT('',(8.8,7.59,-5.E-03));
#2721 = DIRECTION('',(0.,1.,0.));
#2722 = DIRECTION('',(0.,0.,1.));
#2723 = DEFINITIONAL_REPRESENTATION('',(#2724),#2728);
#2724 = LINE('',#2725,#2726);
#2725 = CARTESIAN_POINT('',(0.,0.));
#2726 = VECTOR('',#2727,1.);
#2727 = DIRECTION('',(1.,0.));
#2728 = ( GEOMETRIC_REPRESENTATION_CONTEXT(2) 
PARAMETRIC_REPRESENTATION_CONTEXT() REPRESENTATION_CONTEXT('2D SPACE',''
  ) );
#2729 = ORIENTED_EDGE('',*,*,#2730,.F.);
#2730 = EDGE_CURVE('',#2642,#2703,#2731,.T.);
#2731 = SURFACE_CURVE('',#2732,(#2736,#2743),.PCURVE_S1.);
#2732 = LINE('',#2733,#2734);
#2733 = CARTESIAN_POINT('',(8.8,6.69,0.845));
#2734 = VECTOR('',#2735,1.);
#2735 = DIRECTION('',(0.,1.,0.));
#2736 = PCURVE('',#2650,#2737);
#2737 = DEFINITIONAL_REPRESENTATION('',(#2738),#2742);
#2738 = LINE('',#2739,#2740);
#2739 = CARTESIAN_POINT('',(0.85,0.));
#2740 = VECTOR('',#2741,1.);
#2741 = DIRECTION('',(0.,-1.));
#2742 = ( GEOMETRIC_REPRESENTATION_CONTEXT(2) 
PARAMETRIC_REPRESENTATION_CONTEXT() REPRESENTATION_CONTEXT('2D SPACE',''
  ) );
#2743 = PCURVE('',#2744,#2749);
#2744 = PLANE('',#2745);
#2745 = AXIS2_PLACEMENT_3D('',#2746,#2747,#2748);
#2746 = CARTESIAN_POINT('',(8.8,6.69,0.845));
#2747 = DIRECTION('',(0.,0.,1.));
#2748 = DIRECTION('',(1.,0.,0.));
#2749 = DEFINITIONAL_REPRESENTATION('',(#2750),#2754);
#2750 = LINE('',#2751,#2752);
#2751 = CARTESIAN_POINT('',(0.,0.));
#2752 = VECTOR('',#2753,1.);
#2753 = DIRECTION('',(0.,1.));
#2754 = ( GEOMETRIC_REPRESENTATION_CONTEXT(2) 
PARAMETRIC_REPRESENTATION_CONTEXT() REPRESENTATION_CONTEXT('2D SPACE',''
  ) );
#2755 = ADVANCED_FACE('',(#2756),#2770,.T.);
#2756 = FACE_BOUND('',#2757,.T.);
#2757 = EDGE_LOOP('',(#2758,#2788,#2811,#2834));
#2758 = ORIENTED_EDGE('',*,*,#2759,.F.);
#2759 = EDGE_CURVE('',#2760,#2762,#2764,.T.);
#2760 = VERTEX_POINT('',#2761);
#2761 = CARTESIAN_POINT('',(9.1,6.69,-5.E-03));
#2762 = VERTEX_POINT('',#2763);
#2763 = CARTESIAN_POINT('',(9.1,6.69,0.845));
#2764 = SURFACE_CURVE('',#2765,(#2769,#2781),.PCURVE_S1.);
#2765 = LINE('',#2766,#2767);
#2766 = CARTESIAN_POINT('',(9.1,6.69,-5.E-03));
#2767 = VECTOR('',#2768,1.);
#2768 = DIRECTION('',(0.,0.,1.));
#2769 = PCURVE('',#2770,#2775);
#2770 = PLANE('',#2771);
#2771 = AXIS2_PLACEMENT_3D('',#2772,#2773,#2774);
#2772 = CARTESIAN_POINT('',(9.1,6.69,-5.E-03));
#2773 = DIRECTION('',(1.,0.,0.));
#2774 = DIRECTION('',(0.,0.,1.));
#2775 = DEFINITIONAL_REPRESENTATION('',(#2776),#2780);
#2776 = LINE('',#2777,#2778);
#2777 = CARTESIAN_POINT('',(0.,0.));
#2778 = VECTOR('',#2779,1.);
#2779 = DIRECTION('',(1.,0.));
#2780 = ( GEOMETRIC_REPRESENTATION_CONTEXT(2) 
PARAMETRIC_REPRESENTATION_CONTEXT() REPRESENTATION_CONTEXT('2D SPACE',''
  ) );
#2781 = PCURVE('',#2662,#2782);
#2782 = DEFINITIONAL_REPRESENTATION('',(#2783),#2787);
#2783 = LINE('',#2784,#2785);
#2784 = CARTESIAN_POINT('',(0.,0.3));
#2785 = VECTOR('',#2786,1.);
#2786 = DIRECTION('',(1.,0.));
#2787 = ( GEOMETRIC_REPRESENTATION_CONTEXT(2) 
PARAMETRIC_REPRESENTATION_CONTEXT() REPRESENTATION_CONTEXT('2D SPACE',''
  ) );
#2788 = ORIENTED_EDGE('',*,*,#2789,.T.);
#2789 = EDGE_CURVE('',#2760,#2790,#2792,.T.);
#2790 = VERTEX_POINT('',#2791);
#2791 = CARTESIAN_POINT('',(9.1,7.59,-5.E-03));
#2792 = SURFACE_CURVE('',#2793,(#2797,#2804),.PCURVE_S1.);
#2793 = LINE('',#2794,#2795);
#2794 = CARTESIAN_POINT('',(9.1,6.69,-5.E-03));
#2795 = VECTOR('',#2796,1.);
#2796 = DIRECTION('',(0.,1.,0.));
#2797 = PCURVE('',#2770,#2798);
#2798 = DEFINITIONAL_REPRESENTATION('',(#2799),#2803);
#2799 = LINE('',#2800,#2801);
#2800 = CARTESIAN_POINT('',(0.,0.));
#2801 = VECTOR('',#2802,1.);
#2802 = DIRECTION('',(0.,-1.));
#2803 = ( GEOMETRIC_REPRESENTATION_CONTEXT(2) 
PARAMETRIC_REPRESENTATION_CONTEXT() REPRESENTATION_CONTEXT('2D SPACE',''
  ) );
#2804 = PCURVE('',#2690,#2805);
#2805 = DEFINITIONAL_REPRESENTATION('',(#2806),#2810);
#2806 = LINE('',#2807,#2808);
#2807 = CARTESIAN_POINT('',(0.3,0.));
#2808 = VECTOR('',#2809,1.);
#2809 = DIRECTION('',(0.,1.));
#2810 = ( GEOMETRIC_REPRESENTATION_CONTEXT(2) 
PARAMETRIC_REPRESENTATION_CONTEXT() REPRESENTATION_CONTEXT('2D SPACE',''
  ) );
#2811 = ORIENTED_EDGE('',*,*,#2812,.T.);
#2812 = EDGE_CURVE('',#2790,#2813,#2815,.T.);
#2813 = VERTEX_POINT('',#2814);
#2814 = CARTESIAN_POINT('',(9.1,7.59,0.845));
#2815 = SURFACE_CURVE('',#2816,(#2820,#2827),.PCURVE_S1.);
#2816 = LINE('',#2817,#2818);
#2817 = CARTESIAN_POINT('',(9.1,7.59,-5.E-03));
#2818 = VECTOR('',#2819,1.);
#2819 = DIRECTION('',(0.,0.,1.));
#2820 = PCURVE('',#2770,#2821);
#2821 = DEFINITIONAL_REPRESENTATION('',(#2822),#2826);
#2822 = LINE('',#2823,#2824);
#2823 = CARTESIAN_POINT('',(0.,-0.9));
#2824 = VECTOR('',#2825,1.);
#2825 = DIRECTION('',(1.,0.));
#2826 = ( GEOMETRIC_REPRESENTATION_CONTEXT(2) 
PARAMETRIC_REPRESENTATION_CONTEXT() REPRESENTATION_CONTEXT('2D SPACE',''
  ) );
#2827 = PCURVE('',#2718,#2828);
#2828 = DEFINITIONAL_REPRESENTATION('',(#2829),#2833);
#2829 = LINE('',#2830,#2831);
#2830 = CARTESIAN_POINT('',(0.,0.3));
#2831 = VECTOR('',#2832,1.);
#2832 = DIRECTION('',(1.,0.));
#2833 = ( GEOMETRIC_REPRESENTATION_CONTEXT(2) 
PARAMETRIC_REPRESENTATION_CONTEXT() REPRESENTATION_CONTEXT('2D SPACE',''
  ) );
#2834 = ORIENTED_EDGE('',*,*,#2835,.F.);
#2835 = EDGE_CURVE('',#2762,#2813,#2836,.T.);
#2836 = SURFACE_CURVE('',#2837,(#2841,#2848),.PCURVE_S1.);
#2837 = LINE('',#2838,#2839);
#2838 = CARTESIAN_POINT('',(9.1,6.69,0.845));
#2839 = VECTOR('',#2840,1.);
#2840 = DIRECTION('',(0.,1.,0.));
#2841 = PCURVE('',#2770,#2842);
#2842 = DEFINITIONAL_REPRESENTATION('',(#2843),#2847);
#2843 = LINE('',#2844,#2845);
#2844 = CARTESIAN_POINT('',(0.85,0.));
#2845 = VECTOR('',#2846,1.);
#2846 = DIRECTION('',(0.,-1.));
#2847 = ( GEOMETRIC_REPRESENTATION_CONTEXT(2) 
PARAMETRIC_REPRESENTATION_CONTEXT() REPRESENTATION_CONTEXT('2D SPACE',''
  ) );
#2848 = PCURVE('',#2744,#2849);
#2849 = DEFINITIONAL_REPRESENTATION('',(#2850),#2854);
#2850 = LINE('',#2851,#2852);
#2851 = CARTESIAN_POINT('',(0.3,0.));
#2852 = VECTOR('',#2853,1.);
#2853 = DIRECTION('',(0.,1.));
#2854 = ( GEOMETRIC_REPRESENTATION_CONTEXT(2) 
PARAMETRIC_REPRESENTATION_CONTEXT() REPRESENTATION_CONTEXT('2D SPACE',''
  ) );
#2855 = ADVANCED_FACE('',(#2856),#2662,.F.);
#2856 = FACE_BOUND('',#2857,.F.);
#2857 = EDGE_LOOP('',(#2858,#2879,#2880,#2901));
#2858 = ORIENTED_EDGE('',*,*,#2859,.F.);
#2859 = EDGE_CURVE('',#2640,#2760,#2860,.T.);
#2860 = SURFACE_CURVE('',#2861,(#2865,#2872),.PCURVE_S1.);
#2861 = LINE('',#2862,#2863);
#2862 = CARTESIAN_POINT('',(8.8,6.69,-5.E-03));
#2863 = VECTOR('',#2864,1.);
#2864 = DIRECTION('',(1.,0.,0.));
#2865 = PCURVE('',#2662,#2866);
#2866 = DEFINITIONAL_REPRESENTATION('',(#2867),#2871);
#2867 = LINE('',#2868,#2869);
#2868 = CARTESIAN_POINT('',(0.,0.));
#2869 = VECTOR('',#2870,1.);
#2870 = DIRECTION('',(0.,1.));
#2871 = ( GEOMETRIC_REPRESENTATION_CONTEXT(2) 
PARAMETRIC_REPRESENTATION_CONTEXT() REPRESENTATION_CONTEXT('2D SPACE',''
  ) );
#2872 = PCURVE('',#2690,#2873);
#2873 = DEFINITIONAL_REPRESENTATION('',(#2874),#2878);
#2874 = LINE('',#2875,#2876);
#2875 = CARTESIAN_POINT('',(0.,0.));
#2876 = VECTOR('',#2877,1.);
#2877 = DIRECTION('',(1.,0.));
#2878 = ( GEOMETRIC_REPRESENTATION_CONTEXT(2) 
PARAMETRIC_REPRESENTATION_CONTEXT() REPRESENTATION_CONTEXT('2D SPACE',''
  ) );
#2879 = ORIENTED_EDGE('',*,*,#2639,.T.);
#2880 = ORIENTED_EDGE('',*,*,#2881,.T.);
#2881 = EDGE_CURVE('',#2642,#2762,#2882,.T.);
#2882 = SURFACE_CURVE('',#2883,(#2887,#2894),.PCURVE_S1.);
#2883 = LINE('',#2884,#2885);
#2884 = CARTESIAN_POINT('',(8.8,6.69,0.845));
#2885 = VECTOR('',#2886,1.);
#2886 = DIRECTION('',(1.,0.,0.));
#2887 = PCURVE('',#2662,#2888);
#2888 = DEFINITIONAL_REPRESENTATION('',(#2889),#2893);
#2889 = LINE('',#2890,#2891);
#2890 = CARTESIAN_POINT('',(0.85,0.));
#2891 = VECTOR('',#2892,1.);
#2892 = DIRECTION('',(0.,1.));
#2893 = ( GEOMETRIC_REPRESENTATION_CONTEXT(2) 
PARAMETRIC_REPRESENTATION_CONTEXT() REPRESENTATION_CONTEXT('2D SPACE',''
  ) );
#2894 = PCURVE('',#2744,#2895);
#2895 = DEFINITIONAL_REPRESENTATION('',(#2896),#2900);
#2896 = LINE('',#2897,#2898);
#2897 = CARTESIAN_POINT('',(0.,0.));
#2898 = VECTOR('',#2899,1.);
#2899 = DIRECTION('',(1.,0.));
#2900 = ( GEOMETRIC_REPRESENTATION_CONTEXT(2) 
PARAMETRIC_REPRESENTATION_CONTEXT() REPRESENTATION_CONTEXT('2D SPACE',''
  ) );
#2901 = ORIENTED_EDGE('',*,*,#2759,.F.);
#2902 = ADVANCED_FACE('',(#2903),#2718,.T.);
#2903 = FACE_BOUND('',#2904,.T.);
#2904 = EDGE_LOOP('',(#2905,#2926,#2927,#2948));
#2905 = ORIENTED_EDGE('',*,*,#2906,.F.);
#2906 = EDGE_CURVE('',#2675,#2790,#2907,.T.);
#2907 = SURFACE_CURVE('',#2908,(#2912,#2919),.PCURVE_S1.);
#2908 = LINE('',#2909,#2910);
#2909 = CARTESIAN_POINT('',(8.8,7.59,-5.E-03));
#2910 = VECTOR('',#2911,1.);
#2911 = DIRECTION('',(1.,0.,0.));
#2912 = PCURVE('',#2718,#2913);
#2913 = DEFINITIONAL_REPRESENTATION('',(#2914),#2918);
#2914 = LINE('',#2915,#2916);
#2915 = CARTESIAN_POINT('',(0.,0.));
#2916 = VECTOR('',#2917,1.);
#2917 = DIRECTION('',(0.,1.));
#2918 = ( GEOMETRIC_REPRESENTATION_CONTEXT(2) 
PARAMETRIC_REPRESENTATION_CONTEXT() REPRESENTATION_CONTEXT('2D SPACE',''
  ) );
#2919 = PCURVE('',#2690,#2920);
#2920 = DEFINITIONAL_REPRESENTATION('',(#2921),#2925);
#2921 = LINE('',#2922,#2923);
#2922 = CARTESIAN_POINT('',(0.,0.9));
#2923 = VECTOR('',#2924,1.);
#2924 = DIRECTION('',(1.,0.));
#2925 = ( GEOMETRIC_REPRESENTATION_CONTEXT(2) 
PARAMETRIC_REPRESENTATION_CONTEXT() REPRESENTATION_CONTEXT('2D SPACE',''
  ) );
#2926 = ORIENTED_EDGE('',*,*,#2702,.T.);
#2927 = ORIENTED_EDGE('',*,*,#2928,.T.);
#2928 = EDGE_CURVE('',#2703,#2813,#2929,.T.);
#2929 = SURFACE_CURVE('',#2930,(#2934,#2941),.PCURVE_S1.);
#2930 = LINE('',#2931,#2932);
#2931 = CARTESIAN_POINT('',(8.8,7.59,0.845));
#2932 = VECTOR('',#2933,1.);
#2933 = DIRECTION('',(1.,0.,0.));
#2934 = PCURVE('',#2718,#2935);
#2935 = DEFINITIONAL_REPRESENTATION('',(#2936),#2940);
#2936 = LINE('',#2937,#2938);
#2937 = CARTESIAN_POINT('',(0.85,0.));
#2938 = VECTOR('',#2939,1.);
#2939 = DIRECTION('',(0.,1.));
#2940 = ( GEOMETRIC_REPRESENTATION_CONTEXT(2) 
PARAMETRIC_REPRESENTATION_CONTEXT() REPRESENTATION_CONTEXT('2D SPACE',''
  ) );
#2941 = PCURVE('',#2744,#2942);
#2942 = DEFINITIONAL_REPRESENTATION('',(#2943),#2947);
#2943 = LINE('',#2944,#2945);
#2944 = CARTESIAN_POINT('',(0.,0.9));
#2945 = VECTOR('',#2946,1.);
#2946 = DIRECTION('',(1.,0.));
#2947 = ( GEOMETRIC_REPRESENTATION_CONTEXT(2) 
PARAMETRIC_REPRESENTATION_CONTEXT() REPRESENTATION_CONTEXT('2D SPACE',''
  ) );
#2948 = ORIENTED_EDGE('',*,*,#2812,.F.);
#2949 = ADVANCED_FACE('',(#2950),#2690,.F.);
#2950 = FACE_BOUND('',#2951,.F.);
#2951 = EDGE_LOOP('',(#2952,#2953,#2954,#2955));
#2952 = ORIENTED_EDGE('',*,*,#2674,.F.);
#2953 = ORIENTED_EDGE('',*,*,#2859,.T.);
#2954 = ORIENTED_EDGE('',*,*,#2789,.T.);
#2955 = ORIENTED_EDGE('',*,*,#2906,.F.);
#2956 = ADVANCED_FACE('',(#2957),#2744,.T.);
#2957 = FACE_BOUND('',#2958,.T.);
#2958 = EDGE_LOOP('',(#2959,#2960,#2961,#2962));
#2959 = ORIENTED_EDGE('',*,*,#2730,.F.);
#2960 = ORIENTED_EDGE('',*,*,#2881,.T.);
#2961 = ORIENTED_EDGE('',*,*,#2835,.T.);
#2962 = ORIENTED_EDGE('',*,*,#2928,.F.);
#2963 = MANIFOLD_SOLID_BREP('',#2964);
#2964 = CLOSED_SHELL('',(#2965,#3085,#3185,#3232,#3279,#3286));
#2965 = ADVANCED_FACE('',(#2966),#2980,.F.);
#2966 = FACE_BOUND('',#2967,.F.);
#2967 = EDGE_LOOP('',(#2968,#3003,#3031,#3059));
#2968 = ORIENTED_EDGE('',*,*,#2969,.F.);
#2969 = EDGE_CURVE('',#2970,#2972,#2974,.T.);
#2970 = VERTEX_POINT('',#2971);
#2971 = CARTESIAN_POINT('',(-9.1,5.42,-5.E-03));
#2972 = VERTEX_POINT('',#2973);
#2973 = CARTESIAN_POINT('',(-9.1,5.42,0.845));
#2974 = SURFACE_CURVE('',#2975,(#2979,#2991),.PCURVE_S1.);
#2975 = LINE('',#2976,#2977);
#2976 = CARTESIAN_POINT('',(-9.1,5.42,-5.E-03));
#2977 = VECTOR('',#2978,1.);
#2978 = DIRECTION('',(0.,0.,1.));
#2979 = PCURVE('',#2980,#2985);
#2980 = PLANE('',#2981);
#2981 = AXIS2_PLACEMENT_3D('',#2982,#2983,#2984);
#2982 = CARTESIAN_POINT('',(-9.1,5.42,-5.E-03));
#2983 = DIRECTION('',(1.,0.,0.));
#2984 = DIRECTION('',(0.,0.,1.));
#2985 = DEFINITIONAL_REPRESENTATION('',(#2986),#2990);
#2986 = LINE('',#2987,#2988);
#2987 = CARTESIAN_POINT('',(0.,0.));
#2988 = VECTOR('',#2989,1.);
#2989 = DIRECTION('',(1.,0.));
#2990 = ( GEOMETRIC_REPRESENTATION_CONTEXT(2) 
PARAMETRIC_REPRESENTATION_CONTEXT() REPRESENTATION_CONTEXT('2D SPACE',''
  ) );
#2991 = PCURVE('',#2992,#2997);
#2992 = PLANE('',#2993);
#2993 = AXIS2_PLACEMENT_3D('',#2994,#2995,#2996);
#2994 = CARTESIAN_POINT('',(-9.1,5.42,-5.E-03));
#2995 = DIRECTION('',(0.,1.,0.));
#2996 = DIRECTION('',(0.,0.,1.));
#2997 = DEFINITIONAL_REPRESENTATION('',(#2998),#3002);
#2998 = LINE('',#2999,#3000);
#2999 = CARTESIAN_POINT('',(0.,0.));
#3000 = VECTOR('',#3001,1.);
#3001 = DIRECTION('',(1.,0.));
#3002 = ( GEOMETRIC_REPRESENTATION_CONTEXT(2) 
PARAMETRIC_REPRESENTATION_CONTEXT() REPRESENTATION_CONTEXT('2D SPACE',''
  ) );
#3003 = ORIENTED_EDGE('',*,*,#3004,.T.);
#3004 = EDGE_CURVE('',#2970,#3005,#3007,.T.);
#3005 = VERTEX_POINT('',#3006);
#3006 = CARTESIAN_POINT('',(-9.1,6.32,-5.E-03));
#3007 = SURFACE_CURVE('',#3008,(#3012,#3019),.PCURVE_S1.);
#3008 = LINE('',#3009,#3010);
#3009 = CARTESIAN_POINT('',(-9.1,5.42,-5.E-03));
#3010 = VECTOR('',#3011,1.);
#3011 = DIRECTION('',(0.,1.,0.));
#3012 = PCURVE('',#2980,#3013);
#3013 = DEFINITIONAL_REPRESENTATION('',(#3014),#3018);
#3014 = LINE('',#3015,#3016);
#3015 = CARTESIAN_POINT('',(0.,0.));
#3016 = VECTOR('',#3017,1.);
#3017 = DIRECTION('',(0.,-1.));
#3018 = ( GEOMETRIC_REPRESENTATION_CONTEXT(2) 
PARAMETRIC_REPRESENTATION_CONTEXT() REPRESENTATION_CONTEXT('2D SPACE',''
  ) );
#3019 = PCURVE('',#3020,#3025);
#3020 = PLANE('',#3021);
#3021 = AXIS2_PLACEMENT_3D('',#3022,#3023,#3024);
#3022 = CARTESIAN_POINT('',(-9.1,5.42,-5.E-03));
#3023 = DIRECTION('',(0.,0.,1.));
#3024 = DIRECTION('',(1.,0.,0.));
#3025 = DEFINITIONAL_REPRESENTATION('',(#3026),#3030);
#3026 = LINE('',#3027,#3028);
#3027 = CARTESIAN_POINT('',(0.,0.));
#3028 = VECTOR('',#3029,1.);
#3029 = DIRECTION('',(0.,1.));
#3030 = ( GEOMETRIC_REPRESENTATION_CONTEXT(2) 
PARAMETRIC_REPRESENTATION_CONTEXT() REPRESENTATION_CONTEXT('2D SPACE',''
  ) );
#3031 = ORIENTED_EDGE('',*,*,#3032,.T.);
#3032 = EDGE_CURVE('',#3005,#3033,#3035,.T.);
#3033 = VERTEX_POINT('',#3034);
#3034 = CARTESIAN_POINT('',(-9.1,6.32,0.845));
#3035 = SURFACE_CURVE('',#3036,(#3040,#3047),.PCURVE_S1.);
#3036 = LINE('',#3037,#3038);
#3037 = CARTESIAN_POINT('',(-9.1,6.32,-5.E-03));
#3038 = VECTOR('',#3039,1.);
#3039 = DIRECTION('',(0.,0.,1.));
#3040 = PCURVE('',#2980,#3041);
#3041 = DEFINITIONAL_REPRESENTATION('',(#3042),#3046);
#3042 = LINE('',#3043,#3044);
#3043 = CARTESIAN_POINT('',(0.,-0.9));
#3044 = VECTOR('',#3045,1.);
#3045 = DIRECTION('',(1.,0.));
#3046 = ( GEOMETRIC_REPRESENTATION_CONTEXT(2) 
PARAMETRIC_REPRESENTATION_CONTEXT() REPRESENTATION_CONTEXT('2D SPACE',''
  ) );
#3047 = PCURVE('',#3048,#3053);
#3048 = PLANE('',#3049);
#3049 = AXIS2_PLACEMENT_3D('',#3050,#3051,#3052);
#3050 = CARTESIAN_POINT('',(-9.1,6.32,-5.E-03));
#3051 = DIRECTION('',(0.,1.,0.));
#3052 = DIRECTION('',(0.,0.,1.));
#3053 = DEFINITIONAL_REPRESENTATION('',(#3054),#3058);
#3054 = LINE('',#3055,#3056);
#3055 = CARTESIAN_POINT('',(0.,0.));
#3056 = VECTOR('',#3057,1.);
#3057 = DIRECTION('',(1.,0.));
#3058 = ( GEOMETRIC_REPRESENTATION_CONTEXT(2) 
PARAMETRIC_REPRESENTATION_CONTEXT() REPRESENTATION_CONTEXT('2D SPACE',''
  ) );
#3059 = ORIENTED_EDGE('',*,*,#3060,.F.);
#3060 = EDGE_CURVE('',#2972,#3033,#3061,.T.);
#3061 = SURFACE_CURVE('',#3062,(#3066,#3073),.PCURVE_S1.);
#3062 = LINE('',#3063,#3064);
#3063 = CARTESIAN_POINT('',(-9.1,5.42,0.845));
#3064 = VECTOR('',#3065,1.);
#3065 = DIRECTION('',(0.,1.,0.));
#3066 = PCURVE('',#2980,#3067);
#3067 = DEFINITIONAL_REPRESENTATION('',(#3068),#3072);
#3068 = LINE('',#3069,#3070);
#3069 = CARTESIAN_POINT('',(0.85,0.));
#3070 = VECTOR('',#3071,1.);
#3071 = DIRECTION('',(0.,-1.));
#3072 = ( GEOMETRIC_REPRESENTATION_CONTEXT(2) 
PARAMETRIC_REPRESENTATION_CONTEXT() REPRESENTATION_CONTEXT('2D SPACE',''
  ) );
#3073 = PCURVE('',#3074,#3079);
#3074 = PLANE('',#3075);
#3075 = AXIS2_PLACEMENT_3D('',#3076,#3077,#3078);
#3076 = CARTESIAN_POINT('',(-9.1,5.42,0.845));
#3077 = DIRECTION('',(0.,0.,1.));
#3078 = DIRECTION('',(1.,0.,0.));
#3079 = DEFINITIONAL_REPRESENTATION('',(#3080),#3084);
#3080 = LINE('',#3081,#3082);
#3081 = CARTESIAN_POINT('',(0.,0.));
#3082 = VECTOR('',#3083,1.);
#3083 = DIRECTION('',(0.,1.));
#3084 = ( GEOMETRIC_REPRESENTATION_CONTEXT(2) 
PARAMETRIC_REPRESENTATION_CONTEXT() REPRESENTATION_CONTEXT('2D SPACE',''
  ) );
#3085 = ADVANCED_FACE('',(#3086),#3100,.T.);
#3086 = FACE_BOUND('',#3087,.T.);
#3087 = EDGE_LOOP('',(#3088,#3118,#3141,#3164));
#3088 = ORIENTED_EDGE('',*,*,#3089,.F.);
#3089 = EDGE_CURVE('',#3090,#3092,#3094,.T.);
#3090 = VERTEX_POINT('',#3091);
#3091 = CARTESIAN_POINT('',(-8.8,5.42,-5.E-03));
#3092 = VERTEX_POINT('',#3093);
#3093 = CARTESIAN_POINT('',(-8.8,5.42,0.845));
#3094 = SURFACE_CURVE('',#3095,(#3099,#3111),.PCURVE_S1.);
#3095 = LINE('',#3096,#3097);
#3096 = CARTESIAN_POINT('',(-8.8,5.42,-5.E-03));
#3097 = VECTOR('',#3098,1.);
#3098 = DIRECTION('',(0.,0.,1.));
#3099 = PCURVE('',#3100,#3105);
#3100 = PLANE('',#3101);
#3101 = AXIS2_PLACEMENT_3D('',#3102,#3103,#3104);
#3102 = CARTESIAN_POINT('',(-8.8,5.42,-5.E-03));
#3103 = DIRECTION('',(1.,0.,0.));
#3104 = DIRECTION('',(0.,0.,1.));
#3105 = DEFINITIONAL_REPRESENTATION('',(#3106),#3110);
#3106 = LINE('',#3107,#3108);
#3107 = CARTESIAN_POINT('',(0.,0.));
#3108 = VECTOR('',#3109,1.);
#3109 = DIRECTION('',(1.,0.));
#3110 = ( GEOMETRIC_REPRESENTATION_CONTEXT(2) 
PARAMETRIC_REPRESENTATION_CONTEXT() REPRESENTATION_CONTEXT('2D SPACE',''
  ) );
#3111 = PCURVE('',#2992,#3112);
#3112 = DEFINITIONAL_REPRESENTATION('',(#3113),#3117);
#3113 = LINE('',#3114,#3115);
#3114 = CARTESIAN_POINT('',(0.,0.3));
#3115 = VECTOR('',#3116,1.);
#3116 = DIRECTION('',(1.,0.));
#3117 = ( GEOMETRIC_REPRESENTATION_CONTEXT(2) 
PARAMETRIC_REPRESENTATION_CONTEXT() REPRESENTATION_CONTEXT('2D SPACE',''
  ) );
#3118 = ORIENTED_EDGE('',*,*,#3119,.T.);
#3119 = EDGE_CURVE('',#3090,#3120,#3122,.T.);
#3120 = VERTEX_POINT('',#3121);
#3121 = CARTESIAN_POINT('',(-8.8,6.32,-5.E-03));
#3122 = SURFACE_CURVE('',#3123,(#3127,#3134),.PCURVE_S1.);
#3123 = LINE('',#3124,#3125);
#3124 = CARTESIAN_POINT('',(-8.8,5.42,-5.E-03));
#3125 = VECTOR('',#3126,1.);
#3126 = DIRECTION('',(0.,1.,0.));
#3127 = PCURVE('',#3100,#3128);
#3128 = DEFINITIONAL_REPRESENTATION('',(#3129),#3133);
#3129 = LINE('',#3130,#3131);
#3130 = CARTESIAN_POINT('',(0.,0.));
#3131 = VECTOR('',#3132,1.);
#3132 = DIRECTION('',(0.,-1.));
#3133 = ( GEOMETRIC_REPRESENTATION_CONTEXT(2) 
PARAMETRIC_REPRESENTATION_CONTEXT() REPRESENTATION_CONTEXT('2D SPACE',''
  ) );
#3134 = PCURVE('',#3020,#3135);
#3135 = DEFINITIONAL_REPRESENTATION('',(#3136),#3140);
#3136 = LINE('',#3137,#3138);
#3137 = CARTESIAN_POINT('',(0.3,0.));
#3138 = VECTOR('',#3139,1.);
#3139 = DIRECTION('',(0.,1.));
#3140 = ( GEOMETRIC_REPRESENTATION_CONTEXT(2) 
PARAMETRIC_REPRESENTATION_CONTEXT() REPRESENTATION_CONTEXT('2D SPACE',''
  ) );
#3141 = ORIENTED_EDGE('',*,*,#3142,.T.);
#3142 = EDGE_CURVE('',#3120,#3143,#3145,.T.);
#3143 = VERTEX_POINT('',#3144);
#3144 = CARTESIAN_POINT('',(-8.8,6.32,0.845));
#3145 = SURFACE_CURVE('',#3146,(#3150,#3157),.PCURVE_S1.);
#3146 = LINE('',#3147,#3148);
#3147 = CARTESIAN_POINT('',(-8.8,6.32,-5.E-03));
#3148 = VECTOR('',#3149,1.);
#3149 = DIRECTION('',(0.,0.,1.));
#3150 = PCURVE('',#3100,#3151);
#3151 = DEFINITIONAL_REPRESENTATION('',(#3152),#3156);
#3152 = LINE('',#3153,#3154);
#3153 = CARTESIAN_POINT('',(0.,-0.9));
#3154 = VECTOR('',#3155,1.);
#3155 = DIRECTION('',(1.,0.));
#3156 = ( GEOMETRIC_REPRESENTATION_CONTEXT(2) 
PARAMETRIC_REPRESENTATION_CONTEXT() REPRESENTATION_CONTEXT('2D SPACE',''
  ) );
#3157 = PCURVE('',#3048,#3158);
#3158 = DEFINITIONAL_REPRESENTATION('',(#3159),#3163);
#3159 = LINE('',#3160,#3161);
#3160 = CARTESIAN_POINT('',(0.,0.3));
#3161 = VECTOR('',#3162,1.);
#3162 = DIRECTION('',(1.,0.));
#3163 = ( GEOMETRIC_REPRESENTATION_CONTEXT(2) 
PARAMETRIC_REPRESENTATION_CONTEXT() REPRESENTATION_CONTEXT('2D SPACE',''
  ) );
#3164 = ORIENTED_EDGE('',*,*,#3165,.F.);
#3165 = EDGE_CURVE('',#3092,#3143,#3166,.T.);
#3166 = SURFACE_CURVE('',#3167,(#3171,#3178),.PCURVE_S1.);
#3167 = LINE('',#3168,#3169);
#3168 = CARTESIAN_POINT('',(-8.8,5.42,0.845));
#3169 = VECTOR('',#3170,1.);
#3170 = DIRECTION('',(0.,1.,0.));
#3171 = PCURVE('',#3100,#3172);
#3172 = DEFINITIONAL_REPRESENTATION('',(#3173),#3177);
#3173 = LINE('',#3174,#3175);
#3174 = CARTESIAN_POINT('',(0.85,0.));
#3175 = VECTOR('',#3176,1.);
#3176 = DIRECTION('',(0.,-1.));
#3177 = ( GEOMETRIC_REPRESENTATION_CONTEXT(2) 
PARAMETRIC_REPRESENTATION_CONTEXT() REPRESENTATION_CONTEXT('2D SPACE',''
  ) );
#3178 = PCURVE('',#3074,#3179);
#3179 = DEFINITIONAL_REPRESENTATION('',(#3180),#3184);
#3180 = LINE('',#3181,#3182);
#3181 = CARTESIAN_POINT('',(0.3,0.));
#3182 = VECTOR('',#3183,1.);
#3183 = DIRECTION('',(0.,1.));
#3184 = ( GEOMETRIC_REPRESENTATION_CONTEXT(2) 
PARAMETRIC_REPRESENTATION_CONTEXT() REPRESENTATION_CONTEXT('2D SPACE',''
  ) );
#3185 = ADVANCED_FACE('',(#3186),#2992,.F.);
#3186 = FACE_BOUND('',#3187,.F.);
#3187 = EDGE_LOOP('',(#3188,#3209,#3210,#3231));
#3188 = ORIENTED_EDGE('',*,*,#3189,.F.);
#3189 = EDGE_CURVE('',#2970,#3090,#3190,.T.);
#3190 = SURFACE_CURVE('',#3191,(#3195,#3202),.PCURVE_S1.);
#3191 = LINE('',#3192,#3193);
#3192 = CARTESIAN_POINT('',(-9.1,5.42,-5.E-03));
#3193 = VECTOR('',#3194,1.);
#3194 = DIRECTION('',(1.,0.,0.));
#3195 = PCURVE('',#2992,#3196);
#3196 = DEFINITIONAL_REPRESENTATION('',(#3197),#3201);
#3197 = LINE('',#3198,#3199);
#3198 = CARTESIAN_POINT('',(0.,0.));
#3199 = VECTOR('',#3200,1.);
#3200 = DIRECTION('',(0.,1.));
#3201 = ( GEOMETRIC_REPRESENTATION_CONTEXT(2) 
PARAMETRIC_REPRESENTATION_CONTEXT() REPRESENTATION_CONTEXT('2D SPACE',''
  ) );
#3202 = PCURVE('',#3020,#3203);
#3203 = DEFINITIONAL_REPRESENTATION('',(#3204),#3208);
#3204 = LINE('',#3205,#3206);
#3205 = CARTESIAN_POINT('',(0.,0.));
#3206 = VECTOR('',#3207,1.);
#3207 = DIRECTION('',(1.,0.));
#3208 = ( GEOMETRIC_REPRESENTATION_CONTEXT(2) 
PARAMETRIC_REPRESENTATION_CONTEXT() REPRESENTATION_CONTEXT('2D SPACE',''
  ) );
#3209 = ORIENTED_EDGE('',*,*,#2969,.T.);
#3210 = ORIENTED_EDGE('',*,*,#3211,.T.);
#3211 = EDGE_CURVE('',#2972,#3092,#3212,.T.);
#3212 = SURFACE_CURVE('',#3213,(#3217,#3224),.PCURVE_S1.);
#3213 = LINE('',#3214,#3215);
#3214 = CARTESIAN_POINT('',(-9.1,5.42,0.845));
#3215 = VECTOR('',#3216,1.);
#3216 = DIRECTION('',(1.,0.,0.));
#3217 = PCURVE('',#2992,#3218);
#3218 = DEFINITIONAL_REPRESENTATION('',(#3219),#3223);
#3219 = LINE('',#3220,#3221);
#3220 = CARTESIAN_POINT('',(0.85,0.));
#3221 = VECTOR('',#3222,1.);
#3222 = DIRECTION('',(0.,1.));
#3223 = ( GEOMETRIC_REPRESENTATION_CONTEXT(2) 
PARAMETRIC_REPRESENTATION_CONTEXT() REPRESENTATION_CONTEXT('2D SPACE',''
  ) );
#3224 = PCURVE('',#3074,#3225);
#3225 = DEFINITIONAL_REPRESENTATION('',(#3226),#3230);
#3226 = LINE('',#3227,#3228);
#3227 = CARTESIAN_POINT('',(0.,0.));
#3228 = VECTOR('',#3229,1.);
#3229 = DIRECTION('',(1.,0.));
#3230 = ( GEOMETRIC_REPRESENTATION_CONTEXT(2) 
PARAMETRIC_REPRESENTATION_CONTEXT() REPRESENTATION_CONTEXT('2D SPACE',''
  ) );
#3231 = ORIENTED_EDGE('',*,*,#3089,.F.);
#3232 = ADVANCED_FACE('',(#3233),#3048,.T.);
#3233 = FACE_BOUND('',#3234,.T.);
#3234 = EDGE_LOOP('',(#3235,#3256,#3257,#3278));
#3235 = ORIENTED_EDGE('',*,*,#3236,.F.);
#3236 = EDGE_CURVE('',#3005,#3120,#3237,.T.);
#3237 = SURFACE_CURVE('',#3238,(#3242,#3249),.PCURVE_S1.);
#3238 = LINE('',#3239,#3240);
#3239 = CARTESIAN_POINT('',(-9.1,6.32,-5.E-03));
#3240 = VECTOR('',#3241,1.);
#3241 = DIRECTION('',(1.,0.,0.));
#3242 = PCURVE('',#3048,#3243);
#3243 = DEFINITIONAL_REPRESENTATION('',(#3244),#3248);
#3244 = LINE('',#3245,#3246);
#3245 = CARTESIAN_POINT('',(0.,0.));
#3246 = VECTOR('',#3247,1.);
#3247 = DIRECTION('',(0.,1.));
#3248 = ( GEOMETRIC_REPRESENTATION_CONTEXT(2) 
PARAMETRIC_REPRESENTATION_CONTEXT() REPRESENTATION_CONTEXT('2D SPACE',''
  ) );
#3249 = PCURVE('',#3020,#3250);
#3250 = DEFINITIONAL_REPRESENTATION('',(#3251),#3255);
#3251 = LINE('',#3252,#3253);
#3252 = CARTESIAN_POINT('',(0.,0.9));
#3253 = VECTOR('',#3254,1.);
#3254 = DIRECTION('',(1.,0.));
#3255 = ( GEOMETRIC_REPRESENTATION_CONTEXT(2) 
PARAMETRIC_REPRESENTATION_CONTEXT() REPRESENTATION_CONTEXT('2D SPACE',''
  ) );
#3256 = ORIENTED_EDGE('',*,*,#3032,.T.);
#3257 = ORIENTED_EDGE('',*,*,#3258,.T.);
#3258 = EDGE_CURVE('',#3033,#3143,#3259,.T.);
#3259 = SURFACE_CURVE('',#3260,(#3264,#3271),.PCURVE_S1.);
#3260 = LINE('',#3261,#3262);
#3261 = CARTESIAN_POINT('',(-9.1,6.32,0.845));
#3262 = VECTOR('',#3263,1.);
#3263 = DIRECTION('',(1.,0.,0.));
#3264 = PCURVE('',#3048,#3265);
#3265 = DEFINITIONAL_REPRESENTATION('',(#3266),#3270);
#3266 = LINE('',#3267,#3268);
#3267 = CARTESIAN_POINT('',(0.85,0.));
#3268 = VECTOR('',#3269,1.);
#3269 = DIRECTION('',(0.,1.));
#3270 = ( GEOMETRIC_REPRESENTATION_CONTEXT(2) 
PARAMETRIC_REPRESENTATION_CONTEXT() REPRESENTATION_CONTEXT('2D SPACE',''
  ) );
#3271 = PCURVE('',#3074,#3272);
#3272 = DEFINITIONAL_REPRESENTATION('',(#3273),#3277);
#3273 = LINE('',#3274,#3275);
#3274 = CARTESIAN_POINT('',(0.,0.9));
#3275 = VECTOR('',#3276,1.);
#3276 = DIRECTION('',(1.,0.));
#3277 = ( GEOMETRIC_REPRESENTATION_CONTEXT(2) 
PARAMETRIC_REPRESENTATION_CONTEXT() REPRESENTATION_CONTEXT('2D SPACE',''
  ) );
#3278 = ORIENTED_EDGE('',*,*,#3142,.F.);
#3279 = ADVANCED_FACE('',(#3280),#3020,.F.);
#3280 = FACE_BOUND('',#3281,.F.);
#3281 = EDGE_LOOP('',(#3282,#3283,#3284,#3285));
#3282 = ORIENTED_EDGE('',*,*,#3004,.F.);
#3283 = ORIENTED_EDGE('',*,*,#3189,.T.);
#3284 = ORIENTED_EDGE('',*,*,#3119,.T.);
#3285 = ORIENTED_EDGE('',*,*,#3236,.F.);
#3286 = ADVANCED_FACE('',(#3287),#3074,.T.);
#3287 = FACE_BOUND('',#3288,.T.);
#3288 = EDGE_LOOP('',(#3289,#3290,#3291,#3292));
#3289 = ORIENTED_EDGE('',*,*,#3060,.F.);
#3290 = ORIENTED_EDGE('',*,*,#3211,.T.);
#3291 = ORIENTED_EDGE('',*,*,#3165,.T.);
#3292 = ORIENTED_EDGE('',*,*,#3258,.F.);
#3293 = MANIFOLD_SOLID_BREP('',#3294);
#3294 = CLOSED_SHELL('',(#3295,#3415,#3515,#3562,#3609,#3616));
#3295 = ADVANCED_FACE('',(#3296),#3310,.F.);
#3296 = FACE_BOUND('',#3297,.F.);
#3297 = EDGE_LOOP('',(#3298,#3333,#3361,#3389));
#3298 = ORIENTED_EDGE('',*,*,#3299,.F.);
#3299 = EDGE_CURVE('',#3300,#3302,#3304,.T.);
#3300 = VERTEX_POINT('',#3301);
#3301 = CARTESIAN_POINT('',(8.8,5.42,-5.E-03));
#3302 = VERTEX_POINT('',#3303);
#3303 = CARTESIAN_POINT('',(8.8,5.42,0.845));
#3304 = SURFACE_CURVE('',#3305,(#3309,#3321),.PCURVE_S1.);
#3305 = LINE('',#3306,#3307);
#3306 = CARTESIAN_POINT('',(8.8,5.42,-5.E-03));
#3307 = VECTOR('',#3308,1.);
#3308 = DIRECTION('',(0.,0.,1.));
#3309 = PCURVE('',#3310,#3315);
#3310 = PLANE('',#3311);
#3311 = AXIS2_PLACEMENT_3D('',#3312,#3313,#3314);
#3312 = CARTESIAN_POINT('',(8.8,5.42,-5.E-03));
#3313 = DIRECTION('',(1.,0.,0.));
#3314 = DIRECTION('',(0.,0.,1.));
#3315 = DEFINITIONAL_REPRESENTATION('',(#3316),#3320);
#3316 = LINE('',#3317,#3318);
#3317 = CARTESIAN_POINT('',(0.,0.));
#3318 = VECTOR('',#3319,1.);
#3319 = DIRECTION('',(1.,0.));
#3320 = ( GEOMETRIC_REPRESENTATION_CONTEXT(2) 
PARAMETRIC_REPRESENTATION_CONTEXT() REPRESENTATION_CONTEXT('2D SPACE',''
  ) );
#3321 = PCURVE('',#3322,#3327);
#3322 = PLANE('',#3323);
#3323 = AXIS2_PLACEMENT_3D('',#3324,#3325,#3326);
#3324 = CARTESIAN_POINT('',(8.8,5.42,-5.E-03));
#3325 = DIRECTION('',(0.,1.,0.));
#3326 = DIRECTION('',(0.,0.,1.));
#3327 = DEFINITIONAL_REPRESENTATION('',(#3328),#3332);
#3328 = LINE('',#3329,#3330);
#3329 = CARTESIAN_POINT('',(0.,0.));
#3330 = VECTOR('',#3331,1.);
#3331 = DIRECTION('',(1.,0.));
#3332 = ( GEOMETRIC_REPRESENTATION_CONTEXT(2) 
PARAMETRIC_REPRESENTATION_CONTEXT() REPRESENTATION_CONTEXT('2D SPACE',''
  ) );
#3333 = ORIENTED_EDGE('',*,*,#3334,.T.);
#3334 = EDGE_CURVE('',#3300,#3335,#3337,.T.);
#3335 = VERTEX_POINT('',#3336);
#3336 = CARTESIAN_POINT('',(8.8,6.32,-5.E-03));
#3337 = SURFACE_CURVE('',#3338,(#3342,#3349),.PCURVE_S1.);
#3338 = LINE('',#3339,#3340);
#3339 = CARTESIAN_POINT('',(8.8,5.42,-5.E-03));
#3340 = VECTOR('',#3341,1.);
#3341 = DIRECTION('',(0.,1.,0.));
#3342 = PCURVE('',#3310,#3343);
#3343 = DEFINITIONAL_REPRESENTATION('',(#3344),#3348);
#3344 = LINE('',#3345,#3346);
#3345 = CARTESIAN_POINT('',(0.,0.));
#3346 = VECTOR('',#3347,1.);
#3347 = DIRECTION('',(0.,-1.));
#3348 = ( GEOMETRIC_REPRESENTATION_CONTEXT(2) 
PARAMETRIC_REPRESENTATION_CONTEXT() REPRESENTATION_CONTEXT('2D SPACE',''
  ) );
#3349 = PCURVE('',#3350,#3355);
#3350 = PLANE('',#3351);
#3351 = AXIS2_PLACEMENT_3D('',#3352,#3353,#3354);
#3352 = CARTESIAN_POINT('',(8.8,5.42,-5.E-03));
#3353 = DIRECTION('',(0.,0.,1.));
#3354 = DIRECTION('',(1.,0.,0.));
#3355 = DEFINITIONAL_REPRESENTATION('',(#3356),#3360);
#3356 = LINE('',#3357,#3358);
#3357 = CARTESIAN_POINT('',(0.,0.));
#3358 = VECTOR('',#3359,1.);
#3359 = DIRECTION('',(0.,1.));
#3360 = ( GEOMETRIC_REPRESENTATION_CONTEXT(2) 
PARAMETRIC_REPRESENTATION_CONTEXT() REPRESENTATION_CONTEXT('2D SPACE',''
  ) );
#3361 = ORIENTED_EDGE('',*,*,#3362,.T.);
#3362 = EDGE_CURVE('',#3335,#3363,#3365,.T.);
#3363 = VERTEX_POINT('',#3364);
#3364 = CARTESIAN_POINT('',(8.8,6.32,0.845));
#3365 = SURFACE_CURVE('',#3366,(#3370,#3377),.PCURVE_S1.);
#3366 = LINE('',#3367,#3368);
#3367 = CARTESIAN_POINT('',(8.8,6.32,-5.E-03));
#3368 = VECTOR('',#3369,1.);
#3369 = DIRECTION('',(0.,0.,1.));
#3370 = PCURVE('',#3310,#3371);
#3371 = DEFINITIONAL_REPRESENTATION('',(#3372),#3376);
#3372 = LINE('',#3373,#3374);
#3373 = CARTESIAN_POINT('',(0.,-0.9));
#3374 = VECTOR('',#3375,1.);
#3375 = DIRECTION('',(1.,0.));
#3376 = ( GEOMETRIC_REPRESENTATION_CONTEXT(2) 
PARAMETRIC_REPRESENTATION_CONTEXT() REPRESENTATION_CONTEXT('2D SPACE',''
  ) );
#3377 = PCURVE('',#3378,#3383);
#3378 = PLANE('',#3379);
#3379 = AXIS2_PLACEMENT_3D('',#3380,#3381,#3382);
#3380 = CARTESIAN_POINT('',(8.8,6.32,-5.E-03));
#3381 = DIRECTION('',(0.,1.,0.));
#3382 = DIRECTION('',(0.,0.,1.));
#3383 = DEFINITIONAL_REPRESENTATION('',(#3384),#3388);
#3384 = LINE('',#3385,#3386);
#3385 = CARTESIAN_POINT('',(0.,0.));
#3386 = VECTOR('',#3387,1.);
#3387 = DIRECTION('',(1.,0.));
#3388 = ( GEOMETRIC_REPRESENTATION_CONTEXT(2) 
PARAMETRIC_REPRESENTATION_CONTEXT() REPRESENTATION_CONTEXT('2D SPACE',''
  ) );
#3389 = ORIENTED_EDGE('',*,*,#3390,.F.);
#3390 = EDGE_CURVE('',#3302,#3363,#3391,.T.);
#3391 = SURFACE_CURVE('',#3392,(#3396,#3403),.PCURVE_S1.);
#3392 = LINE('',#3393,#3394);
#3393 = CARTESIAN_POINT('',(8.8,5.42,0.845));
#3394 = VECTOR('',#3395,1.);
#3395 = DIRECTION('',(0.,1.,0.));
#3396 = PCURVE('',#3310,#3397);
#3397 = DEFINITIONAL_REPRESENTATION('',(#3398),#3402);
#3398 = LINE('',#3399,#3400);
#3399 = CARTESIAN_POINT('',(0.85,0.));
#3400 = VECTOR('',#3401,1.);
#3401 = DIRECTION('',(0.,-1.));
#3402 = ( GEOMETRIC_REPRESENTATION_CONTEXT(2) 
PARAMETRIC_REPRESENTATION_CONTEXT() REPRESENTATION_CONTEXT('2D SPACE',''
  ) );
#3403 = PCURVE('',#3404,#3409);
#3404 = PLANE('',#3405);
#3405 = AXIS2_PLACEMENT_3D('',#3406,#3407,#3408);
#3406 = CARTESIAN_POINT('',(8.8,5.42,0.845));
#3407 = DIRECTION('',(0.,0.,1.));
#3408 = DIRECTION('',(1.,0.,0.));
#3409 = DEFINITIONAL_REPRESENTATION('',(#3410),#3414);
#3410 = LINE('',#3411,#3412);
#3411 = CARTESIAN_POINT('',(0.,0.));
#3412 = VECTOR('',#3413,1.);
#3413 = DIRECTION('',(0.,1.));
#3414 = ( GEOMETRIC_REPRESENTATION_CONTEXT(2) 
PARAMETRIC_REPRESENTATION_CONTEXT() REPRESENTATION_CONTEXT('2D SPACE',''
  ) );
#3415 = ADVANCED_FACE('',(#3416),#3430,.T.);
#3416 = FACE_BOUND('',#3417,.T.);
#3417 = EDGE_LOOP('',(#3418,#3448,#3471,#3494));
#3418 = ORIENTED_EDGE('',*,*,#3419,.F.);
#3419 = EDGE_CURVE('',#3420,#3422,#3424,.T.);
#3420 = VERTEX_POINT('',#3421);
#3421 = CARTESIAN_POINT('',(9.1,5.42,-5.E-03));
#3422 = VERTEX_POINT('',#3423);
#3423 = CARTESIAN_POINT('',(9.1,5.42,0.845));
#3424 = SURFACE_CURVE('',#3425,(#3429,#3441),.PCURVE_S1.);
#3425 = LINE('',#3426,#3427);
#3426 = CARTESIAN_POINT('',(9.1,5.42,-5.E-03));
#3427 = VECTOR('',#3428,1.);
#3428 = DIRECTION('',(0.,0.,1.));
#3429 = PCURVE('',#3430,#3435);
#3430 = PLANE('',#3431);
#3431 = AXIS2_PLACEMENT_3D('',#3432,#3433,#3434);
#3432 = CARTESIAN_POINT('',(9.1,5.42,-5.E-03));
#3433 = DIRECTION('',(1.,0.,0.));
#3434 = DIRECTION('',(0.,0.,1.));
#3435 = DEFINITIONAL_REPRESENTATION('',(#3436),#3440);
#3436 = LINE('',#3437,#3438);
#3437 = CARTESIAN_POINT('',(0.,0.));
#3438 = VECTOR('',#3439,1.);
#3439 = DIRECTION('',(1.,0.));
#3440 = ( GEOMETRIC_REPRESENTATION_CONTEXT(2) 
PARAMETRIC_REPRESENTATION_CONTEXT() REPRESENTATION_CONTEXT('2D SPACE',''
  ) );
#3441 = PCURVE('',#3322,#3442);
#3442 = DEFINITIONAL_REPRESENTATION('',(#3443),#3447);
#3443 = LINE('',#3444,#3445);
#3444 = CARTESIAN_POINT('',(0.,0.3));
#3445 = VECTOR('',#3446,1.);
#3446 = DIRECTION('',(1.,0.));
#3447 = ( GEOMETRIC_REPRESENTATION_CONTEXT(2) 
PARAMETRIC_REPRESENTATION_CONTEXT() REPRESENTATION_CONTEXT('2D SPACE',''
  ) );
#3448 = ORIENTED_EDGE('',*,*,#3449,.T.);
#3449 = EDGE_CURVE('',#3420,#3450,#3452,.T.);
#3450 = VERTEX_POINT('',#3451);
#3451 = CARTESIAN_POINT('',(9.1,6.32,-5.E-03));
#3452 = SURFACE_CURVE('',#3453,(#3457,#3464),.PCURVE_S1.);
#3453 = LINE('',#3454,#3455);
#3454 = CARTESIAN_POINT('',(9.1,5.42,-5.E-03));
#3455 = VECTOR('',#3456,1.);
#3456 = DIRECTION('',(0.,1.,0.));
#3457 = PCURVE('',#3430,#3458);
#3458 = DEFINITIONAL_REPRESENTATION('',(#3459),#3463);
#3459 = LINE('',#3460,#3461);
#3460 = CARTESIAN_POINT('',(0.,0.));
#3461 = VECTOR('',#3462,1.);
#3462 = DIRECTION('',(0.,-1.));
#3463 = ( GEOMETRIC_REPRESENTATION_CONTEXT(2) 
PARAMETRIC_REPRESENTATION_CONTEXT() REPRESENTATION_CONTEXT('2D SPACE',''
  ) );
#3464 = PCURVE('',#3350,#3465);
#3465 = DEFINITIONAL_REPRESENTATION('',(#3466),#3470);
#3466 = LINE('',#3467,#3468);
#3467 = CARTESIAN_POINT('',(0.3,0.));
#3468 = VECTOR('',#3469,1.);
#3469 = DIRECTION('',(0.,1.));
#3470 = ( GEOMETRIC_REPRESENTATION_CONTEXT(2) 
PARAMETRIC_REPRESENTATION_CONTEXT() REPRESENTATION_CONTEXT('2D SPACE',''
  ) );
#3471 = ORIENTED_EDGE('',*,*,#3472,.T.);
#3472 = EDGE_CURVE('',#3450,#3473,#3475,.T.);
#3473 = VERTEX_POINT('',#3474);
#3474 = CARTESIAN_POINT('',(9.1,6.32,0.845));
#3475 = SURFACE_CURVE('',#3476,(#3480,#3487),.PCURVE_S1.);
#3476 = LINE('',#3477,#3478);
#3477 = CARTESIAN_POINT('',(9.1,6.32,-5.E-03));
#3478 = VECTOR('',#3479,1.);
#3479 = DIRECTION('',(0.,0.,1.));
#3480 = PCURVE('',#3430,#3481);
#3481 = DEFINITIONAL_REPRESENTATION('',(#3482),#3486);
#3482 = LINE('',#3483,#3484);
#3483 = CARTESIAN_POINT('',(0.,-0.9));
#3484 = VECTOR('',#3485,1.);
#3485 = DIRECTION('',(1.,0.));
#3486 = ( GEOMETRIC_REPRESENTATION_CONTEXT(2) 
PARAMETRIC_REPRESENTATION_CONTEXT() REPRESENTATION_CONTEXT('2D SPACE',''
  ) );
#3487 = PCURVE('',#3378,#3488);
#3488 = DEFINITIONAL_REPRESENTATION('',(#3489),#3493);
#3489 = LINE('',#3490,#3491);
#3490 = CARTESIAN_POINT('',(0.,0.3));
#3491 = VECTOR('',#3492,1.);
#3492 = DIRECTION('',(1.,0.));
#3493 = ( GEOMETRIC_REPRESENTATION_CONTEXT(2) 
PARAMETRIC_REPRESENTATION_CONTEXT() REPRESENTATION_CONTEXT('2D SPACE',''
  ) );
#3494 = ORIENTED_EDGE('',*,*,#3495,.F.);
#3495 = EDGE_CURVE('',#3422,#3473,#3496,.T.);
#3496 = SURFACE_CURVE('',#3497,(#3501,#3508),.PCURVE_S1.);
#3497 = LINE('',#3498,#3499);
#3498 = CARTESIAN_POINT('',(9.1,5.42,0.845));
#3499 = VECTOR('',#3500,1.);
#3500 = DIRECTION('',(0.,1.,0.));
#3501 = PCURVE('',#3430,#3502);
#3502 = DEFINITIONAL_REPRESENTATION('',(#3503),#3507);
#3503 = LINE('',#3504,#3505);
#3504 = CARTESIAN_POINT('',(0.85,0.));
#3505 = VECTOR('',#3506,1.);
#3506 = DIRECTION('',(0.,-1.));
#3507 = ( GEOMETRIC_REPRESENTATION_CONTEXT(2) 
PARAMETRIC_REPRESENTATION_CONTEXT() REPRESENTATION_CONTEXT('2D SPACE',''
  ) );
#3508 = PCURVE('',#3404,#3509);
#3509 = DEFINITIONAL_REPRESENTATION('',(#3510),#3514);
#3510 = LINE('',#3511,#3512);
#3511 = CARTESIAN_POINT('',(0.3,0.));
#3512 = VECTOR('',#3513,1.);
#3513 = DIRECTION('',(0.,1.));
#3514 = ( GEOMETRIC_REPRESENTATION_CONTEXT(2) 
PARAMETRIC_REPRESENTATION_CONTEXT() REPRESENTATION_CONTEXT('2D SPACE',''
  ) );
#3515 = ADVANCED_FACE('',(#3516),#3322,.F.);
#3516 = FACE_BOUND('',#3517,.F.);
#3517 = EDGE_LOOP('',(#3518,#3539,#3540,#3561));
#3518 = ORIENTED_EDGE('',*,*,#3519,.F.);
#3519 = EDGE_CURVE('',#3300,#3420,#3520,.T.);
#3520 = SURFACE_CURVE('',#3521,(#3525,#3532),.PCURVE_S1.);
#3521 = LINE('',#3522,#3523);
#3522 = CARTESIAN_POINT('',(8.8,5.42,-5.E-03));
#3523 = VECTOR('',#3524,1.);
#3524 = DIRECTION('',(1.,0.,0.));
#3525 = PCURVE('',#3322,#3526);
#3526 = DEFINITIONAL_REPRESENTATION('',(#3527),#3531);
#3527 = LINE('',#3528,#3529);
#3528 = CARTESIAN_POINT('',(0.,0.));
#3529 = VECTOR('',#3530,1.);
#3530 = DIRECTION('',(0.,1.));
#3531 = ( GEOMETRIC_REPRESENTATION_CONTEXT(2) 
PARAMETRIC_REPRESENTATION_CONTEXT() REPRESENTATION_CONTEXT('2D SPACE',''
  ) );
#3532 = PCURVE('',#3350,#3533);
#3533 = DEFINITIONAL_REPRESENTATION('',(#3534),#3538);
#3534 = LINE('',#3535,#3536);
#3535 = CARTESIAN_POINT('',(0.,0.));
#3536 = VECTOR('',#3537,1.);
#3537 = DIRECTION('',(1.,0.));
#3538 = ( GEOMETRIC_REPRESENTATION_CONTEXT(2) 
PARAMETRIC_REPRESENTATION_CONTEXT() REPRESENTATION_CONTEXT('2D SPACE',''
  ) );
#3539 = ORIENTED_EDGE('',*,*,#3299,.T.);
#3540 = ORIENTED_EDGE('',*,*,#3541,.T.);
#3541 = EDGE_CURVE('',#3302,#3422,#3542,.T.);
#3542 = SURFACE_CURVE('',#3543,(#3547,#3554),.PCURVE_S1.);
#3543 = LINE('',#3544,#3545);
#3544 = CARTESIAN_POINT('',(8.8,5.42,0.845));
#3545 = VECTOR('',#3546,1.);
#3546 = DIRECTION('',(1.,0.,0.));
#3547 = PCURVE('',#3322,#3548);
#3548 = DEFINITIONAL_REPRESENTATION('',(#3549),#3553);
#3549 = LINE('',#3550,#3551);
#3550 = CARTESIAN_POINT('',(0.85,0.));
#3551 = VECTOR('',#3552,1.);
#3552 = DIRECTION('',(0.,1.));
#3553 = ( GEOMETRIC_REPRESENTATION_CONTEXT(2) 
PARAMETRIC_REPRESENTATION_CONTEXT() REPRESENTATION_CONTEXT('2D SPACE',''
  ) );
#3554 = PCURVE('',#3404,#3555);
#3555 = DEFINITIONAL_REPRESENTATION('',(#3556),#3560);
#3556 = LINE('',#3557,#3558);
#3557 = CARTESIAN_POINT('',(0.,0.));
#3558 = VECTOR('',#3559,1.);
#3559 = DIRECTION('',(1.,0.));
#3560 = ( GEOMETRIC_REPRESENTATION_CONTEXT(2) 
PARAMETRIC_REPRESENTATION_CONTEXT() REPRESENTATION_CONTEXT('2D SPACE',''
  ) );
#3561 = ORIENTED_EDGE('',*,*,#3419,.F.);
#3562 = ADVANCED_FACE('',(#3563),#3378,.T.);
#3563 = FACE_BOUND('',#3564,.T.);
#3564 = EDGE_LOOP('',(#3565,#3586,#3587,#3608));
#3565 = ORIENTED_EDGE('',*,*,#3566,.F.);
#3566 = EDGE_CURVE('',#3335,#3450,#3567,.T.);
#3567 = SURFACE_CURVE('',#3568,(#3572,#3579),.PCURVE_S1.);
#3568 = LINE('',#3569,#3570);
#3569 = CARTESIAN_POINT('',(8.8,6.32,-5.E-03));
#3570 = VECTOR('',#3571,1.);
#3571 = DIRECTION('',(1.,0.,0.));
#3572 = PCURVE('',#3378,#3573);
#3573 = DEFINITIONAL_REPRESENTATION('',(#3574),#3578);
#3574 = LINE('',#3575,#3576);
#3575 = CARTESIAN_POINT('',(0.,0.));
#3576 = VECTOR('',#3577,1.);
#3577 = DIRECTION('',(0.,1.));
#3578 = ( GEOMETRIC_REPRESENTATION_CONTEXT(2) 
PARAMETRIC_REPRESENTATION_CONTEXT() REPRESENTATION_CONTEXT('2D SPACE',''
  ) );
#3579 = PCURVE('',#3350,#3580);
#3580 = DEFINITIONAL_REPRESENTATION('',(#3581),#3585);
#3581 = LINE('',#3582,#3583);
#3582 = CARTESIAN_POINT('',(0.,0.9));
#3583 = VECTOR('',#3584,1.);
#3584 = DIRECTION('',(1.,0.));
#3585 = ( GEOMETRIC_REPRESENTATION_CONTEXT(2) 
PARAMETRIC_REPRESENTATION_CONTEXT() REPRESENTATION_CONTEXT('2D SPACE',''
  ) );
#3586 = ORIENTED_EDGE('',*,*,#3362,.T.);
#3587 = ORIENTED_EDGE('',*,*,#3588,.T.);
#3588 = EDGE_CURVE('',#3363,#3473,#3589,.T.);
#3589 = SURFACE_CURVE('',#3590,(#3594,#3601),.PCURVE_S1.);
#3590 = LINE('',#3591,#3592);
#3591 = CARTESIAN_POINT('',(8.8,6.32,0.845));
#3592 = VECTOR('',#3593,1.);
#3593 = DIRECTION('',(1.,0.,0.));
#3594 = PCURVE('',#3378,#3595);
#3595 = DEFINITIONAL_REPRESENTATION('',(#3596),#3600);
#3596 = LINE('',#3597,#3598);
#3597 = CARTESIAN_POINT('',(0.85,0.));
#3598 = VECTOR('',#3599,1.);
#3599 = DIRECTION('',(0.,1.));
#3600 = ( GEOMETRIC_REPRESENTATION_CONTEXT(2) 
PARAMETRIC_REPRESENTATION_CONTEXT() REPRESENTATION_CONTEXT('2D SPACE',''
  ) );
#3601 = PCURVE('',#3404,#3602);
#3602 = DEFINITIONAL_REPRESENTATION('',(#3603),#3607);
#3603 = LINE('',#3604,#3605);
#3604 = CARTESIAN_POINT('',(0.,0.9));
#3605 = VECTOR('',#3606,1.);
#3606 = DIRECTION('',(1.,0.));
#3607 = ( GEOMETRIC_REPRESENTATION_CONTEXT(2) 
PARAMETRIC_REPRESENTATION_CONTEXT() REPRESENTATION_CONTEXT('2D SPACE',''
  ) );
#3608 = ORIENTED_EDGE('',*,*,#3472,.F.);
#3609 = ADVANCED_FACE('',(#3610),#3350,.F.);
#3610 = FACE_BOUND('',#3611,.F.);
#3611 = EDGE_LOOP('',(#3612,#3613,#3614,#3615));
#3612 = ORIENTED_EDGE('',*,*,#3334,.F.);
#3613 = ORIENTED_EDGE('',*,*,#3519,.T.);
#3614 = ORIENTED_EDGE('',*,*,#3449,.T.);
#3615 = ORIENTED_EDGE('',*,*,#3566,.F.);
#3616 = ADVANCED_FACE('',(#3617),#3404,.T.);
#3617 = FACE_BOUND('',#3618,.T.);
#3618 = EDGE_LOOP('',(#3619,#3620,#3621,#3622));
#3619 = ORIENTED_EDGE('',*,*,#3390,.F.);
#3620 = ORIENTED_EDGE('',*,*,#3541,.T.);
#3621 = ORIENTED_EDGE('',*,*,#3495,.T.);
#3622 = ORIENTED_EDGE('',*,*,#3588,.F.);
#3623 = MANIFOLD_SOLID_BREP('',#3624);
#3624 = CLOSED_SHELL('',(#3625,#3745,#3845,#3892,#3939,#3946));
#3625 = ADVANCED_FACE('',(#3626),#3640,.F.);
#3626 = FACE_BOUND('',#3627,.F.);
#3627 = EDGE_LOOP('',(#3628,#3663,#3691,#3719));
#3628 = ORIENTED_EDGE('',*,*,#3629,.F.);
#3629 = EDGE_CURVE('',#3630,#3632,#3634,.T.);
#3630 = VERTEX_POINT('',#3631);
#3631 = CARTESIAN_POINT('',(-9.1,4.15,-5.E-03));
#3632 = VERTEX_POINT('',#3633);
#3633 = CARTESIAN_POINT('',(-9.1,4.15,0.845));
#3634 = SURFACE_CURVE('',#3635,(#3639,#3651),.PCURVE_S1.);
#3635 = LINE('',#3636,#3637);
#3636 = CARTESIAN_POINT('',(-9.1,4.15,-5.E-03));
#3637 = VECTOR('',#3638,1.);
#3638 = DIRECTION('',(0.,0.,1.));
#3639 = PCURVE('',#3640,#3645);
#3640 = PLANE('',#3641);
#3641 = AXIS2_PLACEMENT_3D('',#3642,#3643,#3644);
#3642 = CARTESIAN_POINT('',(-9.1,4.15,-5.E-03));
#3643 = DIRECTION('',(1.,0.,0.));
#3644 = DIRECTION('',(0.,0.,1.));
#3645 = DEFINITIONAL_REPRESENTATION('',(#3646),#3650);
#3646 = LINE('',#3647,#3648);
#3647 = CARTESIAN_POINT('',(0.,0.));
#3648 = VECTOR('',#3649,1.);
#3649 = DIRECTION('',(1.,0.));
#3650 = ( GEOMETRIC_REPRESENTATION_CONTEXT(2) 
PARAMETRIC_REPRESENTATION_CONTEXT() REPRESENTATION_CONTEXT('2D SPACE',''
  ) );
#3651 = PCURVE('',#3652,#3657);
#3652 = PLANE('',#3653);
#3653 = AXIS2_PLACEMENT_3D('',#3654,#3655,#3656);
#3654 = CARTESIAN_POINT('',(-9.1,4.15,-5.E-03));
#3655 = DIRECTION('',(0.,1.,0.));
#3656 = DIRECTION('',(0.,0.,1.));
#3657 = DEFINITIONAL_REPRESENTATION('',(#3658),#3662);
#3658 = LINE('',#3659,#3660);
#3659 = CARTESIAN_POINT('',(0.,0.));
#3660 = VECTOR('',#3661,1.);
#3661 = DIRECTION('',(1.,0.));
#3662 = ( GEOMETRIC_REPRESENTATION_CONTEXT(2) 
PARAMETRIC_REPRESENTATION_CONTEXT() REPRESENTATION_CONTEXT('2D SPACE',''
  ) );
#3663 = ORIENTED_EDGE('',*,*,#3664,.T.);
#3664 = EDGE_CURVE('',#3630,#3665,#3667,.T.);
#3665 = VERTEX_POINT('',#3666);
#3666 = CARTESIAN_POINT('',(-9.1,5.05,-5.E-03));
#3667 = SURFACE_CURVE('',#3668,(#3672,#3679),.PCURVE_S1.);
#3668 = LINE('',#3669,#3670);
#3669 = CARTESIAN_POINT('',(-9.1,4.15,-5.E-03));
#3670 = VECTOR('',#3671,1.);
#3671 = DIRECTION('',(0.,1.,0.));
#3672 = PCURVE('',#3640,#3673);
#3673 = DEFINITIONAL_REPRESENTATION('',(#3674),#3678);
#3674 = LINE('',#3675,#3676);
#3675 = CARTESIAN_POINT('',(0.,0.));
#3676 = VECTOR('',#3677,1.);
#3677 = DIRECTION('',(0.,-1.));
#3678 = ( GEOMETRIC_REPRESENTATION_CONTEXT(2) 
PARAMETRIC_REPRESENTATION_CONTEXT() REPRESENTATION_CONTEXT('2D SPACE',''
  ) );
#3679 = PCURVE('',#3680,#3685);
#3680 = PLANE('',#3681);
#3681 = AXIS2_PLACEMENT_3D('',#3682,#3683,#3684);
#3682 = CARTESIAN_POINT('',(-9.1,4.15,-5.E-03));
#3683 = DIRECTION('',(0.,0.,1.));
#3684 = DIRECTION('',(1.,0.,0.));
#3685 = DEFINITIONAL_REPRESENTATION('',(#3686),#3690);
#3686 = LINE('',#3687,#3688);
#3687 = CARTESIAN_POINT('',(0.,0.));
#3688 = VECTOR('',#3689,1.);
#3689 = DIRECTION('',(0.,1.));
#3690 = ( GEOMETRIC_REPRESENTATION_CONTEXT(2) 
PARAMETRIC_REPRESENTATION_CONTEXT() REPRESENTATION_CONTEXT('2D SPACE',''
  ) );
#3691 = ORIENTED_EDGE('',*,*,#3692,.T.);
#3692 = EDGE_CURVE('',#3665,#3693,#3695,.T.);
#3693 = VERTEX_POINT('',#3694);
#3694 = CARTESIAN_POINT('',(-9.1,5.05,0.845));
#3695 = SURFACE_CURVE('',#3696,(#3700,#3707),.PCURVE_S1.);
#3696 = LINE('',#3697,#3698);
#3697 = CARTESIAN_POINT('',(-9.1,5.05,-5.E-03));
#3698 = VECTOR('',#3699,1.);
#3699 = DIRECTION('',(0.,0.,1.));
#3700 = PCURVE('',#3640,#3701);
#3701 = DEFINITIONAL_REPRESENTATION('',(#3702),#3706);
#3702 = LINE('',#3703,#3704);
#3703 = CARTESIAN_POINT('',(0.,-0.9));
#3704 = VECTOR('',#3705,1.);
#3705 = DIRECTION('',(1.,0.));
#3706 = ( GEOMETRIC_REPRESENTATION_CONTEXT(2) 
PARAMETRIC_REPRESENTATION_CONTEXT() REPRESENTATION_CONTEXT('2D SPACE',''
  ) );
#3707 = PCURVE('',#3708,#3713);
#3708 = PLANE('',#3709);
#3709 = AXIS2_PLACEMENT_3D('',#3710,#3711,#3712);
#3710 = CARTESIAN_POINT('',(-9.1,5.05,-5.E-03));
#3711 = DIRECTION('',(0.,1.,0.));
#3712 = DIRECTION('',(0.,0.,1.));
#3713 = DEFINITIONAL_REPRESENTATION('',(#3714),#3718);
#3714 = LINE('',#3715,#3716);
#3715 = CARTESIAN_POINT('',(0.,0.));
#3716 = VECTOR('',#3717,1.);
#3717 = DIRECTION('',(1.,0.));
#3718 = ( GEOMETRIC_REPRESENTATION_CONTEXT(2) 
PARAMETRIC_REPRESENTATION_CONTEXT() REPRESENTATION_CONTEXT('2D SPACE',''
  ) );
#3719 = ORIENTED_EDGE('',*,*,#3720,.F.);
#3720 = EDGE_CURVE('',#3632,#3693,#3721,.T.);
#3721 = SURFACE_CURVE('',#3722,(#3726,#3733),.PCURVE_S1.);
#3722 = LINE('',#3723,#3724);
#3723 = CARTESIAN_POINT('',(-9.1,4.15,0.845));
#3724 = VECTOR('',#3725,1.);
#3725 = DIRECTION('',(0.,1.,0.));
#3726 = PCURVE('',#3640,#3727);
#3727 = DEFINITIONAL_REPRESENTATION('',(#3728),#3732);
#3728 = LINE('',#3729,#3730);
#3729 = CARTESIAN_POINT('',(0.85,0.));
#3730 = VECTOR('',#3731,1.);
#3731 = DIRECTION('',(0.,-1.));
#3732 = ( GEOMETRIC_REPRESENTATION_CONTEXT(2) 
PARAMETRIC_REPRESENTATION_CONTEXT() REPRESENTATION_CONTEXT('2D SPACE',''
  ) );
#3733 = PCURVE('',#3734,#3739);
#3734 = PLANE('',#3735);
#3735 = AXIS2_PLACEMENT_3D('',#3736,#3737,#3738);
#3736 = CARTESIAN_POINT('',(-9.1,4.15,0.845));
#3737 = DIRECTION('',(0.,0.,1.));
#3738 = DIRECTION('',(1.,0.,0.));
#3739 = DEFINITIONAL_REPRESENTATION('',(#3740),#3744);
#3740 = LINE('',#3741,#3742);
#3741 = CARTESIAN_POINT('',(0.,0.));
#3742 = VECTOR('',#3743,1.);
#3743 = DIRECTION('',(0.,1.));
#3744 = ( GEOMETRIC_REPRESENTATION_CONTEXT(2) 
PARAMETRIC_REPRESENTATION_CONTEXT() REPRESENTATION_CONTEXT('2D SPACE',''
  ) );
#3745 = ADVANCED_FACE('',(#3746),#3760,.T.);
#3746 = FACE_BOUND('',#3747,.T.);
#3747 = EDGE_LOOP('',(#3748,#3778,#3801,#3824));
#3748 = ORIENTED_EDGE('',*,*,#3749,.F.);
#3749 = EDGE_CURVE('',#3750,#3752,#3754,.T.);
#3750 = VERTEX_POINT('',#3751);
#3751 = CARTESIAN_POINT('',(-8.8,4.15,-5.E-03));
#3752 = VERTEX_POINT('',#3753);
#3753 = CARTESIAN_POINT('',(-8.8,4.15,0.845));
#3754 = SURFACE_CURVE('',#3755,(#3759,#3771),.PCURVE_S1.);
#3755 = LINE('',#3756,#3757);
#3756 = CARTESIAN_POINT('',(-8.8,4.15,-5.E-03));
#3757 = VECTOR('',#3758,1.);
#3758 = DIRECTION('',(0.,0.,1.));
#3759 = PCURVE('',#3760,#3765);
#3760 = PLANE('',#3761);
#3761 = AXIS2_PLACEMENT_3D('',#3762,#3763,#3764);
#3762 = CARTESIAN_POINT('',(-8.8,4.15,-5.E-03));
#3763 = DIRECTION('',(1.,0.,0.));
#3764 = DIRECTION('',(0.,0.,1.));
#3765 = DEFINITIONAL_REPRESENTATION('',(#3766),#3770);
#3766 = LINE('',#3767,#3768);
#3767 = CARTESIAN_POINT('',(0.,0.));
#3768 = VECTOR('',#3769,1.);
#3769 = DIRECTION('',(1.,0.));
#3770 = ( GEOMETRIC_REPRESENTATION_CONTEXT(2) 
PARAMETRIC_REPRESENTATION_CONTEXT() REPRESENTATION_CONTEXT('2D SPACE',''
  ) );
#3771 = PCURVE('',#3652,#3772);
#3772 = DEFINITIONAL_REPRESENTATION('',(#3773),#3777);
#3773 = LINE('',#3774,#3775);
#3774 = CARTESIAN_POINT('',(0.,0.3));
#3775 = VECTOR('',#3776,1.);
#3776 = DIRECTION('',(1.,0.));
#3777 = ( GEOMETRIC_REPRESENTATION_CONTEXT(2) 
PARAMETRIC_REPRESENTATION_CONTEXT() REPRESENTATION_CONTEXT('2D SPACE',''
  ) );
#3778 = ORIENTED_EDGE('',*,*,#3779,.T.);
#3779 = EDGE_CURVE('',#3750,#3780,#3782,.T.);
#3780 = VERTEX_POINT('',#3781);
#3781 = CARTESIAN_POINT('',(-8.8,5.05,-5.E-03));
#3782 = SURFACE_CURVE('',#3783,(#3787,#3794),.PCURVE_S1.);
#3783 = LINE('',#3784,#3785);
#3784 = CARTESIAN_POINT('',(-8.8,4.15,-5.E-03));
#3785 = VECTOR('',#3786,1.);
#3786 = DIRECTION('',(0.,1.,0.));
#3787 = PCURVE('',#3760,#3788);
#3788 = DEFINITIONAL_REPRESENTATION('',(#3789),#3793);
#3789 = LINE('',#3790,#3791);
#3790 = CARTESIAN_POINT('',(0.,0.));
#3791 = VECTOR('',#3792,1.);
#3792 = DIRECTION('',(0.,-1.));
#3793 = ( GEOMETRIC_REPRESENTATION_CONTEXT(2) 
PARAMETRIC_REPRESENTATION_CONTEXT() REPRESENTATION_CONTEXT('2D SPACE',''
  ) );
#3794 = PCURVE('',#3680,#3795);
#3795 = DEFINITIONAL_REPRESENTATION('',(#3796),#3800);
#3796 = LINE('',#3797,#3798);
#3797 = CARTESIAN_POINT('',(0.3,0.));
#3798 = VECTOR('',#3799,1.);
#3799 = DIRECTION('',(0.,1.));
#3800 = ( GEOMETRIC_REPRESENTATION_CONTEXT(2) 
PARAMETRIC_REPRESENTATION_CONTEXT() REPRESENTATION_CONTEXT('2D SPACE',''
  ) );
#3801 = ORIENTED_EDGE('',*,*,#3802,.T.);
#3802 = EDGE_CURVE('',#3780,#3803,#3805,.T.);
#3803 = VERTEX_POINT('',#3804);
#3804 = CARTESIAN_POINT('',(-8.8,5.05,0.845));
#3805 = SURFACE_CURVE('',#3806,(#3810,#3817),.PCURVE_S1.);
#3806 = LINE('',#3807,#3808);
#3807 = CARTESIAN_POINT('',(-8.8,5.05,-5.E-03));
#3808 = VECTOR('',#3809,1.);
#3809 = DIRECTION('',(0.,0.,1.));
#3810 = PCURVE('',#3760,#3811);
#3811 = DEFINITIONAL_REPRESENTATION('',(#3812),#3816);
#3812 = LINE('',#3813,#3814);
#3813 = CARTESIAN_POINT('',(0.,-0.9));
#3814 = VECTOR('',#3815,1.);
#3815 = DIRECTION('',(1.,0.));
#3816 = ( GEOMETRIC_REPRESENTATION_CONTEXT(2) 
PARAMETRIC_REPRESENTATION_CONTEXT() REPRESENTATION_CONTEXT('2D SPACE',''
  ) );
#3817 = PCURVE('',#3708,#3818);
#3818 = DEFINITIONAL_REPRESENTATION('',(#3819),#3823);
#3819 = LINE('',#3820,#3821);
#3820 = CARTESIAN_POINT('',(0.,0.3));
#3821 = VECTOR('',#3822,1.);
#3822 = DIRECTION('',(1.,0.));
#3823 = ( GEOMETRIC_REPRESENTATION_CONTEXT(2) 
PARAMETRIC_REPRESENTATION_CONTEXT() REPRESENTATION_CONTEXT('2D SPACE',''
  ) );
#3824 = ORIENTED_EDGE('',*,*,#3825,.F.);
#3825 = EDGE_CURVE('',#3752,#3803,#3826,.T.);
#3826 = SURFACE_CURVE('',#3827,(#3831,#3838),.PCURVE_S1.);
#3827 = LINE('',#3828,#3829);
#3828 = CARTESIAN_POINT('',(-8.8,4.15,0.845));
#3829 = VECTOR('',#3830,1.);
#3830 = DIRECTION('',(0.,1.,0.));
#3831 = PCURVE('',#3760,#3832);
#3832 = DEFINITIONAL_REPRESENTATION('',(#3833),#3837);
#3833 = LINE('',#3834,#3835);
#3834 = CARTESIAN_POINT('',(0.85,0.));
#3835 = VECTOR('',#3836,1.);
#3836 = DIRECTION('',(0.,-1.));
#3837 = ( GEOMETRIC_REPRESENTATION_CONTEXT(2) 
PARAMETRIC_REPRESENTATION_CONTEXT() REPRESENTATION_CONTEXT('2D SPACE',''
  ) );
#3838 = PCURVE('',#3734,#3839);
#3839 = DEFINITIONAL_REPRESENTATION('',(#3840),#3844);
#3840 = LINE('',#3841,#3842);
#3841 = CARTESIAN_POINT('',(0.3,0.));
#3842 = VECTOR('',#3843,1.);
#3843 = DIRECTION('',(0.,1.));
#3844 = ( GEOMETRIC_REPRESENTATION_CONTEXT(2) 
PARAMETRIC_REPRESENTATION_CONTEXT() REPRESENTATION_CONTEXT('2D SPACE',''
  ) );
#3845 = ADVANCED_FACE('',(#3846),#3652,.F.);
#3846 = FACE_BOUND('',#3847,.F.);
#3847 = EDGE_LOOP('',(#3848,#3869,#3870,#3891));
#3848 = ORIENTED_EDGE('',*,*,#3849,.F.);
#3849 = EDGE_CURVE('',#3630,#3750,#3850,.T.);
#3850 = SURFACE_CURVE('',#3851,(#3855,#3862),.PCURVE_S1.);
#3851 = LINE('',#3852,#3853);
#3852 = CARTESIAN_POINT('',(-9.1,4.15,-5.E-03));
#3853 = VECTOR('',#3854,1.);
#3854 = DIRECTION('',(1.,0.,0.));
#3855 = PCURVE('',#3652,#3856);
#3856 = DEFINITIONAL_REPRESENTATION('',(#3857),#3861);
#3857 = LINE('',#3858,#3859);
#3858 = CARTESIAN_POINT('',(0.,0.));
#3859 = VECTOR('',#3860,1.);
#3860 = DIRECTION('',(0.,1.));
#3861 = ( GEOMETRIC_REPRESENTATION_CONTEXT(2) 
PARAMETRIC_REPRESENTATION_CONTEXT() REPRESENTATION_CONTEXT('2D SPACE',''
  ) );
#3862 = PCURVE('',#3680,#3863);
#3863 = DEFINITIONAL_REPRESENTATION('',(#3864),#3868);
#3864 = LINE('',#3865,#3866);
#3865 = CARTESIAN_POINT('',(0.,0.));
#3866 = VECTOR('',#3867,1.);
#3867 = DIRECTION('',(1.,0.));
#3868 = ( GEOMETRIC_REPRESENTATION_CONTEXT(2) 
PARAMETRIC_REPRESENTATION_CONTEXT() REPRESENTATION_CONTEXT('2D SPACE',''
  ) );
#3869 = ORIENTED_EDGE('',*,*,#3629,.T.);
#3870 = ORIENTED_EDGE('',*,*,#3871,.T.);
#3871 = EDGE_CURVE('',#3632,#3752,#3872,.T.);
#3872 = SURFACE_CURVE('',#3873,(#3877,#3884),.PCURVE_S1.);
#3873 = LINE('',#3874,#3875);
#3874 = CARTESIAN_POINT('',(-9.1,4.15,0.845));
#3875 = VECTOR('',#3876,1.);
#3876 = DIRECTION('',(1.,0.,0.));
#3877 = PCURVE('',#3652,#3878);
#3878 = DEFINITIONAL_REPRESENTATION('',(#3879),#3883);
#3879 = LINE('',#3880,#3881);
#3880 = CARTESIAN_POINT('',(0.85,0.));
#3881 = VECTOR('',#3882,1.);
#3882 = DIRECTION('',(0.,1.));
#3883 = ( GEOMETRIC_REPRESENTATION_CONTEXT(2) 
PARAMETRIC_REPRESENTATION_CONTEXT() REPRESENTATION_CONTEXT('2D SPACE',''
  ) );
#3884 = PCURVE('',#3734,#3885);
#3885 = DEFINITIONAL_REPRESENTATION('',(#3886),#3890);
#3886 = LINE('',#3887,#3888);
#3887 = CARTESIAN_POINT('',(0.,0.));
#3888 = VECTOR('',#3889,1.);
#3889 = DIRECTION('',(1.,0.));
#3890 = ( GEOMETRIC_REPRESENTATION_CONTEXT(2) 
PARAMETRIC_REPRESENTATION_CONTEXT() REPRESENTATION_CONTEXT('2D SPACE',''
  ) );
#3891 = ORIENTED_EDGE('',*,*,#3749,.F.);
#3892 = ADVANCED_FACE('',(#3893),#3708,.T.);
#3893 = FACE_BOUND('',#3894,.T.);
#3894 = EDGE_LOOP('',(#3895,#3916,#3917,#3938));
#3895 = ORIENTED_EDGE('',*,*,#3896,.F.);
#3896 = EDGE_CURVE('',#3665,#3780,#3897,.T.);
#3897 = SURFACE_CURVE('',#3898,(#3902,#3909),.PCURVE_S1.);
#3898 = LINE('',#3899,#3900);
#3899 = CARTESIAN_POINT('',(-9.1,5.05,-5.E-03));
#3900 = VECTOR('',#3901,1.);
#3901 = DIRECTION('',(1.,0.,0.));
#3902 = PCURVE('',#3708,#3903);
#3903 = DEFINITIONAL_REPRESENTATION('',(#3904),#3908);
#3904 = LINE('',#3905,#3906);
#3905 = CARTESIAN_POINT('',(0.,0.));
#3906 = VECTOR('',#3907,1.);
#3907 = DIRECTION('',(0.,1.));
#3908 = ( GEOMETRIC_REPRESENTATION_CONTEXT(2) 
PARAMETRIC_REPRESENTATION_CONTEXT() REPRESENTATION_CONTEXT('2D SPACE',''
  ) );
#3909 = PCURVE('',#3680,#3910);
#3910 = DEFINITIONAL_REPRESENTATION('',(#3911),#3915);
#3911 = LINE('',#3912,#3913);
#3912 = CARTESIAN_POINT('',(0.,0.9));
#3913 = VECTOR('',#3914,1.);
#3914 = DIRECTION('',(1.,0.));
#3915 = ( GEOMETRIC_REPRESENTATION_CONTEXT(2) 
PARAMETRIC_REPRESENTATION_CONTEXT() REPRESENTATION_CONTEXT('2D SPACE',''
  ) );
#3916 = ORIENTED_EDGE('',*,*,#3692,.T.);
#3917 = ORIENTED_EDGE('',*,*,#3918,.T.);
#3918 = EDGE_CURVE('',#3693,#3803,#3919,.T.);
#3919 = SURFACE_CURVE('',#3920,(#3924,#3931),.PCURVE_S1.);
#3920 = LINE('',#3921,#3922);
#3921 = CARTESIAN_POINT('',(-9.1,5.05,0.845));
#3922 = VECTOR('',#3923,1.);
#3923 = DIRECTION('',(1.,0.,0.));
#3924 = PCURVE('',#3708,#3925);
#3925 = DEFINITIONAL_REPRESENTATION('',(#3926),#3930);
#3926 = LINE('',#3927,#3928);
#3927 = CARTESIAN_POINT('',(0.85,0.));
#3928 = VECTOR('',#3929,1.);
#3929 = DIRECTION('',(0.,1.));
#3930 = ( GEOMETRIC_REPRESENTATION_CONTEXT(2) 
PARAMETRIC_REPRESENTATION_CONTEXT() REPRESENTATION_CONTEXT('2D SPACE',''
  ) );
#3931 = PCURVE('',#3734,#3932);
#3932 = DEFINITIONAL_REPRESENTATION('',(#3933),#3937);
#3933 = LINE('',#3934,#3935);
#3934 = CARTESIAN_POINT('',(0.,0.9));
#3935 = VECTOR('',#3936,1.);
#3936 = DIRECTION('',(1.,0.));
#3937 = ( GEOMETRIC_REPRESENTATION_CONTEXT(2) 
PARAMETRIC_REPRESENTATION_CONTEXT() REPRESENTATION_CONTEXT('2D SPACE',''
  ) );
#3938 = ORIENTED_EDGE('',*,*,#3802,.F.);
#3939 = ADVANCED_FACE('',(#3940),#3680,.F.);
#3940 = FACE_BOUND('',#3941,.F.);
#3941 = EDGE_LOOP('',(#3942,#3943,#3944,#3945));
#3942 = ORIENTED_EDGE('',*,*,#3664,.F.);
#3943 = ORIENTED_EDGE('',*,*,#3849,.T.);
#3944 = ORIENTED_EDGE('',*,*,#3779,.T.);
#3945 = ORIENTED_EDGE('',*,*,#3896,.F.);
#3946 = ADVANCED_FACE('',(#3947),#3734,.T.);
#3947 = FACE_BOUND('',#3948,.T.);
#3948 = EDGE_LOOP('',(#3949,#3950,#3951,#3952));
#3949 = ORIENTED_EDGE('',*,*,#3720,.F.);
#3950 = ORIENTED_EDGE('',*,*,#3871,.T.);
#3951 = ORIENTED_EDGE('',*,*,#3825,.T.);
#3952 = ORIENTED_EDGE('',*,*,#3918,.F.);
#3953 = MANIFOLD_SOLID_BREP('',#3954);
#3954 = CLOSED_SHELL('',(#3955,#4075,#4175,#4222,#4269,#4276));
#3955 = ADVANCED_FACE('',(#3956),#3970,.F.);
#3956 = FACE_BOUND('',#3957,.F.);
#3957 = EDGE_LOOP('',(#3958,#3993,#4021,#4049));
#3958 = ORIENTED_EDGE('',*,*,#3959,.F.);
#3959 = EDGE_CURVE('',#3960,#3962,#3964,.T.);
#3960 = VERTEX_POINT('',#3961);
#3961 = CARTESIAN_POINT('',(8.8,4.15,-5.E-03));
#3962 = VERTEX_POINT('',#3963);
#3963 = CARTESIAN_POINT('',(8.8,4.15,0.845));
#3964 = SURFACE_CURVE('',#3965,(#3969,#3981),.PCURVE_S1.);
#3965 = LINE('',#3966,#3967);
#3966 = CARTESIAN_POINT('',(8.8,4.15,-5.E-03));
#3967 = VECTOR('',#3968,1.);
#3968 = DIRECTION('',(0.,0.,1.));
#3969 = PCURVE('',#3970,#3975);
#3970 = PLANE('',#3971);
#3971 = AXIS2_PLACEMENT_3D('',#3972,#3973,#3974);
#3972 = CARTESIAN_POINT('',(8.8,4.15,-5.E-03));
#3973 = DIRECTION('',(1.,0.,0.));
#3974 = DIRECTION('',(0.,0.,1.));
#3975 = DEFINITIONAL_REPRESENTATION('',(#3976),#3980);
#3976 = LINE('',#3977,#3978);
#3977 = CARTESIAN_POINT('',(0.,0.));
#3978 = VECTOR('',#3979,1.);
#3979 = DIRECTION('',(1.,0.));
#3980 = ( GEOMETRIC_REPRESENTATION_CONTEXT(2) 
PARAMETRIC_REPRESENTATION_CONTEXT() REPRESENTATION_CONTEXT('2D SPACE',''
  ) );
#3981 = PCURVE('',#3982,#3987);
#3982 = PLANE('',#3983);
#3983 = AXIS2_PLACEMENT_3D('',#3984,#3985,#3986);
#3984 = CARTESIAN_POINT('',(8.8,4.15,-5.E-03));
#3985 = DIRECTION('',(0.,1.,0.));
#3986 = DIRECTION('',(0.,0.,1.));
#3987 = DEFINITIONAL_REPRESENTATION('',(#3988),#3992);
#3988 = LINE('',#3989,#3990);
#3989 = CARTESIAN_POINT('',(0.,0.));
#3990 = VECTOR('',#3991,1.);
#3991 = DIRECTION('',(1.,0.));
#3992 = ( GEOMETRIC_REPRESENTATION_CONTEXT(2) 
PARAMETRIC_REPRESENTATION_CONTEXT() REPRESENTATION_CONTEXT('2D SPACE',''
  ) );
#3993 = ORIENTED_EDGE('',*,*,#3994,.T.);
#3994 = EDGE_CURVE('',#3960,#3995,#3997,.T.);
#3995 = VERTEX_POINT('',#3996);
#3996 = CARTESIAN_POINT('',(8.8,5.05,-5.E-03));
#3997 = SURFACE_CURVE('',#3998,(#4002,#4009),.PCURVE_S1.);
#3998 = LINE('',#3999,#4000);
#3999 = CARTESIAN_POINT('',(8.8,4.15,-5.E-03));
#4000 = VECTOR('',#4001,1.);
#4001 = DIRECTION('',(0.,1.,0.));
#4002 = PCURVE('',#3970,#4003);
#4003 = DEFINITIONAL_REPRESENTATION('',(#4004),#4008);
#4004 = LINE('',#4005,#4006);
#4005 = CARTESIAN_POINT('',(0.,0.));
#4006 = VECTOR('',#4007,1.);
#4007 = DIRECTION('',(0.,-1.));
#4008 = ( GEOMETRIC_REPRESENTATION_CONTEXT(2) 
PARAMETRIC_REPRESENTATION_CONTEXT() REPRESENTATION_CONTEXT('2D SPACE',''
  ) );
#4009 = PCURVE('',#4010,#4015);
#4010 = PLANE('',#4011);
#4011 = AXIS2_PLACEMENT_3D('',#4012,#4013,#4014);
#4012 = CARTESIAN_POINT('',(8.8,4.15,-5.E-03));
#4013 = DIRECTION('',(0.,0.,1.));
#4014 = DIRECTION('',(1.,0.,0.));
#4015 = DEFINITIONAL_REPRESENTATION('',(#4016),#4020);
#4016 = LINE('',#4017,#4018);
#4017 = CARTESIAN_POINT('',(0.,0.));
#4018 = VECTOR('',#4019,1.);
#4019 = DIRECTION('',(0.,1.));
#4020 = ( GEOMETRIC_REPRESENTATION_CONTEXT(2) 
PARAMETRIC_REPRESENTATION_CONTEXT() REPRESENTATION_CONTEXT('2D SPACE',''
  ) );
#4021 = ORIENTED_EDGE('',*,*,#4022,.T.);
#4022 = EDGE_CURVE('',#3995,#4023,#4025,.T.);
#4023 = VERTEX_POINT('',#4024);
#4024 = CARTESIAN_POINT('',(8.8,5.05,0.845));
#4025 = SURFACE_CURVE('',#4026,(#4030,#4037),.PCURVE_S1.);
#4026 = LINE('',#4027,#4028);
#4027 = CARTESIAN_POINT('',(8.8,5.05,-5.E-03));
#4028 = VECTOR('',#4029,1.);
#4029 = DIRECTION('',(0.,0.,1.));
#4030 = PCURVE('',#3970,#4031);
#4031 = DEFINITIONAL_REPRESENTATION('',(#4032),#4036);
#4032 = LINE('',#4033,#4034);
#4033 = CARTESIAN_POINT('',(0.,-0.9));
#4034 = VECTOR('',#4035,1.);
#4035 = DIRECTION('',(1.,0.));
#4036 = ( GEOMETRIC_REPRESENTATION_CONTEXT(2) 
PARAMETRIC_REPRESENTATION_CONTEXT() REPRESENTATION_CONTEXT('2D SPACE',''
  ) );
#4037 = PCURVE('',#4038,#4043);
#4038 = PLANE('',#4039);
#4039 = AXIS2_PLACEMENT_3D('',#4040,#4041,#4042);
#4040 = CARTESIAN_POINT('',(8.8,5.05,-5.E-03));
#4041 = DIRECTION('',(0.,1.,0.));
#4042 = DIRECTION('',(0.,0.,1.));
#4043 = DEFINITIONAL_REPRESENTATION('',(#4044),#4048);
#4044 = LINE('',#4045,#4046);
#4045 = CARTESIAN_POINT('',(0.,0.));
#4046 = VECTOR('',#4047,1.);
#4047 = DIRECTION('',(1.,0.));
#4048 = ( GEOMETRIC_REPRESENTATION_CONTEXT(2) 
PARAMETRIC_REPRESENTATION_CONTEXT() REPRESENTATION_CONTEXT('2D SPACE',''
  ) );
#4049 = ORIENTED_EDGE('',*,*,#4050,.F.);
#4050 = EDGE_CURVE('',#3962,#4023,#4051,.T.);
#4051 = SURFACE_CURVE('',#4052,(#4056,#4063),.PCURVE_S1.);
#4052 = LINE('',#4053,#4054);
#4053 = CARTESIAN_POINT('',(8.8,4.15,0.845));
#4054 = VECTOR('',#4055,1.);
#4055 = DIRECTION('',(0.,1.,0.));
#4056 = PCURVE('',#3970,#4057);
#4057 = DEFINITIONAL_REPRESENTATION('',(#4058),#4062);
#4058 = LINE('',#4059,#4060);
#4059 = CARTESIAN_POINT('',(0.85,0.));
#4060 = VECTOR('',#4061,1.);
#4061 = DIRECTION('',(0.,-1.));
#4062 = ( GEOMETRIC_REPRESENTATION_CONTEXT(2) 
PARAMETRIC_REPRESENTATION_CONTEXT() REPRESENTATION_CONTEXT('2D SPACE',''
  ) );
#4063 = PCURVE('',#4064,#4069);
#4064 = PLANE('',#4065);
#4065 = AXIS2_PLACEMENT_3D('',#4066,#4067,#4068);
#4066 = CARTESIAN_POINT('',(8.8,4.15,0.845));
#4067 = DIRECTION('',(0.,0.,1.));
#4068 = DIRECTION('',(1.,0.,0.));
#4069 = DEFINITIONAL_REPRESENTATION('',(#4070),#4074);
#4070 = LINE('',#4071,#4072);
#4071 = CARTESIAN_POINT('',(0.,0.));
#4072 = VECTOR('',#4073,1.);
#4073 = DIRECTION('',(0.,1.));
#4074 = ( GEOMETRIC_REPRESENTATION_CONTEXT(2) 
PARAMETRIC_REPRESENTATION_CONTEXT() REPRESENTATION_CONTEXT('2D SPACE',''
  ) );
#4075 = ADVANCED_FACE('',(#4076),#4090,.T.);
#4076 = FACE_BOUND('',#4077,.T.);
#4077 = EDGE_LOOP('',(#4078,#4108,#4131,#4154));
#4078 = ORIENTED_EDGE('',*,*,#4079,.F.);
#4079 = EDGE_CURVE('',#4080,#4082,#4084,.T.);
#4080 = VERTEX_POINT('',#4081);
#4081 = CARTESIAN_POINT('',(9.1,4.15,-5.E-03));
#4082 = VERTEX_POINT('',#4083);
#4083 = CARTESIAN_POINT('',(9.1,4.15,0.845));
#4084 = SURFACE_CURVE('',#4085,(#4089,#4101),.PCURVE_S1.);
#4085 = LINE('',#4086,#4087);
#4086 = CARTESIAN_POINT('',(9.1,4.15,-5.E-03));
#4087 = VECTOR('',#4088,1.);
#4088 = DIRECTION('',(0.,0.,1.));
#4089 = PCURVE('',#4090,#4095);
#4090 = PLANE('',#4091);
#4091 = AXIS2_PLACEMENT_3D('',#4092,#4093,#4094);
#4092 = CARTESIAN_POINT('',(9.1,4.15,-5.E-03));
#4093 = DIRECTION('',(1.,0.,0.));
#4094 = DIRECTION('',(0.,0.,1.));
#4095 = DEFINITIONAL_REPRESENTATION('',(#4096),#4100);
#4096 = LINE('',#4097,#4098);
#4097 = CARTESIAN_POINT('',(0.,0.));
#4098 = VECTOR('',#4099,1.);
#4099 = DIRECTION('',(1.,0.));
#4100 = ( GEOMETRIC_REPRESENTATION_CONTEXT(2) 
PARAMETRIC_REPRESENTATION_CONTEXT() REPRESENTATION_CONTEXT('2D SPACE',''
  ) );
#4101 = PCURVE('',#3982,#4102);
#4102 = DEFINITIONAL_REPRESENTATION('',(#4103),#4107);
#4103 = LINE('',#4104,#4105);
#4104 = CARTESIAN_POINT('',(0.,0.3));
#4105 = VECTOR('',#4106,1.);
#4106 = DIRECTION('',(1.,0.));
#4107 = ( GEOMETRIC_REPRESENTATION_CONTEXT(2) 
PARAMETRIC_REPRESENTATION_CONTEXT() REPRESENTATION_CONTEXT('2D SPACE',''
  ) );
#4108 = ORIENTED_EDGE('',*,*,#4109,.T.);
#4109 = EDGE_CURVE('',#4080,#4110,#4112,.T.);
#4110 = VERTEX_POINT('',#4111);
#4111 = CARTESIAN_POINT('',(9.1,5.05,-5.E-03));
#4112 = SURFACE_CURVE('',#4113,(#4117,#4124),.PCURVE_S1.);
#4113 = LINE('',#4114,#4115);
#4114 = CARTESIAN_POINT('',(9.1,4.15,-5.E-03));
#4115 = VECTOR('',#4116,1.);
#4116 = DIRECTION('',(0.,1.,0.));
#4117 = PCURVE('',#4090,#4118);
#4118 = DEFINITIONAL_REPRESENTATION('',(#4119),#4123);
#4119 = LINE('',#4120,#4121);
#4120 = CARTESIAN_POINT('',(0.,0.));
#4121 = VECTOR('',#4122,1.);
#4122 = DIRECTION('',(0.,-1.));
#4123 = ( GEOMETRIC_REPRESENTATION_CONTEXT(2) 
PARAMETRIC_REPRESENTATION_CONTEXT() REPRESENTATION_CONTEXT('2D SPACE',''
  ) );
#4124 = PCURVE('',#4010,#4125);
#4125 = DEFINITIONAL_REPRESENTATION('',(#4126),#4130);
#4126 = LINE('',#4127,#4128);
#4127 = CARTESIAN_POINT('',(0.3,0.));
#4128 = VECTOR('',#4129,1.);
#4129 = DIRECTION('',(0.,1.));
#4130 = ( GEOMETRIC_REPRESENTATION_CONTEXT(2) 
PARAMETRIC_REPRESENTATION_CONTEXT() REPRESENTATION_CONTEXT('2D SPACE',''
  ) );
#4131 = ORIENTED_EDGE('',*,*,#4132,.T.);
#4132 = EDGE_CURVE('',#4110,#4133,#4135,.T.);
#4133 = VERTEX_POINT('',#4134);
#4134 = CARTESIAN_POINT('',(9.1,5.05,0.845));
#4135 = SURFACE_CURVE('',#4136,(#4140,#4147),.PCURVE_S1.);
#4136 = LINE('',#4137,#4138);
#4137 = CARTESIAN_POINT('',(9.1,5.05,-5.E-03));
#4138 = VECTOR('',#4139,1.);
#4139 = DIRECTION('',(0.,0.,1.));
#4140 = PCURVE('',#4090,#4141);
#4141 = DEFINITIONAL_REPRESENTATION('',(#4142),#4146);
#4142 = LINE('',#4143,#4144);
#4143 = CARTESIAN_POINT('',(0.,-0.9));
#4144 = VECTOR('',#4145,1.);
#4145 = DIRECTION('',(1.,0.));
#4146 = ( GEOMETRIC_REPRESENTATION_CONTEXT(2) 
PARAMETRIC_REPRESENTATION_CONTEXT() REPRESENTATION_CONTEXT('2D SPACE',''
  ) );
#4147 = PCURVE('',#4038,#4148);
#4148 = DEFINITIONAL_REPRESENTATION('',(#4149),#4153);
#4149 = LINE('',#4150,#4151);
#4150 = CARTESIAN_POINT('',(0.,0.3));
#4151 = VECTOR('',#4152,1.);
#4152 = DIRECTION('',(1.,0.));
#4153 = ( GEOMETRIC_REPRESENTATION_CONTEXT(2) 
PARAMETRIC_REPRESENTATION_CONTEXT() REPRESENTATION_CONTEXT('2D SPACE',''
  ) );
#4154 = ORIENTED_EDGE('',*,*,#4155,.F.);
#4155 = EDGE_CURVE('',#4082,#4133,#4156,.T.);
#4156 = SURFACE_CURVE('',#4157,(#4161,#4168),.PCURVE_S1.);
#4157 = LINE('',#4158,#4159);
#4158 = CARTESIAN_POINT('',(9.1,4.15,0.845));
#4159 = VECTOR('',#4160,1.);
#4160 = DIRECTION('',(0.,1.,0.));
#4161 = PCURVE('',#4090,#4162);
#4162 = DEFINITIONAL_REPRESENTATION('',(#4163),#4167);
#4163 = LINE('',#4164,#4165);
#4164 = CARTESIAN_POINT('',(0.85,0.));
#4165 = VECTOR('',#4166,1.);
#4166 = DIRECTION('',(0.,-1.));
#4167 = ( GEOMETRIC_REPRESENTATION_CONTEXT(2) 
PARAMETRIC_REPRESENTATION_CONTEXT() REPRESENTATION_CONTEXT('2D SPACE',''
  ) );
#4168 = PCURVE('',#4064,#4169);
#4169 = DEFINITIONAL_REPRESENTATION('',(#4170),#4174);
#4170 = LINE('',#4171,#4172);
#4171 = CARTESIAN_POINT('',(0.3,0.));
#4172 = VECTOR('',#4173,1.);
#4173 = DIRECTION('',(0.,1.));
#4174 = ( GEOMETRIC_REPRESENTATION_CONTEXT(2) 
PARAMETRIC_REPRESENTATION_CONTEXT() REPRESENTATION_CONTEXT('2D SPACE',''
  ) );
#4175 = ADVANCED_FACE('',(#4176),#3982,.F.);
#4176 = FACE_BOUND('',#4177,.F.);
#4177 = EDGE_LOOP('',(#4178,#4199,#4200,#4221));
#4178 = ORIENTED_EDGE('',*,*,#4179,.F.);
#4179 = EDGE_CURVE('',#3960,#4080,#4180,.T.);
#4180 = SURFACE_CURVE('',#4181,(#4185,#4192),.PCURVE_S1.);
#4181 = LINE('',#4182,#4183);
#4182 = CARTESIAN_POINT('',(8.8,4.15,-5.E-03));
#4183 = VECTOR('',#4184,1.);
#4184 = DIRECTION('',(1.,0.,0.));
#4185 = PCURVE('',#3982,#4186);
#4186 = DEFINITIONAL_REPRESENTATION('',(#4187),#4191);
#4187 = LINE('',#4188,#4189);
#4188 = CARTESIAN_POINT('',(0.,0.));
#4189 = VECTOR('',#4190,1.);
#4190 = DIRECTION('',(0.,1.));
#4191 = ( GEOMETRIC_REPRESENTATION_CONTEXT(2) 
PARAMETRIC_REPRESENTATION_CONTEXT() REPRESENTATION_CONTEXT('2D SPACE',''
  ) );
#4192 = PCURVE('',#4010,#4193);
#4193 = DEFINITIONAL_REPRESENTATION('',(#4194),#4198);
#4194 = LINE('',#4195,#4196);
#4195 = CARTESIAN_POINT('',(0.,0.));
#4196 = VECTOR('',#4197,1.);
#4197 = DIRECTION('',(1.,0.));
#4198 = ( GEOMETRIC_REPRESENTATION_CONTEXT(2) 
PARAMETRIC_REPRESENTATION_CONTEXT() REPRESENTATION_CONTEXT('2D SPACE',''
  ) );
#4199 = ORIENTED_EDGE('',*,*,#3959,.T.);
#4200 = ORIENTED_EDGE('',*,*,#4201,.T.);
#4201 = EDGE_CURVE('',#3962,#4082,#4202,.T.);
#4202 = SURFACE_CURVE('',#4203,(#4207,#4214),.PCURVE_S1.);
#4203 = LINE('',#4204,#4205);
#4204 = CARTESIAN_POINT('',(8.8,4.15,0.845));
#4205 = VECTOR('',#4206,1.);
#4206 = DIRECTION('',(1.,0.,0.));
#4207 = PCURVE('',#3982,#4208);
#4208 = DEFINITIONAL_REPRESENTATION('',(#4209),#4213);
#4209 = LINE('',#4210,#4211);
#4210 = CARTESIAN_POINT('',(0.85,0.));
#4211 = VECTOR('',#4212,1.);
#4212 = DIRECTION('',(0.,1.));
#4213 = ( GEOMETRIC_REPRESENTATION_CONTEXT(2) 
PARAMETRIC_REPRESENTATION_CONTEXT() REPRESENTATION_CONTEXT('2D SPACE',''
  ) );
#4214 = PCURVE('',#4064,#4215);
#4215 = DEFINITIONAL_REPRESENTATION('',(#4216),#4220);
#4216 = LINE('',#4217,#4218);
#4217 = CARTESIAN_POINT('',(0.,0.));
#4218 = VECTOR('',#4219,1.);
#4219 = DIRECTION('',(1.,0.));
#4220 = ( GEOMETRIC_REPRESENTATION_CONTEXT(2) 
PARAMETRIC_REPRESENTATION_CONTEXT() REPRESENTATION_CONTEXT('2D SPACE',''
  ) );
#4221 = ORIENTED_EDGE('',*,*,#4079,.F.);
#4222 = ADVANCED_FACE('',(#4223),#4038,.T.);
#4223 = FACE_BOUND('',#4224,.T.);
#4224 = EDGE_LOOP('',(#4225,#4246,#4247,#4268));
#4225 = ORIENTED_EDGE('',*,*,#4226,.F.);
#4226 = EDGE_CURVE('',#3995,#4110,#4227,.T.);
#4227 = SURFACE_CURVE('',#4228,(#4232,#4239),.PCURVE_S1.);
#4228 = LINE('',#4229,#4230);
#4229 = CARTESIAN_POINT('',(8.8,5.05,-5.E-03));
#4230 = VECTOR('',#4231,1.);
#4231 = DIRECTION('',(1.,0.,0.));
#4232 = PCURVE('',#4038,#4233);
#4233 = DEFINITIONAL_REPRESENTATION('',(#4234),#4238);
#4234 = LINE('',#4235,#4236);
#4235 = CARTESIAN_POINT('',(0.,0.));
#4236 = VECTOR('',#4237,1.);
#4237 = DIRECTION('',(0.,1.));
#4238 = ( GEOMETRIC_REPRESENTATION_CONTEXT(2) 
PARAMETRIC_REPRESENTATION_CONTEXT() REPRESENTATION_CONTEXT('2D SPACE',''
  ) );
#4239 = PCURVE('',#4010,#4240);
#4240 = DEFINITIONAL_REPRESENTATION('',(#4241),#4245);
#4241 = LINE('',#4242,#4243);
#4242 = CARTESIAN_POINT('',(0.,0.9));
#4243 = VECTOR('',#4244,1.);
#4244 = DIRECTION('',(1.,0.));
#4245 = ( GEOMETRIC_REPRESENTATION_CONTEXT(2) 
PARAMETRIC_REPRESENTATION_CONTEXT() REPRESENTATION_CONTEXT('2D SPACE',''
  ) );
#4246 = ORIENTED_EDGE('',*,*,#4022,.T.);
#4247 = ORIENTED_EDGE('',*,*,#4248,.T.);
#4248 = EDGE_CURVE('',#4023,#4133,#4249,.T.);
#4249 = SURFACE_CURVE('',#4250,(#4254,#4261),.PCURVE_S1.);
#4250 = LINE('',#4251,#4252);
#4251 = CARTESIAN_POINT('',(8.8,5.05,0.845));
#4252 = VECTOR('',#4253,1.);
#4253 = DIRECTION('',(1.,0.,0.));
#4254 = PCURVE('',#4038,#4255);
#4255 = DEFINITIONAL_REPRESENTATION('',(#4256),#4260);
#4256 = LINE('',#4257,#4258);
#4257 = CARTESIAN_POINT('',(0.85,0.));
#4258 = VECTOR('',#4259,1.);
#4259 = DIRECTION('',(0.,1.));
#4260 = ( GEOMETRIC_REPRESENTATION_CONTEXT(2) 
PARAMETRIC_REPRESENTATION_CONTEXT() REPRESENTATION_CONTEXT('2D SPACE',''
  ) );
#4261 = PCURVE('',#4064,#4262);
#4262 = DEFINITIONAL_REPRESENTATION('',(#4263),#4267);
#4263 = LINE('',#4264,#4265);
#4264 = CARTESIAN_POINT('',(0.,0.9));
#4265 = VECTOR('',#4266,1.);
#4266 = DIRECTION('',(1.,0.));
#4267 = ( GEOMETRIC_REPRESENTATION_CONTEXT(2) 
PARAMETRIC_REPRESENTATION_CONTEXT() REPRESENTATION_CONTEXT('2D SPACE',''
  ) );
#4268 = ORIENTED_EDGE('',*,*,#4132,.F.);
#4269 = ADVANCED_FACE('',(#4270),#4010,.F.);
#4270 = FACE_BOUND('',#4271,.F.);
#4271 = EDGE_LOOP('',(#4272,#4273,#4274,#4275));
#4272 = ORIENTED_EDGE('',*,*,#3994,.F.);
#4273 = ORIENTED_EDGE('',*,*,#4179,.T.);
#4274 = ORIENTED_EDGE('',*,*,#4109,.T.);
#4275 = ORIENTED_EDGE('',*,*,#4226,.F.);
#4276 = ADVANCED_FACE('',(#4277),#4064,.T.);
#4277 = FACE_BOUND('',#4278,.T.);
#4278 = EDGE_LOOP('',(#4279,#4280,#4281,#4282));
#4279 = ORIENTED_EDGE('',*,*,#4050,.F.);
#4280 = ORIENTED_EDGE('',*,*,#4201,.T.);
#4281 = ORIENTED_EDGE('',*,*,#4155,.T.);
#4282 = ORIENTED_EDGE('',*,*,#4248,.F.);
#4283 = MANIFOLD_SOLID_BREP('',#4284);
#4284 = CLOSED_SHELL('',(#4285,#4405,#4505,#4552,#4599,#4606));
#4285 = ADVANCED_FACE('',(#4286),#4300,.F.);
#4286 = FACE_BOUND('',#4287,.F.);
#4287 = EDGE_LOOP('',(#4288,#4323,#4351,#4379));
#4288 = ORIENTED_EDGE('',*,*,#4289,.F.);
#4289 = EDGE_CURVE('',#4290,#4292,#4294,.T.);
#4290 = VERTEX_POINT('',#4291);
#4291 = CARTESIAN_POINT('',(-9.1,2.88,-5.E-03));
#4292 = VERTEX_POINT('',#4293);
#4293 = CARTESIAN_POINT('',(-9.1,2.88,0.845));
#4294 = SURFACE_CURVE('',#4295,(#4299,#4311),.PCURVE_S1.);
#4295 = LINE('',#4296,#4297);
#4296 = CARTESIAN_POINT('',(-9.1,2.88,-5.E-03));
#4297 = VECTOR('',#4298,1.);
#4298 = DIRECTION('',(0.,0.,1.));
#4299 = PCURVE('',#4300,#4305);
#4300 = PLANE('',#4301);
#4301 = AXIS2_PLACEMENT_3D('',#4302,#4303,#4304);
#4302 = CARTESIAN_POINT('',(-9.1,2.88,-5.E-03));
#4303 = DIRECTION('',(1.,0.,0.));
#4304 = DIRECTION('',(0.,0.,1.));
#4305 = DEFINITIONAL_REPRESENTATION('',(#4306),#4310);
#4306 = LINE('',#4307,#4308);
#4307 = CARTESIAN_POINT('',(0.,0.));
#4308 = VECTOR('',#4309,1.);
#4309 = DIRECTION('',(1.,0.));
#4310 = ( GEOMETRIC_REPRESENTATION_CONTEXT(2) 
PARAMETRIC_REPRESENTATION_CONTEXT() REPRESENTATION_CONTEXT('2D SPACE',''
  ) );
#4311 = PCURVE('',#4312,#4317);
#4312 = PLANE('',#4313);
#4313 = AXIS2_PLACEMENT_3D('',#4314,#4315,#4316);
#4314 = CARTESIAN_POINT('',(-9.1,2.88,-5.E-03));
#4315 = DIRECTION('',(0.,1.,0.));
#4316 = DIRECTION('',(0.,0.,1.));
#4317 = DEFINITIONAL_REPRESENTATION('',(#4318),#4322);
#4318 = LINE('',#4319,#4320);
#4319 = CARTESIAN_POINT('',(0.,0.));
#4320 = VECTOR('',#4321,1.);
#4321 = DIRECTION('',(1.,0.));
#4322 = ( GEOMETRIC_REPRESENTATION_CONTEXT(2) 
PARAMETRIC_REPRESENTATION_CONTEXT() REPRESENTATION_CONTEXT('2D SPACE',''
  ) );
#4323 = ORIENTED_EDGE('',*,*,#4324,.T.);
#4324 = EDGE_CURVE('',#4290,#4325,#4327,.T.);
#4325 = VERTEX_POINT('',#4326);
#4326 = CARTESIAN_POINT('',(-9.1,3.78,-5.E-03));
#4327 = SURFACE_CURVE('',#4328,(#4332,#4339),.PCURVE_S1.);
#4328 = LINE('',#4329,#4330);
#4329 = CARTESIAN_POINT('',(-9.1,2.88,-5.E-03));
#4330 = VECTOR('',#4331,1.);
#4331 = DIRECTION('',(0.,1.,0.));
#4332 = PCURVE('',#4300,#4333);
#4333 = DEFINITIONAL_REPRESENTATION('',(#4334),#4338);
#4334 = LINE('',#4335,#4336);
#4335 = CARTESIAN_POINT('',(0.,0.));
#4336 = VECTOR('',#4337,1.);
#4337 = DIRECTION('',(0.,-1.));
#4338 = ( GEOMETRIC_REPRESENTATION_CONTEXT(2) 
PARAMETRIC_REPRESENTATION_CONTEXT() REPRESENTATION_CONTEXT('2D SPACE',''
  ) );
#4339 = PCURVE('',#4340,#4345);
#4340 = PLANE('',#4341);
#4341 = AXIS2_PLACEMENT_3D('',#4342,#4343,#4344);
#4342 = CARTESIAN_POINT('',(-9.1,2.88,-5.E-03));
#4343 = DIRECTION('',(0.,0.,1.));
#4344 = DIRECTION('',(1.,0.,0.));
#4345 = DEFINITIONAL_REPRESENTATION('',(#4346),#4350);
#4346 = LINE('',#4347,#4348);
#4347 = CARTESIAN_POINT('',(0.,0.));
#4348 = VECTOR('',#4349,1.);
#4349 = DIRECTION('',(0.,1.));
#4350 = ( GEOMETRIC_REPRESENTATION_CONTEXT(2) 
PARAMETRIC_REPRESENTATION_CONTEXT() REPRESENTATION_CONTEXT('2D SPACE',''
  ) );
#4351 = ORIENTED_EDGE('',*,*,#4352,.T.);
#4352 = EDGE_CURVE('',#4325,#4353,#4355,.T.);
#4353 = VERTEX_POINT('',#4354);
#4354 = CARTESIAN_POINT('',(-9.1,3.78,0.845));
#4355 = SURFACE_CURVE('',#4356,(#4360,#4367),.PCURVE_S1.);
#4356 = LINE('',#4357,#4358);
#4357 = CARTESIAN_POINT('',(-9.1,3.78,-5.E-03));
#4358 = VECTOR('',#4359,1.);
#4359 = DIRECTION('',(0.,0.,1.));
#4360 = PCURVE('',#4300,#4361);
#4361 = DEFINITIONAL_REPRESENTATION('',(#4362),#4366);
#4362 = LINE('',#4363,#4364);
#4363 = CARTESIAN_POINT('',(0.,-0.9));
#4364 = VECTOR('',#4365,1.);
#4365 = DIRECTION('',(1.,0.));
#4366 = ( GEOMETRIC_REPRESENTATION_CONTEXT(2) 
PARAMETRIC_REPRESENTATION_CONTEXT() REPRESENTATION_CONTEXT('2D SPACE',''
  ) );
#4367 = PCURVE('',#4368,#4373);
#4368 = PLANE('',#4369);
#4369 = AXIS2_PLACEMENT_3D('',#4370,#4371,#4372);
#4370 = CARTESIAN_POINT('',(-9.1,3.78,-5.E-03));
#4371 = DIRECTION('',(0.,1.,0.));
#4372 = DIRECTION('',(0.,0.,1.));
#4373 = DEFINITIONAL_REPRESENTATION('',(#4374),#4378);
#4374 = LINE('',#4375,#4376);
#4375 = CARTESIAN_POINT('',(0.,0.));
#4376 = VECTOR('',#4377,1.);
#4377 = DIRECTION('',(1.,0.));
#4378 = ( GEOMETRIC_REPRESENTATION_CONTEXT(2) 
PARAMETRIC_REPRESENTATION_CONTEXT() REPRESENTATION_CONTEXT('2D SPACE',''
  ) );
#4379 = ORIENTED_EDGE('',*,*,#4380,.F.);
#4380 = EDGE_CURVE('',#4292,#4353,#4381,.T.);
#4381 = SURFACE_CURVE('',#4382,(#4386,#4393),.PCURVE_S1.);
#4382 = LINE('',#4383,#4384);
#4383 = CARTESIAN_POINT('',(-9.1,2.88,0.845));
#4384 = VECTOR('',#4385,1.);
#4385 = DIRECTION('',(0.,1.,0.));
#4386 = PCURVE('',#4300,#4387);
#4387 = DEFINITIONAL_REPRESENTATION('',(#4388),#4392);
#4388 = LINE('',#4389,#4390);
#4389 = CARTESIAN_POINT('',(0.85,0.));
#4390 = VECTOR('',#4391,1.);
#4391 = DIRECTION('',(0.,-1.));
#4392 = ( GEOMETRIC_REPRESENTATION_CONTEXT(2) 
PARAMETRIC_REPRESENTATION_CONTEXT() REPRESENTATION_CONTEXT('2D SPACE',''
  ) );
#4393 = PCURVE('',#4394,#4399);
#4394 = PLANE('',#4395);
#4395 = AXIS2_PLACEMENT_3D('',#4396,#4397,#4398);
#4396 = CARTESIAN_POINT('',(-9.1,2.88,0.845));
#4397 = DIRECTION('',(0.,0.,1.));
#4398 = DIRECTION('',(1.,0.,0.));
#4399 = DEFINITIONAL_REPRESENTATION('',(#4400),#4404);
#4400 = LINE('',#4401,#4402);
#4401 = CARTESIAN_POINT('',(0.,0.));
#4402 = VECTOR('',#4403,1.);
#4403 = DIRECTION('',(0.,1.));
#4404 = ( GEOMETRIC_REPRESENTATION_CONTEXT(2) 
PARAMETRIC_REPRESENTATION_CONTEXT() REPRESENTATION_CONTEXT('2D SPACE',''
  ) );
#4405 = ADVANCED_FACE('',(#4406),#4420,.T.);
#4406 = FACE_BOUND('',#4407,.T.);
#4407 = EDGE_LOOP('',(#4408,#4438,#4461,#4484));
#4408 = ORIENTED_EDGE('',*,*,#4409,.F.);
#4409 = EDGE_CURVE('',#4410,#4412,#4414,.T.);
#4410 = VERTEX_POINT('',#4411);
#4411 = CARTESIAN_POINT('',(-8.8,2.88,-5.E-03));
#4412 = VERTEX_POINT('',#4413);
#4413 = CARTESIAN_POINT('',(-8.8,2.88,0.845));
#4414 = SURFACE_CURVE('',#4415,(#4419,#4431),.PCURVE_S1.);
#4415 = LINE('',#4416,#4417);
#4416 = CARTESIAN_POINT('',(-8.8,2.88,-5.E-03));
#4417 = VECTOR('',#4418,1.);
#4418 = DIRECTION('',(0.,0.,1.));
#4419 = PCURVE('',#4420,#4425);
#4420 = PLANE('',#4421);
#4421 = AXIS2_PLACEMENT_3D('',#4422,#4423,#4424);
#4422 = CARTESIAN_POINT('',(-8.8,2.88,-5.E-03));
#4423 = DIRECTION('',(1.,0.,0.));
#4424 = DIRECTION('',(0.,0.,1.));
#4425 = DEFINITIONAL_REPRESENTATION('',(#4426),#4430);
#4426 = LINE('',#4427,#4428);
#4427 = CARTESIAN_POINT('',(0.,0.));
#4428 = VECTOR('',#4429,1.);
#4429 = DIRECTION('',(1.,0.));
#4430 = ( GEOMETRIC_REPRESENTATION_CONTEXT(2) 
PARAMETRIC_REPRESENTATION_CONTEXT() REPRESENTATION_CONTEXT('2D SPACE',''
  ) );
#4431 = PCURVE('',#4312,#4432);
#4432 = DEFINITIONAL_REPRESENTATION('',(#4433),#4437);
#4433 = LINE('',#4434,#4435);
#4434 = CARTESIAN_POINT('',(0.,0.3));
#4435 = VECTOR('',#4436,1.);
#4436 = DIRECTION('',(1.,0.));
#4437 = ( GEOMETRIC_REPRESENTATION_CONTEXT(2) 
PARAMETRIC_REPRESENTATION_CONTEXT() REPRESENTATION_CONTEXT('2D SPACE',''
  ) );
#4438 = ORIENTED_EDGE('',*,*,#4439,.T.);
#4439 = EDGE_CURVE('',#4410,#4440,#4442,.T.);
#4440 = VERTEX_POINT('',#4441);
#4441 = CARTESIAN_POINT('',(-8.8,3.78,-5.E-03));
#4442 = SURFACE_CURVE('',#4443,(#4447,#4454),.PCURVE_S1.);
#4443 = LINE('',#4444,#4445);
#4444 = CARTESIAN_POINT('',(-8.8,2.88,-5.E-03));
#4445 = VECTOR('',#4446,1.);
#4446 = DIRECTION('',(0.,1.,0.));
#4447 = PCURVE('',#4420,#4448);
#4448 = DEFINITIONAL_REPRESENTATION('',(#4449),#4453);
#4449 = LINE('',#4450,#4451);
#4450 = CARTESIAN_POINT('',(0.,0.));
#4451 = VECTOR('',#4452,1.);
#4452 = DIRECTION('',(0.,-1.));
#4453 = ( GEOMETRIC_REPRESENTATION_CONTEXT(2) 
PARAMETRIC_REPRESENTATION_CONTEXT() REPRESENTATION_CONTEXT('2D SPACE',''
  ) );
#4454 = PCURVE('',#4340,#4455);
#4455 = DEFINITIONAL_REPRESENTATION('',(#4456),#4460);
#4456 = LINE('',#4457,#4458);
#4457 = CARTESIAN_POINT('',(0.3,0.));
#4458 = VECTOR('',#4459,1.);
#4459 = DIRECTION('',(0.,1.));
#4460 = ( GEOMETRIC_REPRESENTATION_CONTEXT(2) 
PARAMETRIC_REPRESENTATION_CONTEXT() REPRESENTATION_CONTEXT('2D SPACE',''
  ) );
#4461 = ORIENTED_EDGE('',*,*,#4462,.T.);
#4462 = EDGE_CURVE('',#4440,#4463,#4465,.T.);
#4463 = VERTEX_POINT('',#4464);
#4464 = CARTESIAN_POINT('',(-8.8,3.78,0.845));
#4465 = SURFACE_CURVE('',#4466,(#4470,#4477),.PCURVE_S1.);
#4466 = LINE('',#4467,#4468);
#4467 = CARTESIAN_POINT('',(-8.8,3.78,-5.E-03));
#4468 = VECTOR('',#4469,1.);
#4469 = DIRECTION('',(0.,0.,1.));
#4470 = PCURVE('',#4420,#4471);
#4471 = DEFINITIONAL_REPRESENTATION('',(#4472),#4476);
#4472 = LINE('',#4473,#4474);
#4473 = CARTESIAN_POINT('',(0.,-0.9));
#4474 = VECTOR('',#4475,1.);
#4475 = DIRECTION('',(1.,0.));
#4476 = ( GEOMETRIC_REPRESENTATION_CONTEXT(2) 
PARAMETRIC_REPRESENTATION_CONTEXT() REPRESENTATION_CONTEXT('2D SPACE',''
  ) );
#4477 = PCURVE('',#4368,#4478);
#4478 = DEFINITIONAL_REPRESENTATION('',(#4479),#4483);
#4479 = LINE('',#4480,#4481);
#4480 = CARTESIAN_POINT('',(0.,0.3));
#4481 = VECTOR('',#4482,1.);
#4482 = DIRECTION('',(1.,0.));
#4483 = ( GEOMETRIC_REPRESENTATION_CONTEXT(2) 
PARAMETRIC_REPRESENTATION_CONTEXT() REPRESENTATION_CONTEXT('2D SPACE',''
  ) );
#4484 = ORIENTED_EDGE('',*,*,#4485,.F.);
#4485 = EDGE_CURVE('',#4412,#4463,#4486,.T.);
#4486 = SURFACE_CURVE('',#4487,(#4491,#4498),.PCURVE_S1.);
#4487 = LINE('',#4488,#4489);
#4488 = CARTESIAN_POINT('',(-8.8,2.88,0.845));
#4489 = VECTOR('',#4490,1.);
#4490 = DIRECTION('',(0.,1.,0.));
#4491 = PCURVE('',#4420,#4492);
#4492 = DEFINITIONAL_REPRESENTATION('',(#4493),#4497);
#4493 = LINE('',#4494,#4495);
#4494 = CARTESIAN_POINT('',(0.85,0.));
#4495 = VECTOR('',#4496,1.);
#4496 = DIRECTION('',(0.,-1.));
#4497 = ( GEOMETRIC_REPRESENTATION_CONTEXT(2) 
PARAMETRIC_REPRESENTATION_CONTEXT() REPRESENTATION_CONTEXT('2D SPACE',''
  ) );
#4498 = PCURVE('',#4394,#4499);
#4499 = DEFINITIONAL_REPRESENTATION('',(#4500),#4504);
#4500 = LINE('',#4501,#4502);
#4501 = CARTESIAN_POINT('',(0.3,0.));
#4502 = VECTOR('',#4503,1.);
#4503 = DIRECTION('',(0.,1.));
#4504 = ( GEOMETRIC_REPRESENTATION_CONTEXT(2) 
PARAMETRIC_REPRESENTATION_CONTEXT() REPRESENTATION_CONTEXT('2D SPACE',''
  ) );
#4505 = ADVANCED_FACE('',(#4506),#4312,.F.);
#4506 = FACE_BOUND('',#4507,.F.);
#4507 = EDGE_LOOP('',(#4508,#4529,#4530,#4551));
#4508 = ORIENTED_EDGE('',*,*,#4509,.F.);
#4509 = EDGE_CURVE('',#4290,#4410,#4510,.T.);
#4510 = SURFACE_CURVE('',#4511,(#4515,#4522),.PCURVE_S1.);
#4511 = LINE('',#4512,#4513);
#4512 = CARTESIAN_POINT('',(-9.1,2.88,-5.E-03));
#4513 = VECTOR('',#4514,1.);
#4514 = DIRECTION('',(1.,0.,0.));
#4515 = PCURVE('',#4312,#4516);
#4516 = DEFINITIONAL_REPRESENTATION('',(#4517),#4521);
#4517 = LINE('',#4518,#4519);
#4518 = CARTESIAN_POINT('',(0.,0.));
#4519 = VECTOR('',#4520,1.);
#4520 = DIRECTION('',(0.,1.));
#4521 = ( GEOMETRIC_REPRESENTATION_CONTEXT(2) 
PARAMETRIC_REPRESENTATION_CONTEXT() REPRESENTATION_CONTEXT('2D SPACE',''
  ) );
#4522 = PCURVE('',#4340,#4523);
#4523 = DEFINITIONAL_REPRESENTATION('',(#4524),#4528);
#4524 = LINE('',#4525,#4526);
#4525 = CARTESIAN_POINT('',(0.,0.));
#4526 = VECTOR('',#4527,1.);
#4527 = DIRECTION('',(1.,0.));
#4528 = ( GEOMETRIC_REPRESENTATION_CONTEXT(2) 
PARAMETRIC_REPRESENTATION_CONTEXT() REPRESENTATION_CONTEXT('2D SPACE',''
  ) );
#4529 = ORIENTED_EDGE('',*,*,#4289,.T.);
#4530 = ORIENTED_EDGE('',*,*,#4531,.T.);
#4531 = EDGE_CURVE('',#4292,#4412,#4532,.T.);
#4532 = SURFACE_CURVE('',#4533,(#4537,#4544),.PCURVE_S1.);
#4533 = LINE('',#4534,#4535);
#4534 = CARTESIAN_POINT('',(-9.1,2.88,0.845));
#4535 = VECTOR('',#4536,1.);
#4536 = DIRECTION('',(1.,0.,0.));
#4537 = PCURVE('',#4312,#4538);
#4538 = DEFINITIONAL_REPRESENTATION('',(#4539),#4543);
#4539 = LINE('',#4540,#4541);
#4540 = CARTESIAN_POINT('',(0.85,0.));
#4541 = VECTOR('',#4542,1.);
#4542 = DIRECTION('',(0.,1.));
#4543 = ( GEOMETRIC_REPRESENTATION_CONTEXT(2) 
PARAMETRIC_REPRESENTATION_CONTEXT() REPRESENTATION_CONTEXT('2D SPACE',''
  ) );
#4544 = PCURVE('',#4394,#4545);
#4545 = DEFINITIONAL_REPRESENTATION('',(#4546),#4550);
#4546 = LINE('',#4547,#4548);
#4547 = CARTESIAN_POINT('',(0.,0.));
#4548 = VECTOR('',#4549,1.);
#4549 = DIRECTION('',(1.,0.));
#4550 = ( GEOMETRIC_REPRESENTATION_CONTEXT(2) 
PARAMETRIC_REPRESENTATION_CONTEXT() REPRESENTATION_CONTEXT('2D SPACE',''
  ) );
#4551 = ORIENTED_EDGE('',*,*,#4409,.F.);
#4552 = ADVANCED_FACE('',(#4553),#4368,.T.);
#4553 = FACE_BOUND('',#4554,.T.);
#4554 = EDGE_LOOP('',(#4555,#4576,#4577,#4598));
#4555 = ORIENTED_EDGE('',*,*,#4556,.F.);
#4556 = EDGE_CURVE('',#4325,#4440,#4557,.T.);
#4557 = SURFACE_CURVE('',#4558,(#4562,#4569),.PCURVE_S1.);
#4558 = LINE('',#4559,#4560);
#4559 = CARTESIAN_POINT('',(-9.1,3.78,-5.E-03));
#4560 = VECTOR('',#4561,1.);
#4561 = DIRECTION('',(1.,0.,0.));
#4562 = PCURVE('',#4368,#4563);
#4563 = DEFINITIONAL_REPRESENTATION('',(#4564),#4568);
#4564 = LINE('',#4565,#4566);
#4565 = CARTESIAN_POINT('',(0.,0.));
#4566 = VECTOR('',#4567,1.);
#4567 = DIRECTION('',(0.,1.));
#4568 = ( GEOMETRIC_REPRESENTATION_CONTEXT(2) 
PARAMETRIC_REPRESENTATION_CONTEXT() REPRESENTATION_CONTEXT('2D SPACE',''
  ) );
#4569 = PCURVE('',#4340,#4570);
#4570 = DEFINITIONAL_REPRESENTATION('',(#4571),#4575);
#4571 = LINE('',#4572,#4573);
#4572 = CARTESIAN_POINT('',(0.,0.9));
#4573 = VECTOR('',#4574,1.);
#4574 = DIRECTION('',(1.,0.));
#4575 = ( GEOMETRIC_REPRESENTATION_CONTEXT(2) 
PARAMETRIC_REPRESENTATION_CONTEXT() REPRESENTATION_CONTEXT('2D SPACE',''
  ) );
#4576 = ORIENTED_EDGE('',*,*,#4352,.T.);
#4577 = ORIENTED_EDGE('',*,*,#4578,.T.);
#4578 = EDGE_CURVE('',#4353,#4463,#4579,.T.);
#4579 = SURFACE_CURVE('',#4580,(#4584,#4591),.PCURVE_S1.);
#4580 = LINE('',#4581,#4582);
#4581 = CARTESIAN_POINT('',(-9.1,3.78,0.845));
#4582 = VECTOR('',#4583,1.);
#4583 = DIRECTION('',(1.,0.,0.));
#4584 = PCURVE('',#4368,#4585);
#4585 = DEFINITIONAL_REPRESENTATION('',(#4586),#4590);
#4586 = LINE('',#4587,#4588);
#4587 = CARTESIAN_POINT('',(0.85,0.));
#4588 = VECTOR('',#4589,1.);
#4589 = DIRECTION('',(0.,1.));
#4590 = ( GEOMETRIC_REPRESENTATION_CONTEXT(2) 
PARAMETRIC_REPRESENTATION_CONTEXT() REPRESENTATION_CONTEXT('2D SPACE',''
  ) );
#4591 = PCURVE('',#4394,#4592);
#4592 = DEFINITIONAL_REPRESENTATION('',(#4593),#4597);
#4593 = LINE('',#4594,#4595);
#4594 = CARTESIAN_POINT('',(0.,0.9));
#4595 = VECTOR('',#4596,1.);
#4596 = DIRECTION('',(1.,0.));
#4597 = ( GEOMETRIC_REPRESENTATION_CONTEXT(2) 
PARAMETRIC_REPRESENTATION_CONTEXT() REPRESENTATION_CONTEXT('2D SPACE',''
  ) );
#4598 = ORIENTED_EDGE('',*,*,#4462,.F.);
#4599 = ADVANCED_FACE('',(#4600),#4340,.F.);
#4600 = FACE_BOUND('',#4601,.F.);
#4601 = EDGE_LOOP('',(#4602,#4603,#4604,#4605));
#4602 = ORIENTED_EDGE('',*,*,#4324,.F.);
#4603 = ORIENTED_EDGE('',*,*,#4509,.T.);
#4604 = ORIENTED_EDGE('',*,*,#4439,.T.);
#4605 = ORIENTED_EDGE('',*,*,#4556,.F.);
#4606 = ADVANCED_FACE('',(#4607),#4394,.T.);
#4607 = FACE_BOUND('',#4608,.T.);
#4608 = EDGE_LOOP('',(#4609,#4610,#4611,#4612));
#4609 = ORIENTED_EDGE('',*,*,#4380,.F.);
#4610 = ORIENTED_EDGE('',*,*,#4531,.T.);
#4611 = ORIENTED_EDGE('',*,*,#4485,.T.);
#4612 = ORIENTED_EDGE('',*,*,#4578,.F.);
#4613 = MANIFOLD_SOLID_BREP('',#4614);
#4614 = CLOSED_SHELL('',(#4615,#4735,#4835,#4882,#4929,#4936));
#4615 = ADVANCED_FACE('',(#4616),#4630,.F.);
#4616 = FACE_BOUND('',#4617,.F.);
#4617 = EDGE_LOOP('',(#4618,#4653,#4681,#4709));
#4618 = ORIENTED_EDGE('',*,*,#4619,.F.);
#4619 = EDGE_CURVE('',#4620,#4622,#4624,.T.);
#4620 = VERTEX_POINT('',#4621);
#4621 = CARTESIAN_POINT('',(8.8,2.88,-5.E-03));
#4622 = VERTEX_POINT('',#4623);
#4623 = CARTESIAN_POINT('',(8.8,2.88,0.845));
#4624 = SURFACE_CURVE('',#4625,(#4629,#4641),.PCURVE_S1.);
#4625 = LINE('',#4626,#4627);
#4626 = CARTESIAN_POINT('',(8.8,2.88,-5.E-03));
#4627 = VECTOR('',#4628,1.);
#4628 = DIRECTION('',(0.,0.,1.));
#4629 = PCURVE('',#4630,#4635);
#4630 = PLANE('',#4631);
#4631 = AXIS2_PLACEMENT_3D('',#4632,#4633,#4634);
#4632 = CARTESIAN_POINT('',(8.8,2.88,-5.E-03));
#4633 = DIRECTION('',(1.,0.,0.));
#4634 = DIRECTION('',(0.,0.,1.));
#4635 = DEFINITIONAL_REPRESENTATION('',(#4636),#4640);
#4636 = LINE('',#4637,#4638);
#4637 = CARTESIAN_POINT('',(0.,0.));
#4638 = VECTOR('',#4639,1.);
#4639 = DIRECTION('',(1.,0.));
#4640 = ( GEOMETRIC_REPRESENTATION_CONTEXT(2) 
PARAMETRIC_REPRESENTATION_CONTEXT() REPRESENTATION_CONTEXT('2D SPACE',''
  ) );
#4641 = PCURVE('',#4642,#4647);
#4642 = PLANE('',#4643);
#4643 = AXIS2_PLACEMENT_3D('',#4644,#4645,#4646);
#4644 = CARTESIAN_POINT('',(8.8,2.88,-5.E-03));
#4645 = DIRECTION('',(0.,1.,0.));
#4646 = DIRECTION('',(0.,0.,1.));
#4647 = DEFINITIONAL_REPRESENTATION('',(#4648),#4652);
#4648 = LINE('',#4649,#4650);
#4649 = CARTESIAN_POINT('',(0.,0.));
#4650 = VECTOR('',#4651,1.);
#4651 = DIRECTION('',(1.,0.));
#4652 = ( GEOMETRIC_REPRESENTATION_CONTEXT(2) 
PARAMETRIC_REPRESENTATION_CONTEXT() REPRESENTATION_CONTEXT('2D SPACE',''
  ) );
#4653 = ORIENTED_EDGE('',*,*,#4654,.T.);
#4654 = EDGE_CURVE('',#4620,#4655,#4657,.T.);
#4655 = VERTEX_POINT('',#4656);
#4656 = CARTESIAN_POINT('',(8.8,3.78,-5.E-03));
#4657 = SURFACE_CURVE('',#4658,(#4662,#4669),.PCURVE_S1.);
#4658 = LINE('',#4659,#4660);
#4659 = CARTESIAN_POINT('',(8.8,2.88,-5.E-03));
#4660 = VECTOR('',#4661,1.);
#4661 = DIRECTION('',(0.,1.,0.));
#4662 = PCURVE('',#4630,#4663);
#4663 = DEFINITIONAL_REPRESENTATION('',(#4664),#4668);
#4664 = LINE('',#4665,#4666);
#4665 = CARTESIAN_POINT('',(0.,0.));
#4666 = VECTOR('',#4667,1.);
#4667 = DIRECTION('',(0.,-1.));
#4668 = ( GEOMETRIC_REPRESENTATION_CONTEXT(2) 
PARAMETRIC_REPRESENTATION_CONTEXT() REPRESENTATION_CONTEXT('2D SPACE',''
  ) );
#4669 = PCURVE('',#4670,#4675);
#4670 = PLANE('',#4671);
#4671 = AXIS2_PLACEMENT_3D('',#4672,#4673,#4674);
#4672 = CARTESIAN_POINT('',(8.8,2.88,-5.E-03));
#4673 = DIRECTION('',(0.,0.,1.));
#4674 = DIRECTION('',(1.,0.,0.));
#4675 = DEFINITIONAL_REPRESENTATION('',(#4676),#4680);
#4676 = LINE('',#4677,#4678);
#4677 = CARTESIAN_POINT('',(0.,0.));
#4678 = VECTOR('',#4679,1.);
#4679 = DIRECTION('',(0.,1.));
#4680 = ( GEOMETRIC_REPRESENTATION_CONTEXT(2) 
PARAMETRIC_REPRESENTATION_CONTEXT() REPRESENTATION_CONTEXT('2D SPACE',''
  ) );
#4681 = ORIENTED_EDGE('',*,*,#4682,.T.);
#4682 = EDGE_CURVE('',#4655,#4683,#4685,.T.);
#4683 = VERTEX_POINT('',#4684);
#4684 = CARTESIAN_POINT('',(8.8,3.78,0.845));
#4685 = SURFACE_CURVE('',#4686,(#4690,#4697),.PCURVE_S1.);
#4686 = LINE('',#4687,#4688);
#4687 = CARTESIAN_POINT('',(8.8,3.78,-5.E-03));
#4688 = VECTOR('',#4689,1.);
#4689 = DIRECTION('',(0.,0.,1.));
#4690 = PCURVE('',#4630,#4691);
#4691 = DEFINITIONAL_REPRESENTATION('',(#4692),#4696);
#4692 = LINE('',#4693,#4694);
#4693 = CARTESIAN_POINT('',(0.,-0.9));
#4694 = VECTOR('',#4695,1.);
#4695 = DIRECTION('',(1.,0.));
#4696 = ( GEOMETRIC_REPRESENTATION_CONTEXT(2) 
PARAMETRIC_REPRESENTATION_CONTEXT() REPRESENTATION_CONTEXT('2D SPACE',''
  ) );
#4697 = PCURVE('',#4698,#4703);
#4698 = PLANE('',#4699);
#4699 = AXIS2_PLACEMENT_3D('',#4700,#4701,#4702);
#4700 = CARTESIAN_POINT('',(8.8,3.78,-5.E-03));
#4701 = DIRECTION('',(0.,1.,0.));
#4702 = DIRECTION('',(0.,0.,1.));
#4703 = DEFINITIONAL_REPRESENTATION('',(#4704),#4708);
#4704 = LINE('',#4705,#4706);
#4705 = CARTESIAN_POINT('',(0.,0.));
#4706 = VECTOR('',#4707,1.);
#4707 = DIRECTION('',(1.,0.));
#4708 = ( GEOMETRIC_REPRESENTATION_CONTEXT(2) 
PARAMETRIC_REPRESENTATION_CONTEXT() REPRESENTATION_CONTEXT('2D SPACE',''
  ) );
#4709 = ORIENTED_EDGE('',*,*,#4710,.F.);
#4710 = EDGE_CURVE('',#4622,#4683,#4711,.T.);
#4711 = SURFACE_CURVE('',#4712,(#4716,#4723),.PCURVE_S1.);
#4712 = LINE('',#4713,#4714);
#4713 = CARTESIAN_POINT('',(8.8,2.88,0.845));
#4714 = VECTOR('',#4715,1.);
#4715 = DIRECTION('',(0.,1.,0.));
#4716 = PCURVE('',#4630,#4717);
#4717 = DEFINITIONAL_REPRESENTATION('',(#4718),#4722);
#4718 = LINE('',#4719,#4720);
#4719 = CARTESIAN_POINT('',(0.85,0.));
#4720 = VECTOR('',#4721,1.);
#4721 = DIRECTION('',(0.,-1.));
#4722 = ( GEOMETRIC_REPRESENTATION_CONTEXT(2) 
PARAMETRIC_REPRESENTATION_CONTEXT() REPRESENTATION_CONTEXT('2D SPACE',''
  ) );
#4723 = PCURVE('',#4724,#4729);
#4724 = PLANE('',#4725);
#4725 = AXIS2_PLACEMENT_3D('',#4726,#4727,#4728);
#4726 = CARTESIAN_POINT('',(8.8,2.88,0.845));
#4727 = DIRECTION('',(0.,0.,1.));
#4728 = DIRECTION('',(1.,0.,0.));
#4729 = DEFINITIONAL_REPRESENTATION('',(#4730),#4734);
#4730 = LINE('',#4731,#4732);
#4731 = CARTESIAN_POINT('',(0.,0.));
#4732 = VECTOR('',#4733,1.);
#4733 = DIRECTION('',(0.,1.));
#4734 = ( GEOMETRIC_REPRESENTATION_CONTEXT(2) 
PARAMETRIC_REPRESENTATION_CONTEXT() REPRESENTATION_CONTEXT('2D SPACE',''
  ) );
#4735 = ADVANCED_FACE('',(#4736),#4750,.T.);
#4736 = FACE_BOUND('',#4737,.T.);
#4737 = EDGE_LOOP('',(#4738,#4768,#4791,#4814));
#4738 = ORIENTED_EDGE('',*,*,#4739,.F.);
#4739 = EDGE_CURVE('',#4740,#4742,#4744,.T.);
#4740 = VERTEX_POINT('',#4741);
#4741 = CARTESIAN_POINT('',(9.1,2.88,-5.E-03));
#4742 = VERTEX_POINT('',#4743);
#4743 = CARTESIAN_POINT('',(9.1,2.88,0.845));
#4744 = SURFACE_CURVE('',#4745,(#4749,#4761),.PCURVE_S1.);
#4745 = LINE('',#4746,#4747);
#4746 = CARTESIAN_POINT('',(9.1,2.88,-5.E-03));
#4747 = VECTOR('',#4748,1.);
#4748 = DIRECTION('',(0.,0.,1.));
#4749 = PCURVE('',#4750,#4755);
#4750 = PLANE('',#4751);
#4751 = AXIS2_PLACEMENT_3D('',#4752,#4753,#4754);
#4752 = CARTESIAN_POINT('',(9.1,2.88,-5.E-03));
#4753 = DIRECTION('',(1.,0.,0.));
#4754 = DIRECTION('',(0.,0.,1.));
#4755 = DEFINITIONAL_REPRESENTATION('',(#4756),#4760);
#4756 = LINE('',#4757,#4758);
#4757 = CARTESIAN_POINT('',(0.,0.));
#4758 = VECTOR('',#4759,1.);
#4759 = DIRECTION('',(1.,0.));
#4760 = ( GEOMETRIC_REPRESENTATION_CONTEXT(2) 
PARAMETRIC_REPRESENTATION_CONTEXT() REPRESENTATION_CONTEXT('2D SPACE',''
  ) );
#4761 = PCURVE('',#4642,#4762);
#4762 = DEFINITIONAL_REPRESENTATION('',(#4763),#4767);
#4763 = LINE('',#4764,#4765);
#4764 = CARTESIAN_POINT('',(0.,0.3));
#4765 = VECTOR('',#4766,1.);
#4766 = DIRECTION('',(1.,0.));
#4767 = ( GEOMETRIC_REPRESENTATION_CONTEXT(2) 
PARAMETRIC_REPRESENTATION_CONTEXT() REPRESENTATION_CONTEXT('2D SPACE',''
  ) );
#4768 = ORIENTED_EDGE('',*,*,#4769,.T.);
#4769 = EDGE_CURVE('',#4740,#4770,#4772,.T.);
#4770 = VERTEX_POINT('',#4771);
#4771 = CARTESIAN_POINT('',(9.1,3.78,-5.E-03));
#4772 = SURFACE_CURVE('',#4773,(#4777,#4784),.PCURVE_S1.);
#4773 = LINE('',#4774,#4775);
#4774 = CARTESIAN_POINT('',(9.1,2.88,-5.E-03));
#4775 = VECTOR('',#4776,1.);
#4776 = DIRECTION('',(0.,1.,0.));
#4777 = PCURVE('',#4750,#4778);
#4778 = DEFINITIONAL_REPRESENTATION('',(#4779),#4783);
#4779 = LINE('',#4780,#4781);
#4780 = CARTESIAN_POINT('',(0.,0.));
#4781 = VECTOR('',#4782,1.);
#4782 = DIRECTION('',(0.,-1.));
#4783 = ( GEOMETRIC_REPRESENTATION_CONTEXT(2) 
PARAMETRIC_REPRESENTATION_CONTEXT() REPRESENTATION_CONTEXT('2D SPACE',''
  ) );
#4784 = PCURVE('',#4670,#4785);
#4785 = DEFINITIONAL_REPRESENTATION('',(#4786),#4790);
#4786 = LINE('',#4787,#4788);
#4787 = CARTESIAN_POINT('',(0.3,0.));
#4788 = VECTOR('',#4789,1.);
#4789 = DIRECTION('',(0.,1.));
#4790 = ( GEOMETRIC_REPRESENTATION_CONTEXT(2) 
PARAMETRIC_REPRESENTATION_CONTEXT() REPRESENTATION_CONTEXT('2D SPACE',''
  ) );
#4791 = ORIENTED_EDGE('',*,*,#4792,.T.);
#4792 = EDGE_CURVE('',#4770,#4793,#4795,.T.);
#4793 = VERTEX_POINT('',#4794);
#4794 = CARTESIAN_POINT('',(9.1,3.78,0.845));
#4795 = SURFACE_CURVE('',#4796,(#4800,#4807),.PCURVE_S1.);
#4796 = LINE('',#4797,#4798);
#4797 = CARTESIAN_POINT('',(9.1,3.78,-5.E-03));
#4798 = VECTOR('',#4799,1.);
#4799 = DIRECTION('',(0.,0.,1.));
#4800 = PCURVE('',#4750,#4801);
#4801 = DEFINITIONAL_REPRESENTATION('',(#4802),#4806);
#4802 = LINE('',#4803,#4804);
#4803 = CARTESIAN_POINT('',(0.,-0.9));
#4804 = VECTOR('',#4805,1.);
#4805 = DIRECTION('',(1.,0.));
#4806 = ( GEOMETRIC_REPRESENTATION_CONTEXT(2) 
PARAMETRIC_REPRESENTATION_CONTEXT() REPRESENTATION_CONTEXT('2D SPACE',''
  ) );
#4807 = PCURVE('',#4698,#4808);
#4808 = DEFINITIONAL_REPRESENTATION('',(#4809),#4813);
#4809 = LINE('',#4810,#4811);
#4810 = CARTESIAN_POINT('',(0.,0.3));
#4811 = VECTOR('',#4812,1.);
#4812 = DIRECTION('',(1.,0.));
#4813 = ( GEOMETRIC_REPRESENTATION_CONTEXT(2) 
PARAMETRIC_REPRESENTATION_CONTEXT() REPRESENTATION_CONTEXT('2D SPACE',''
  ) );
#4814 = ORIENTED_EDGE('',*,*,#4815,.F.);
#4815 = EDGE_CURVE('',#4742,#4793,#4816,.T.);
#4816 = SURFACE_CURVE('',#4817,(#4821,#4828),.PCURVE_S1.);
#4817 = LINE('',#4818,#4819);
#4818 = CARTESIAN_POINT('',(9.1,2.88,0.845));
#4819 = VECTOR('',#4820,1.);
#4820 = DIRECTION('',(0.,1.,0.));
#4821 = PCURVE('',#4750,#4822);
#4822 = DEFINITIONAL_REPRESENTATION('',(#4823),#4827);
#4823 = LINE('',#4824,#4825);
#4824 = CARTESIAN_POINT('',(0.85,0.));
#4825 = VECTOR('',#4826,1.);
#4826 = DIRECTION('',(0.,-1.));
#4827 = ( GEOMETRIC_REPRESENTATION_CONTEXT(2) 
PARAMETRIC_REPRESENTATION_CONTEXT() REPRESENTATION_CONTEXT('2D SPACE',''
  ) );
#4828 = PCURVE('',#4724,#4829);
#4829 = DEFINITIONAL_REPRESENTATION('',(#4830),#4834);
#4830 = LINE('',#4831,#4832);
#4831 = CARTESIAN_POINT('',(0.3,0.));
#4832 = VECTOR('',#4833,1.);
#4833 = DIRECTION('',(0.,1.));
#4834 = ( GEOMETRIC_REPRESENTATION_CONTEXT(2) 
PARAMETRIC_REPRESENTATION_CONTEXT() REPRESENTATION_CONTEXT('2D SPACE',''
  ) );
#4835 = ADVANCED_FACE('',(#4836),#4642,.F.);
#4836 = FACE_BOUND('',#4837,.F.);
#4837 = EDGE_LOOP('',(#4838,#4859,#4860,#4881));
#4838 = ORIENTED_EDGE('',*,*,#4839,.F.);
#4839 = EDGE_CURVE('',#4620,#4740,#4840,.T.);
#4840 = SURFACE_CURVE('',#4841,(#4845,#4852),.PCURVE_S1.);
#4841 = LINE('',#4842,#4843);
#4842 = CARTESIAN_POINT('',(8.8,2.88,-5.E-03));
#4843 = VECTOR('',#4844,1.);
#4844 = DIRECTION('',(1.,0.,0.));
#4845 = PCURVE('',#4642,#4846);
#4846 = DEFINITIONAL_REPRESENTATION('',(#4847),#4851);
#4847 = LINE('',#4848,#4849);
#4848 = CARTESIAN_POINT('',(0.,0.));
#4849 = VECTOR('',#4850,1.);
#4850 = DIRECTION('',(0.,1.));
#4851 = ( GEOMETRIC_REPRESENTATION_CONTEXT(2) 
PARAMETRIC_REPRESENTATION_CONTEXT() REPRESENTATION_CONTEXT('2D SPACE',''
  ) );
#4852 = PCURVE('',#4670,#4853);
#4853 = DEFINITIONAL_REPRESENTATION('',(#4854),#4858);
#4854 = LINE('',#4855,#4856);
#4855 = CARTESIAN_POINT('',(0.,0.));
#4856 = VECTOR('',#4857,1.);
#4857 = DIRECTION('',(1.,0.));
#4858 = ( GEOMETRIC_REPRESENTATION_CONTEXT(2) 
PARAMETRIC_REPRESENTATION_CONTEXT() REPRESENTATION_CONTEXT('2D SPACE',''
  ) );
#4859 = ORIENTED_EDGE('',*,*,#4619,.T.);
#4860 = ORIENTED_EDGE('',*,*,#4861,.T.);
#4861 = EDGE_CURVE('',#4622,#4742,#4862,.T.);
#4862 = SURFACE_CURVE('',#4863,(#4867,#4874),.PCURVE_S1.);
#4863 = LINE('',#4864,#4865);
#4864 = CARTESIAN_POINT('',(8.8,2.88,0.845));
#4865 = VECTOR('',#4866,1.);
#4866 = DIRECTION('',(1.,0.,0.));
#4867 = PCURVE('',#4642,#4868);
#4868 = DEFINITIONAL_REPRESENTATION('',(#4869),#4873);
#4869 = LINE('',#4870,#4871);
#4870 = CARTESIAN_POINT('',(0.85,0.));
#4871 = VECTOR('',#4872,1.);
#4872 = DIRECTION('',(0.,1.));
#4873 = ( GEOMETRIC_REPRESENTATION_CONTEXT(2) 
PARAMETRIC_REPRESENTATION_CONTEXT() REPRESENTATION_CONTEXT('2D SPACE',''
  ) );
#4874 = PCURVE('',#4724,#4875);
#4875 = DEFINITIONAL_REPRESENTATION('',(#4876),#4880);
#4876 = LINE('',#4877,#4878);
#4877 = CARTESIAN_POINT('',(0.,0.));
#4878 = VECTOR('',#4879,1.);
#4879 = DIRECTION('',(1.,0.));
#4880 = ( GEOMETRIC_REPRESENTATION_CONTEXT(2) 
PARAMETRIC_REPRESENTATION_CONTEXT() REPRESENTATION_CONTEXT('2D SPACE',''
  ) );
#4881 = ORIENTED_EDGE('',*,*,#4739,.F.);
#4882 = ADVANCED_FACE('',(#4883),#4698,.T.);
#4883 = FACE_BOUND('',#4884,.T.);
#4884 = EDGE_LOOP('',(#4885,#4906,#4907,#4928));
#4885 = ORIENTED_EDGE('',*,*,#4886,.F.);
#4886 = EDGE_CURVE('',#4655,#4770,#4887,.T.);
#4887 = SURFACE_CURVE('',#4888,(#4892,#4899),.PCURVE_S1.);
#4888 = LINE('',#4889,#4890);
#4889 = CARTESIAN_POINT('',(8.8,3.78,-5.E-03));
#4890 = VECTOR('',#4891,1.);
#4891 = DIRECTION('',(1.,0.,0.));
#4892 = PCURVE('',#4698,#4893);
#4893 = DEFINITIONAL_REPRESENTATION('',(#4894),#4898);
#4894 = LINE('',#4895,#4896);
#4895 = CARTESIAN_POINT('',(0.,0.));
#4896 = VECTOR('',#4897,1.);
#4897 = DIRECTION('',(0.,1.));
#4898 = ( GEOMETRIC_REPRESENTATION_CONTEXT(2) 
PARAMETRIC_REPRESENTATION_CONTEXT() REPRESENTATION_CONTEXT('2D SPACE',''
  ) );
#4899 = PCURVE('',#4670,#4900);
#4900 = DEFINITIONAL_REPRESENTATION('',(#4901),#4905);
#4901 = LINE('',#4902,#4903);
#4902 = CARTESIAN_POINT('',(0.,0.9));
#4903 = VECTOR('',#4904,1.);
#4904 = DIRECTION('',(1.,0.));
#4905 = ( GEOMETRIC_REPRESENTATION_CONTEXT(2) 
PARAMETRIC_REPRESENTATION_CONTEXT() REPRESENTATION_CONTEXT('2D SPACE',''
  ) );
#4906 = ORIENTED_EDGE('',*,*,#4682,.T.);
#4907 = ORIENTED_EDGE('',*,*,#4908,.T.);
#4908 = EDGE_CURVE('',#4683,#4793,#4909,.T.);
#4909 = SURFACE_CURVE('',#4910,(#4914,#4921),.PCURVE_S1.);
#4910 = LINE('',#4911,#4912);
#4911 = CARTESIAN_POINT('',(8.8,3.78,0.845));
#4912 = VECTOR('',#4913,1.);
#4913 = DIRECTION('',(1.,0.,0.));
#4914 = PCURVE('',#4698,#4915);
#4915 = DEFINITIONAL_REPRESENTATION('',(#4916),#4920);
#4916 = LINE('',#4917,#4918);
#4917 = CARTESIAN_POINT('',(0.85,0.));
#4918 = VECTOR('',#4919,1.);
#4919 = DIRECTION('',(0.,1.));
#4920 = ( GEOMETRIC_REPRESENTATION_CONTEXT(2) 
PARAMETRIC_REPRESENTATION_CONTEXT() REPRESENTATION_CONTEXT('2D SPACE',''
  ) );
#4921 = PCURVE('',#4724,#4922);
#4922 = DEFINITIONAL_REPRESENTATION('',(#4923),#4927);
#4923 = LINE('',#4924,#4925);
#4924 = CARTESIAN_POINT('',(0.,0.9));
#4925 = VECTOR('',#4926,1.);
#4926 = DIRECTION('',(1.,0.));
#4927 = ( GEOMETRIC_REPRESENTATION_CONTEXT(2) 
PARAMETRIC_REPRESENTATION_CONTEXT() REPRESENTATION_CONTEXT('2D SPACE',''
  ) );
#4928 = ORIENTED_EDGE('',*,*,#4792,.F.);
#4929 = ADVANCED_FACE('',(#4930),#4670,.F.);
#4930 = FACE_BOUND('',#4931,.F.);
#4931 = EDGE_LOOP('',(#4932,#4933,#4934,#4935));
#4932 = ORIENTED_EDGE('',*,*,#4654,.F.);
#4933 = ORIENTED_EDGE('',*,*,#4839,.T.);
#4934 = ORIENTED_EDGE('',*,*,#4769,.T.);
#4935 = ORIENTED_EDGE('',*,*,#4886,.F.);
#4936 = ADVANCED_FACE('',(#4937),#4724,.T.);
#4937 = FACE_BOUND('',#4938,.T.);
#4938 = EDGE_LOOP('',(#4939,#4940,#4941,#4942));
#4939 = ORIENTED_EDGE('',*,*,#4710,.F.);
#4940 = ORIENTED_EDGE('',*,*,#4861,.T.);
#4941 = ORIENTED_EDGE('',*,*,#4815,.T.);
#4942 = ORIENTED_EDGE('',*,*,#4908,.F.);
#4943 = MANIFOLD_SOLID_BREP('',#4944);
#4944 = CLOSED_SHELL('',(#4945,#5065,#5165,#5212,#5259,#5266));
#4945 = ADVANCED_FACE('',(#4946),#4960,.F.);
#4946 = FACE_BOUND('',#4947,.F.);
#4947 = EDGE_LOOP('',(#4948,#4983,#5011,#5039));
#4948 = ORIENTED_EDGE('',*,*,#4949,.F.);
#4949 = EDGE_CURVE('',#4950,#4952,#4954,.T.);
#4950 = VERTEX_POINT('',#4951);
#4951 = CARTESIAN_POINT('',(-9.1,1.61,-5.E-03));
#4952 = VERTEX_POINT('',#4953);
#4953 = CARTESIAN_POINT('',(-9.1,1.61,0.845));
#4954 = SURFACE_CURVE('',#4955,(#4959,#4971),.PCURVE_S1.);
#4955 = LINE('',#4956,#4957);
#4956 = CARTESIAN_POINT('',(-9.1,1.61,-5.E-03));
#4957 = VECTOR('',#4958,1.);
#4958 = DIRECTION('',(0.,0.,1.));
#4959 = PCURVE('',#4960,#4965);
#4960 = PLANE('',#4961);
#4961 = AXIS2_PLACEMENT_3D('',#4962,#4963,#4964);
#4962 = CARTESIAN_POINT('',(-9.1,1.61,-5.E-03));
#4963 = DIRECTION('',(1.,0.,0.));
#4964 = DIRECTION('',(0.,0.,1.));
#4965 = DEFINITIONAL_REPRESENTATION('',(#4966),#4970);
#4966 = LINE('',#4967,#4968);
#4967 = CARTESIAN_POINT('',(0.,0.));
#4968 = VECTOR('',#4969,1.);
#4969 = DIRECTION('',(1.,0.));
#4970 = ( GEOMETRIC_REPRESENTATION_CONTEXT(2) 
PARAMETRIC_REPRESENTATION_CONTEXT() REPRESENTATION_CONTEXT('2D SPACE',''
  ) );
#4971 = PCURVE('',#4972,#4977);
#4972 = PLANE('',#4973);
#4973 = AXIS2_PLACEMENT_3D('',#4974,#4975,#4976);
#4974 = CARTESIAN_POINT('',(-9.1,1.61,-5.E-03));
#4975 = DIRECTION('',(0.,1.,0.));
#4976 = DIRECTION('',(0.,0.,1.));
#4977 = DEFINITIONAL_REPRESENTATION('',(#4978),#4982);
#4978 = LINE('',#4979,#4980);
#4979 = CARTESIAN_POINT('',(0.,0.));
#4980 = VECTOR('',#4981,1.);
#4981 = DIRECTION('',(1.,0.));
#4982 = ( GEOMETRIC_REPRESENTATION_CONTEXT(2) 
PARAMETRIC_REPRESENTATION_CONTEXT() REPRESENTATION_CONTEXT('2D SPACE',''
  ) );
#4983 = ORIENTED_EDGE('',*,*,#4984,.T.);
#4984 = EDGE_CURVE('',#4950,#4985,#4987,.T.);
#4985 = VERTEX_POINT('',#4986);
#4986 = CARTESIAN_POINT('',(-9.1,2.51,-5.E-03));
#4987 = SURFACE_CURVE('',#4988,(#4992,#4999),.PCURVE_S1.);
#4988 = LINE('',#4989,#4990);
#4989 = CARTESIAN_POINT('',(-9.1,1.61,-5.E-03));
#4990 = VECTOR('',#4991,1.);
#4991 = DIRECTION('',(0.,1.,0.));
#4992 = PCURVE('',#4960,#4993);
#4993 = DEFINITIONAL_REPRESENTATION('',(#4994),#4998);
#4994 = LINE('',#4995,#4996);
#4995 = CARTESIAN_POINT('',(0.,0.));
#4996 = VECTOR('',#4997,1.);
#4997 = DIRECTION('',(0.,-1.));
#4998 = ( GEOMETRIC_REPRESENTATION_CONTEXT(2) 
PARAMETRIC_REPRESENTATION_CONTEXT() REPRESENTATION_CONTEXT('2D SPACE',''
  ) );
#4999 = PCURVE('',#5000,#5005);
#5000 = PLANE('',#5001);
#5001 = AXIS2_PLACEMENT_3D('',#5002,#5003,#5004);
#5002 = CARTESIAN_POINT('',(-9.1,1.61,-5.E-03));
#5003 = DIRECTION('',(0.,0.,1.));
#5004 = DIRECTION('',(1.,0.,0.));
#5005 = DEFINITIONAL_REPRESENTATION('',(#5006),#5010);
#5006 = LINE('',#5007,#5008);
#5007 = CARTESIAN_POINT('',(0.,0.));
#5008 = VECTOR('',#5009,1.);
#5009 = DIRECTION('',(0.,1.));
#5010 = ( GEOMETRIC_REPRESENTATION_CONTEXT(2) 
PARAMETRIC_REPRESENTATION_CONTEXT() REPRESENTATION_CONTEXT('2D SPACE',''
  ) );
#5011 = ORIENTED_EDGE('',*,*,#5012,.T.);
#5012 = EDGE_CURVE('',#4985,#5013,#5015,.T.);
#5013 = VERTEX_POINT('',#5014);
#5014 = CARTESIAN_POINT('',(-9.1,2.51,0.845));
#5015 = SURFACE_CURVE('',#5016,(#5020,#5027),.PCURVE_S1.);
#5016 = LINE('',#5017,#5018);
#5017 = CARTESIAN_POINT('',(-9.1,2.51,-5.E-03));
#5018 = VECTOR('',#5019,1.);
#5019 = DIRECTION('',(0.,0.,1.));
#5020 = PCURVE('',#4960,#5021);
#5021 = DEFINITIONAL_REPRESENTATION('',(#5022),#5026);
#5022 = LINE('',#5023,#5024);
#5023 = CARTESIAN_POINT('',(0.,-0.9));
#5024 = VECTOR('',#5025,1.);
#5025 = DIRECTION('',(1.,0.));
#5026 = ( GEOMETRIC_REPRESENTATION_CONTEXT(2) 
PARAMETRIC_REPRESENTATION_CONTEXT() REPRESENTATION_CONTEXT('2D SPACE',''
  ) );
#5027 = PCURVE('',#5028,#5033);
#5028 = PLANE('',#5029);
#5029 = AXIS2_PLACEMENT_3D('',#5030,#5031,#5032);
#5030 = CARTESIAN_POINT('',(-9.1,2.51,-5.E-03));
#5031 = DIRECTION('',(0.,1.,0.));
#5032 = DIRECTION('',(0.,0.,1.));
#5033 = DEFINITIONAL_REPRESENTATION('',(#5034),#5038);
#5034 = LINE('',#5035,#5036);
#5035 = CARTESIAN_POINT('',(0.,0.));
#5036 = VECTOR('',#5037,1.);
#5037 = DIRECTION('',(1.,0.));
#5038 = ( GEOMETRIC_REPRESENTATION_CONTEXT(2) 
PARAMETRIC_REPRESENTATION_CONTEXT() REPRESENTATION_CONTEXT('2D SPACE',''
  ) );
#5039 = ORIENTED_EDGE('',*,*,#5040,.F.);
#5040 = EDGE_CURVE('',#4952,#5013,#5041,.T.);
#5041 = SURFACE_CURVE('',#5042,(#5046,#5053),.PCURVE_S1.);
#5042 = LINE('',#5043,#5044);
#5043 = CARTESIAN_POINT('',(-9.1,1.61,0.845));
#5044 = VECTOR('',#5045,1.);
#5045 = DIRECTION('',(0.,1.,0.));
#5046 = PCURVE('',#4960,#5047);
#5047 = DEFINITIONAL_REPRESENTATION('',(#5048),#5052);
#5048 = LINE('',#5049,#5050);
#5049 = CARTESIAN_POINT('',(0.85,0.));
#5050 = VECTOR('',#5051,1.);
#5051 = DIRECTION('',(0.,-1.));
#5052 = ( GEOMETRIC_REPRESENTATION_CONTEXT(2) 
PARAMETRIC_REPRESENTATION_CONTEXT() REPRESENTATION_CONTEXT('2D SPACE',''
  ) );
#5053 = PCURVE('',#5054,#5059);
#5054 = PLANE('',#5055);
#5055 = AXIS2_PLACEMENT_3D('',#5056,#5057,#5058);
#5056 = CARTESIAN_POINT('',(-9.1,1.61,0.845));
#5057 = DIRECTION('',(0.,0.,1.));
#5058 = DIRECTION('',(1.,0.,0.));
#5059 = DEFINITIONAL_REPRESENTATION('',(#5060),#5064);
#5060 = LINE('',#5061,#5062);
#5061 = CARTESIAN_POINT('',(0.,0.));
#5062 = VECTOR('',#5063,1.);
#5063 = DIRECTION('',(0.,1.));
#5064 = ( GEOMETRIC_REPRESENTATION_CONTEXT(2) 
PARAMETRIC_REPRESENTATION_CONTEXT() REPRESENTATION_CONTEXT('2D SPACE',''
  ) );
#5065 = ADVANCED_FACE('',(#5066),#5080,.T.);
#5066 = FACE_BOUND('',#5067,.T.);
#5067 = EDGE_LOOP('',(#5068,#5098,#5121,#5144));
#5068 = ORIENTED_EDGE('',*,*,#5069,.F.);
#5069 = EDGE_CURVE('',#5070,#5072,#5074,.T.);
#5070 = VERTEX_POINT('',#5071);
#5071 = CARTESIAN_POINT('',(-8.8,1.61,-5.E-03));
#5072 = VERTEX_POINT('',#5073);
#5073 = CARTESIAN_POINT('',(-8.8,1.61,0.845));
#5074 = SURFACE_CURVE('',#5075,(#5079,#5091),.PCURVE_S1.);
#5075 = LINE('',#5076,#5077);
#5076 = CARTESIAN_POINT('',(-8.8,1.61,-5.E-03));
#5077 = VECTOR('',#5078,1.);
#5078 = DIRECTION('',(0.,0.,1.));
#5079 = PCURVE('',#5080,#5085);
#5080 = PLANE('',#5081);
#5081 = AXIS2_PLACEMENT_3D('',#5082,#5083,#5084);
#5082 = CARTESIAN_POINT('',(-8.8,1.61,-5.E-03));
#5083 = DIRECTION('',(1.,0.,0.));
#5084 = DIRECTION('',(0.,0.,1.));
#5085 = DEFINITIONAL_REPRESENTATION('',(#5086),#5090);
#5086 = LINE('',#5087,#5088);
#5087 = CARTESIAN_POINT('',(0.,0.));
#5088 = VECTOR('',#5089,1.);
#5089 = DIRECTION('',(1.,0.));
#5090 = ( GEOMETRIC_REPRESENTATION_CONTEXT(2) 
PARAMETRIC_REPRESENTATION_CONTEXT() REPRESENTATION_CONTEXT('2D SPACE',''
  ) );
#5091 = PCURVE('',#4972,#5092);
#5092 = DEFINITIONAL_REPRESENTATION('',(#5093),#5097);
#5093 = LINE('',#5094,#5095);
#5094 = CARTESIAN_POINT('',(0.,0.3));
#5095 = VECTOR('',#5096,1.);
#5096 = DIRECTION('',(1.,0.));
#5097 = ( GEOMETRIC_REPRESENTATION_CONTEXT(2) 
PARAMETRIC_REPRESENTATION_CONTEXT() REPRESENTATION_CONTEXT('2D SPACE',''
  ) );
#5098 = ORIENTED_EDGE('',*,*,#5099,.T.);
#5099 = EDGE_CURVE('',#5070,#5100,#5102,.T.);
#5100 = VERTEX_POINT('',#5101);
#5101 = CARTESIAN_POINT('',(-8.8,2.51,-5.E-03));
#5102 = SURFACE_CURVE('',#5103,(#5107,#5114),.PCURVE_S1.);
#5103 = LINE('',#5104,#5105);
#5104 = CARTESIAN_POINT('',(-8.8,1.61,-5.E-03));
#5105 = VECTOR('',#5106,1.);
#5106 = DIRECTION('',(0.,1.,0.));
#5107 = PCURVE('',#5080,#5108);
#5108 = DEFINITIONAL_REPRESENTATION('',(#5109),#5113);
#5109 = LINE('',#5110,#5111);
#5110 = CARTESIAN_POINT('',(0.,0.));
#5111 = VECTOR('',#5112,1.);
#5112 = DIRECTION('',(0.,-1.));
#5113 = ( GEOMETRIC_REPRESENTATION_CONTEXT(2) 
PARAMETRIC_REPRESENTATION_CONTEXT() REPRESENTATION_CONTEXT('2D SPACE',''
  ) );
#5114 = PCURVE('',#5000,#5115);
#5115 = DEFINITIONAL_REPRESENTATION('',(#5116),#5120);
#5116 = LINE('',#5117,#5118);
#5117 = CARTESIAN_POINT('',(0.3,0.));
#5118 = VECTOR('',#5119,1.);
#5119 = DIRECTION('',(0.,1.));
#5120 = ( GEOMETRIC_REPRESENTATION_CONTEXT(2) 
PARAMETRIC_REPRESENTATION_CONTEXT() REPRESENTATION_CONTEXT('2D SPACE',''
  ) );
#5121 = ORIENTED_EDGE('',*,*,#5122,.T.);
#5122 = EDGE_CURVE('',#5100,#5123,#5125,.T.);
#5123 = VERTEX_POINT('',#5124);
#5124 = CARTESIAN_POINT('',(-8.8,2.51,0.845));
#5125 = SURFACE_CURVE('',#5126,(#5130,#5137),.PCURVE_S1.);
#5126 = LINE('',#5127,#5128);
#5127 = CARTESIAN_POINT('',(-8.8,2.51,-5.E-03));
#5128 = VECTOR('',#5129,1.);
#5129 = DIRECTION('',(0.,0.,1.));
#5130 = PCURVE('',#5080,#5131);
#5131 = DEFINITIONAL_REPRESENTATION('',(#5132),#5136);
#5132 = LINE('',#5133,#5134);
#5133 = CARTESIAN_POINT('',(0.,-0.9));
#5134 = VECTOR('',#5135,1.);
#5135 = DIRECTION('',(1.,0.));
#5136 = ( GEOMETRIC_REPRESENTATION_CONTEXT(2) 
PARAMETRIC_REPRESENTATION_CONTEXT() REPRESENTATION_CONTEXT('2D SPACE',''
  ) );
#5137 = PCURVE('',#5028,#5138);
#5138 = DEFINITIONAL_REPRESENTATION('',(#5139),#5143);
#5139 = LINE('',#5140,#5141);
#5140 = CARTESIAN_POINT('',(0.,0.3));
#5141 = VECTOR('',#5142,1.);
#5142 = DIRECTION('',(1.,0.));
#5143 = ( GEOMETRIC_REPRESENTATION_CONTEXT(2) 
PARAMETRIC_REPRESENTATION_CONTEXT() REPRESENTATION_CONTEXT('2D SPACE',''
  ) );
#5144 = ORIENTED_EDGE('',*,*,#5145,.F.);
#5145 = EDGE_CURVE('',#5072,#5123,#5146,.T.);
#5146 = SURFACE_CURVE('',#5147,(#5151,#5158),.PCURVE_S1.);
#5147 = LINE('',#5148,#5149);
#5148 = CARTESIAN_POINT('',(-8.8,1.61,0.845));
#5149 = VECTOR('',#5150,1.);
#5150 = DIRECTION('',(0.,1.,0.));
#5151 = PCURVE('',#5080,#5152);
#5152 = DEFINITIONAL_REPRESENTATION('',(#5153),#5157);
#5153 = LINE('',#5154,#5155);
#5154 = CARTESIAN_POINT('',(0.85,0.));
#5155 = VECTOR('',#5156,1.);
#5156 = DIRECTION('',(0.,-1.));
#5157 = ( GEOMETRIC_REPRESENTATION_CONTEXT(2) 
PARAMETRIC_REPRESENTATION_CONTEXT() REPRESENTATION_CONTEXT('2D SPACE',''
  ) );
#5158 = PCURVE('',#5054,#5159);
#5159 = DEFINITIONAL_REPRESENTATION('',(#5160),#5164);
#5160 = LINE('',#5161,#5162);
#5161 = CARTESIAN_POINT('',(0.3,0.));
#5162 = VECTOR('',#5163,1.);
#5163 = DIRECTION('',(0.,1.));
#5164 = ( GEOMETRIC_REPRESENTATION_CONTEXT(2) 
PARAMETRIC_REPRESENTATION_CONTEXT() REPRESENTATION_CONTEXT('2D SPACE',''
  ) );
#5165 = ADVANCED_FACE('',(#5166),#4972,.F.);
#5166 = FACE_BOUND('',#5167,.F.);
#5167 = EDGE_LOOP('',(#5168,#5189,#5190,#5211));
#5168 = ORIENTED_EDGE('',*,*,#5169,.F.);
#5169 = EDGE_CURVE('',#4950,#5070,#5170,.T.);
#5170 = SURFACE_CURVE('',#5171,(#5175,#5182),.PCURVE_S1.);
#5171 = LINE('',#5172,#5173);
#5172 = CARTESIAN_POINT('',(-9.1,1.61,-5.E-03));
#5173 = VECTOR('',#5174,1.);
#5174 = DIRECTION('',(1.,0.,0.));
#5175 = PCURVE('',#4972,#5176);
#5176 = DEFINITIONAL_REPRESENTATION('',(#5177),#5181);
#5177 = LINE('',#5178,#5179);
#5178 = CARTESIAN_POINT('',(0.,0.));
#5179 = VECTOR('',#5180,1.);
#5180 = DIRECTION('',(0.,1.));
#5181 = ( GEOMETRIC_REPRESENTATION_CONTEXT(2) 
PARAMETRIC_REPRESENTATION_CONTEXT() REPRESENTATION_CONTEXT('2D SPACE',''
  ) );
#5182 = PCURVE('',#5000,#5183);
#5183 = DEFINITIONAL_REPRESENTATION('',(#5184),#5188);
#5184 = LINE('',#5185,#5186);
#5185 = CARTESIAN_POINT('',(0.,0.));
#5186 = VECTOR('',#5187,1.);
#5187 = DIRECTION('',(1.,0.));
#5188 = ( GEOMETRIC_REPRESENTATION_CONTEXT(2) 
PARAMETRIC_REPRESENTATION_CONTEXT() REPRESENTATION_CONTEXT('2D SPACE',''
  ) );
#5189 = ORIENTED_EDGE('',*,*,#4949,.T.);
#5190 = ORIENTED_EDGE('',*,*,#5191,.T.);
#5191 = EDGE_CURVE('',#4952,#5072,#5192,.T.);
#5192 = SURFACE_CURVE('',#5193,(#5197,#5204),.PCURVE_S1.);
#5193 = LINE('',#5194,#5195);
#5194 = CARTESIAN_POINT('',(-9.1,1.61,0.845));
#5195 = VECTOR('',#5196,1.);
#5196 = DIRECTION('',(1.,0.,0.));
#5197 = PCURVE('',#4972,#5198);
#5198 = DEFINITIONAL_REPRESENTATION('',(#5199),#5203);
#5199 = LINE('',#5200,#5201);
#5200 = CARTESIAN_POINT('',(0.85,0.));
#5201 = VECTOR('',#5202,1.);
#5202 = DIRECTION('',(0.,1.));
#5203 = ( GEOMETRIC_REPRESENTATION_CONTEXT(2) 
PARAMETRIC_REPRESENTATION_CONTEXT() REPRESENTATION_CONTEXT('2D SPACE',''
  ) );
#5204 = PCURVE('',#5054,#5205);
#5205 = DEFINITIONAL_REPRESENTATION('',(#5206),#5210);
#5206 = LINE('',#5207,#5208);
#5207 = CARTESIAN_POINT('',(0.,0.));
#5208 = VECTOR('',#5209,1.);
#5209 = DIRECTION('',(1.,0.));
#5210 = ( GEOMETRIC_REPRESENTATION_CONTEXT(2) 
PARAMETRIC_REPRESENTATION_CONTEXT() REPRESENTATION_CONTEXT('2D SPACE',''
  ) );
#5211 = ORIENTED_EDGE('',*,*,#5069,.F.);
#5212 = ADVANCED_FACE('',(#5213),#5028,.T.);
#5213 = FACE_BOUND('',#5214,.T.);
#5214 = EDGE_LOOP('',(#5215,#5236,#5237,#5258));
#5215 = ORIENTED_EDGE('',*,*,#5216,.F.);
#5216 = EDGE_CURVE('',#4985,#5100,#5217,.T.);
#5217 = SURFACE_CURVE('',#5218,(#5222,#5229),.PCURVE_S1.);
#5218 = LINE('',#5219,#5220);
#5219 = CARTESIAN_POINT('',(-9.1,2.51,-5.E-03));
#5220 = VECTOR('',#5221,1.);
#5221 = DIRECTION('',(1.,0.,0.));
#5222 = PCURVE('',#5028,#5223);
#5223 = DEFINITIONAL_REPRESENTATION('',(#5224),#5228);
#5224 = LINE('',#5225,#5226);
#5225 = CARTESIAN_POINT('',(0.,0.));
#5226 = VECTOR('',#5227,1.);
#5227 = DIRECTION('',(0.,1.));
#5228 = ( GEOMETRIC_REPRESENTATION_CONTEXT(2) 
PARAMETRIC_REPRESENTATION_CONTEXT() REPRESENTATION_CONTEXT('2D SPACE',''
  ) );
#5229 = PCURVE('',#5000,#5230);
#5230 = DEFINITIONAL_REPRESENTATION('',(#5231),#5235);
#5231 = LINE('',#5232,#5233);
#5232 = CARTESIAN_POINT('',(0.,0.9));
#5233 = VECTOR('',#5234,1.);
#5234 = DIRECTION('',(1.,0.));
#5235 = ( GEOMETRIC_REPRESENTATION_CONTEXT(2) 
PARAMETRIC_REPRESENTATION_CONTEXT() REPRESENTATION_CONTEXT('2D SPACE',''
  ) );
#5236 = ORIENTED_EDGE('',*,*,#5012,.T.);
#5237 = ORIENTED_EDGE('',*,*,#5238,.T.);
#5238 = EDGE_CURVE('',#5013,#5123,#5239,.T.);
#5239 = SURFACE_CURVE('',#5240,(#5244,#5251),.PCURVE_S1.);
#5240 = LINE('',#5241,#5242);
#5241 = CARTESIAN_POINT('',(-9.1,2.51,0.845));
#5242 = VECTOR('',#5243,1.);
#5243 = DIRECTION('',(1.,0.,0.));
#5244 = PCURVE('',#5028,#5245);
#5245 = DEFINITIONAL_REPRESENTATION('',(#5246),#5250);
#5246 = LINE('',#5247,#5248);
#5247 = CARTESIAN_POINT('',(0.85,0.));
#5248 = VECTOR('',#5249,1.);
#5249 = DIRECTION('',(0.,1.));
#5250 = ( GEOMETRIC_REPRESENTATION_CONTEXT(2) 
PARAMETRIC_REPRESENTATION_CONTEXT() REPRESENTATION_CONTEXT('2D SPACE',''
  ) );
#5251 = PCURVE('',#5054,#5252);
#5252 = DEFINITIONAL_REPRESENTATION('',(#5253),#5257);
#5253 = LINE('',#5254,#5255);
#5254 = CARTESIAN_POINT('',(0.,0.9));
#5255 = VECTOR('',#5256,1.);
#5256 = DIRECTION('',(1.,0.));
#5257 = ( GEOMETRIC_REPRESENTATION_CONTEXT(2) 
PARAMETRIC_REPRESENTATION_CONTEXT() REPRESENTATION_CONTEXT('2D SPACE',''
  ) );
#5258 = ORIENTED_EDGE('',*,*,#5122,.F.);
#5259 = ADVANCED_FACE('',(#5260),#5000,.F.);
#5260 = FACE_BOUND('',#5261,.F.);
#5261 = EDGE_LOOP('',(#5262,#5263,#5264,#5265));
#5262 = ORIENTED_EDGE('',*,*,#4984,.F.);
#5263 = ORIENTED_EDGE('',*,*,#5169,.T.);
#5264 = ORIENTED_EDGE('',*,*,#5099,.T.);
#5265 = ORIENTED_EDGE('',*,*,#5216,.F.);
#5266 = ADVANCED_FACE('',(#5267),#5054,.T.);
#5267 = FACE_BOUND('',#5268,.T.);
#5268 = EDGE_LOOP('',(#5269,#5270,#5271,#5272));
#5269 = ORIENTED_EDGE('',*,*,#5040,.F.);
#5270 = ORIENTED_EDGE('',*,*,#5191,.T.);
#5271 = ORIENTED_EDGE('',*,*,#5145,.T.);
#5272 = ORIENTED_EDGE('',*,*,#5238,.F.);
#5273 = MANIFOLD_SOLID_BREP('',#5274);
#5274 = CLOSED_SHELL('',(#5275,#5395,#5495,#5542,#5589,#5596));
#5275 = ADVANCED_FACE('',(#5276),#5290,.F.);
#5276 = FACE_BOUND('',#5277,.F.);
#5277 = EDGE_LOOP('',(#5278,#5313,#5341,#5369));
#5278 = ORIENTED_EDGE('',*,*,#5279,.F.);
#5279 = EDGE_CURVE('',#5280,#5282,#5284,.T.);
#5280 = VERTEX_POINT('',#5281);
#5281 = CARTESIAN_POINT('',(8.8,1.61,-5.E-03));
#5282 = VERTEX_POINT('',#5283);
#5283 = CARTESIAN_POINT('',(8.8,1.61,0.845));
#5284 = SURFACE_CURVE('',#5285,(#5289,#5301),.PCURVE_S1.);
#5285 = LINE('',#5286,#5287);
#5286 = CARTESIAN_POINT('',(8.8,1.61,-5.E-03));
#5287 = VECTOR('',#5288,1.);
#5288 = DIRECTION('',(0.,0.,1.));
#5289 = PCURVE('',#5290,#5295);
#5290 = PLANE('',#5291);
#5291 = AXIS2_PLACEMENT_3D('',#5292,#5293,#5294);
#5292 = CARTESIAN_POINT('',(8.8,1.61,-5.E-03));
#5293 = DIRECTION('',(1.,0.,0.));
#5294 = DIRECTION('',(0.,0.,1.));
#5295 = DEFINITIONAL_REPRESENTATION('',(#5296),#5300);
#5296 = LINE('',#5297,#5298);
#5297 = CARTESIAN_POINT('',(0.,0.));
#5298 = VECTOR('',#5299,1.);
#5299 = DIRECTION('',(1.,0.));
#5300 = ( GEOMETRIC_REPRESENTATION_CONTEXT(2) 
PARAMETRIC_REPRESENTATION_CONTEXT() REPRESENTATION_CONTEXT('2D SPACE',''
  ) );
#5301 = PCURVE('',#5302,#5307);
#5302 = PLANE('',#5303);
#5303 = AXIS2_PLACEMENT_3D('',#5304,#5305,#5306);
#5304 = CARTESIAN_POINT('',(8.8,1.61,-5.E-03));
#5305 = DIRECTION('',(0.,1.,0.));
#5306 = DIRECTION('',(0.,0.,1.));
#5307 = DEFINITIONAL_REPRESENTATION('',(#5308),#5312);
#5308 = LINE('',#5309,#5310);
#5309 = CARTESIAN_POINT('',(0.,0.));
#5310 = VECTOR('',#5311,1.);
#5311 = DIRECTION('',(1.,0.));
#5312 = ( GEOMETRIC_REPRESENTATION_CONTEXT(2) 
PARAMETRIC_REPRESENTATION_CONTEXT() REPRESENTATION_CONTEXT('2D SPACE',''
  ) );
#5313 = ORIENTED_EDGE('',*,*,#5314,.T.);
#5314 = EDGE_CURVE('',#5280,#5315,#5317,.T.);
#5315 = VERTEX_POINT('',#5316);
#5316 = CARTESIAN_POINT('',(8.8,2.51,-5.E-03));
#5317 = SURFACE_CURVE('',#5318,(#5322,#5329),.PCURVE_S1.);
#5318 = LINE('',#5319,#5320);
#5319 = CARTESIAN_POINT('',(8.8,1.61,-5.E-03));
#5320 = VECTOR('',#5321,1.);
#5321 = DIRECTION('',(0.,1.,0.));
#5322 = PCURVE('',#5290,#5323);
#5323 = DEFINITIONAL_REPRESENTATION('',(#5324),#5328);
#5324 = LINE('',#5325,#5326);
#5325 = CARTESIAN_POINT('',(0.,0.));
#5326 = VECTOR('',#5327,1.);
#5327 = DIRECTION('',(0.,-1.));
#5328 = ( GEOMETRIC_REPRESENTATION_CONTEXT(2) 
PARAMETRIC_REPRESENTATION_CONTEXT() REPRESENTATION_CONTEXT('2D SPACE',''
  ) );
#5329 = PCURVE('',#5330,#5335);
#5330 = PLANE('',#5331);
#5331 = AXIS2_PLACEMENT_3D('',#5332,#5333,#5334);
#5332 = CARTESIAN_POINT('',(8.8,1.61,-5.E-03));
#5333 = DIRECTION('',(0.,0.,1.));
#5334 = DIRECTION('',(1.,0.,0.));
#5335 = DEFINITIONAL_REPRESENTATION('',(#5336),#5340);
#5336 = LINE('',#5337,#5338);
#5337 = CARTESIAN_POINT('',(0.,0.));
#5338 = VECTOR('',#5339,1.);
#5339 = DIRECTION('',(0.,1.));
#5340 = ( GEOMETRIC_REPRESENTATION_CONTEXT(2) 
PARAMETRIC_REPRESENTATION_CONTEXT() REPRESENTATION_CONTEXT('2D SPACE',''
  ) );
#5341 = ORIENTED_EDGE('',*,*,#5342,.T.);
#5342 = EDGE_CURVE('',#5315,#5343,#5345,.T.);
#5343 = VERTEX_POINT('',#5344);
#5344 = CARTESIAN_POINT('',(8.8,2.51,0.845));
#5345 = SURFACE_CURVE('',#5346,(#5350,#5357),.PCURVE_S1.);
#5346 = LINE('',#5347,#5348);
#5347 = CARTESIAN_POINT('',(8.8,2.51,-5.E-03));
#5348 = VECTOR('',#5349,1.);
#5349 = DIRECTION('',(0.,0.,1.));
#5350 = PCURVE('',#5290,#5351);
#5351 = DEFINITIONAL_REPRESENTATION('',(#5352),#5356);
#5352 = LINE('',#5353,#5354);
#5353 = CARTESIAN_POINT('',(0.,-0.9));
#5354 = VECTOR('',#5355,1.);
#5355 = DIRECTION('',(1.,0.));
#5356 = ( GEOMETRIC_REPRESENTATION_CONTEXT(2) 
PARAMETRIC_REPRESENTATION_CONTEXT() REPRESENTATION_CONTEXT('2D SPACE',''
  ) );
#5357 = PCURVE('',#5358,#5363);
#5358 = PLANE('',#5359);
#5359 = AXIS2_PLACEMENT_3D('',#5360,#5361,#5362);
#5360 = CARTESIAN_POINT('',(8.8,2.51,-5.E-03));
#5361 = DIRECTION('',(0.,1.,0.));
#5362 = DIRECTION('',(0.,0.,1.));
#5363 = DEFINITIONAL_REPRESENTATION('',(#5364),#5368);
#5364 = LINE('',#5365,#5366);
#5365 = CARTESIAN_POINT('',(0.,0.));
#5366 = VECTOR('',#5367,1.);
#5367 = DIRECTION('',(1.,0.));
#5368 = ( GEOMETRIC_REPRESENTATION_CONTEXT(2) 
PARAMETRIC_REPRESENTATION_CONTEXT() REPRESENTATION_CONTEXT('2D SPACE',''
  ) );
#5369 = ORIENTED_EDGE('',*,*,#5370,.F.);
#5370 = EDGE_CURVE('',#5282,#5343,#5371,.T.);
#5371 = SURFACE_CURVE('',#5372,(#5376,#5383),.PCURVE_S1.);
#5372 = LINE('',#5373,#5374);
#5373 = CARTESIAN_POINT('',(8.8,1.61,0.845));
#5374 = VECTOR('',#5375,1.);
#5375 = DIRECTION('',(0.,1.,0.));
#5376 = PCURVE('',#5290,#5377);
#5377 = DEFINITIONAL_REPRESENTATION('',(#5378),#5382);
#5378 = LINE('',#5379,#5380);
#5379 = CARTESIAN_POINT('',(0.85,0.));
#5380 = VECTOR('',#5381,1.);
#5381 = DIRECTION('',(0.,-1.));
#5382 = ( GEOMETRIC_REPRESENTATION_CONTEXT(2) 
PARAMETRIC_REPRESENTATION_CONTEXT() REPRESENTATION_CONTEXT('2D SPACE',''
  ) );
#5383 = PCURVE('',#5384,#5389);
#5384 = PLANE('',#5385);
#5385 = AXIS2_PLACEMENT_3D('',#5386,#5387,#5388);
#5386 = CARTESIAN_POINT('',(8.8,1.61,0.845));
#5387 = DIRECTION('',(0.,0.,1.));
#5388 = DIRECTION('',(1.,0.,0.));
#5389 = DEFINITIONAL_REPRESENTATION('',(#5390),#5394);
#5390 = LINE('',#5391,#5392);
#5391 = CARTESIAN_POINT('',(0.,0.));
#5392 = VECTOR('',#5393,1.);
#5393 = DIRECTION('',(0.,1.));
#5394 = ( GEOMETRIC_REPRESENTATION_CONTEXT(2) 
PARAMETRIC_REPRESENTATION_CONTEXT() REPRESENTATION_CONTEXT('2D SPACE',''
  ) );
#5395 = ADVANCED_FACE('',(#5396),#5410,.T.);
#5396 = FACE_BOUND('',#5397,.T.);
#5397 = EDGE_LOOP('',(#5398,#5428,#5451,#5474));
#5398 = ORIENTED_EDGE('',*,*,#5399,.F.);
#5399 = EDGE_CURVE('',#5400,#5402,#5404,.T.);
#5400 = VERTEX_POINT('',#5401);
#5401 = CARTESIAN_POINT('',(9.1,1.61,-5.E-03));
#5402 = VERTEX_POINT('',#5403);
#5403 = CARTESIAN_POINT('',(9.1,1.61,0.845));
#5404 = SURFACE_CURVE('',#5405,(#5409,#5421),.PCURVE_S1.);
#5405 = LINE('',#5406,#5407);
#5406 = CARTESIAN_POINT('',(9.1,1.61,-5.E-03));
#5407 = VECTOR('',#5408,1.);
#5408 = DIRECTION('',(0.,0.,1.));
#5409 = PCURVE('',#5410,#5415);
#5410 = PLANE('',#5411);
#5411 = AXIS2_PLACEMENT_3D('',#5412,#5413,#5414);
#5412 = CARTESIAN_POINT('',(9.1,1.61,-5.E-03));
#5413 = DIRECTION('',(1.,0.,0.));
#5414 = DIRECTION('',(0.,0.,1.));
#5415 = DEFINITIONAL_REPRESENTATION('',(#5416),#5420);
#5416 = LINE('',#5417,#5418);
#5417 = CARTESIAN_POINT('',(0.,0.));
#5418 = VECTOR('',#5419,1.);
#5419 = DIRECTION('',(1.,0.));
#5420 = ( GEOMETRIC_REPRESENTATION_CONTEXT(2) 
PARAMETRIC_REPRESENTATION_CONTEXT() REPRESENTATION_CONTEXT('2D SPACE',''
  ) );
#5421 = PCURVE('',#5302,#5422);
#5422 = DEFINITIONAL_REPRESENTATION('',(#5423),#5427);
#5423 = LINE('',#5424,#5425);
#5424 = CARTESIAN_POINT('',(0.,0.3));
#5425 = VECTOR('',#5426,1.);
#5426 = DIRECTION('',(1.,0.));
#5427 = ( GEOMETRIC_REPRESENTATION_CONTEXT(2) 
PARAMETRIC_REPRESENTATION_CONTEXT() REPRESENTATION_CONTEXT('2D SPACE',''
  ) );
#5428 = ORIENTED_EDGE('',*,*,#5429,.T.);
#5429 = EDGE_CURVE('',#5400,#5430,#5432,.T.);
#5430 = VERTEX_POINT('',#5431);
#5431 = CARTESIAN_POINT('',(9.1,2.51,-5.E-03));
#5432 = SURFACE_CURVE('',#5433,(#5437,#5444),.PCURVE_S1.);
#5433 = LINE('',#5434,#5435);
#5434 = CARTESIAN_POINT('',(9.1,1.61,-5.E-03));
#5435 = VECTOR('',#5436,1.);
#5436 = DIRECTION('',(0.,1.,0.));
#5437 = PCURVE('',#5410,#5438);
#5438 = DEFINITIONAL_REPRESENTATION('',(#5439),#5443);
#5439 = LINE('',#5440,#5441);
#5440 = CARTESIAN_POINT('',(0.,0.));
#5441 = VECTOR('',#5442,1.);
#5442 = DIRECTION('',(0.,-1.));
#5443 = ( GEOMETRIC_REPRESENTATION_CONTEXT(2) 
PARAMETRIC_REPRESENTATION_CONTEXT() REPRESENTATION_CONTEXT('2D SPACE',''
  ) );
#5444 = PCURVE('',#5330,#5445);
#5445 = DEFINITIONAL_REPRESENTATION('',(#5446),#5450);
#5446 = LINE('',#5447,#5448);
#5447 = CARTESIAN_POINT('',(0.3,0.));
#5448 = VECTOR('',#5449,1.);
#5449 = DIRECTION('',(0.,1.));
#5450 = ( GEOMETRIC_REPRESENTATION_CONTEXT(2) 
PARAMETRIC_REPRESENTATION_CONTEXT() REPRESENTATION_CONTEXT('2D SPACE',''
  ) );
#5451 = ORIENTED_EDGE('',*,*,#5452,.T.);
#5452 = EDGE_CURVE('',#5430,#5453,#5455,.T.);
#5453 = VERTEX_POINT('',#5454);
#5454 = CARTESIAN_POINT('',(9.1,2.51,0.845));
#5455 = SURFACE_CURVE('',#5456,(#5460,#5467),.PCURVE_S1.);
#5456 = LINE('',#5457,#5458);
#5457 = CARTESIAN_POINT('',(9.1,2.51,-5.E-03));
#5458 = VECTOR('',#5459,1.);
#5459 = DIRECTION('',(0.,0.,1.));
#5460 = PCURVE('',#5410,#5461);
#5461 = DEFINITIONAL_REPRESENTATION('',(#5462),#5466);
#5462 = LINE('',#5463,#5464);
#5463 = CARTESIAN_POINT('',(0.,-0.9));
#5464 = VECTOR('',#5465,1.);
#5465 = DIRECTION('',(1.,0.));
#5466 = ( GEOMETRIC_REPRESENTATION_CONTEXT(2) 
PARAMETRIC_REPRESENTATION_CONTEXT() REPRESENTATION_CONTEXT('2D SPACE',''
  ) );
#5467 = PCURVE('',#5358,#5468);
#5468 = DEFINITIONAL_REPRESENTATION('',(#5469),#5473);
#5469 = LINE('',#5470,#5471);
#5470 = CARTESIAN_POINT('',(0.,0.3));
#5471 = VECTOR('',#5472,1.);
#5472 = DIRECTION('',(1.,0.));
#5473 = ( GEOMETRIC_REPRESENTATION_CONTEXT(2) 
PARAMETRIC_REPRESENTATION_CONTEXT() REPRESENTATION_CONTEXT('2D SPACE',''
  ) );
#5474 = ORIENTED_EDGE('',*,*,#5475,.F.);
#5475 = EDGE_CURVE('',#5402,#5453,#5476,.T.);
#5476 = SURFACE_CURVE('',#5477,(#5481,#5488),.PCURVE_S1.);
#5477 = LINE('',#5478,#5479);
#5478 = CARTESIAN_POINT('',(9.1,1.61,0.845));
#5479 = VECTOR('',#5480,1.);
#5480 = DIRECTION('',(0.,1.,0.));
#5481 = PCURVE('',#5410,#5482);
#5482 = DEFINITIONAL_REPRESENTATION('',(#5483),#5487);
#5483 = LINE('',#5484,#5485);
#5484 = CARTESIAN_POINT('',(0.85,0.));
#5485 = VECTOR('',#5486,1.);
#5486 = DIRECTION('',(0.,-1.));
#5487 = ( GEOMETRIC_REPRESENTATION_CONTEXT(2) 
PARAMETRIC_REPRESENTATION_CONTEXT() REPRESENTATION_CONTEXT('2D SPACE',''
  ) );
#5488 = PCURVE('',#5384,#5489);
#5489 = DEFINITIONAL_REPRESENTATION('',(#5490),#5494);
#5490 = LINE('',#5491,#5492);
#5491 = CARTESIAN_POINT('',(0.3,0.));
#5492 = VECTOR('',#5493,1.);
#5493 = DIRECTION('',(0.,1.));
#5494 = ( GEOMETRIC_REPRESENTATION_CONTEXT(2) 
PARAMETRIC_REPRESENTATION_CONTEXT() REPRESENTATION_CONTEXT('2D SPACE',''
  ) );
#5495 = ADVANCED_FACE('',(#5496),#5302,.F.);
#5496 = FACE_BOUND('',#5497,.F.);
#5497 = EDGE_LOOP('',(#5498,#5519,#5520,#5541));
#5498 = ORIENTED_EDGE('',*,*,#5499,.F.);
#5499 = EDGE_CURVE('',#5280,#5400,#5500,.T.);
#5500 = SURFACE_CURVE('',#5501,(#5505,#5512),.PCURVE_S1.);
#5501 = LINE('',#5502,#5503);
#5502 = CARTESIAN_POINT('',(8.8,1.61,-5.E-03));
#5503 = VECTOR('',#5504,1.);
#5504 = DIRECTION('',(1.,0.,0.));
#5505 = PCURVE('',#5302,#5506);
#5506 = DEFINITIONAL_REPRESENTATION('',(#5507),#5511);
#5507 = LINE('',#5508,#5509);
#5508 = CARTESIAN_POINT('',(0.,0.));
#5509 = VECTOR('',#5510,1.);
#5510 = DIRECTION('',(0.,1.));
#5511 = ( GEOMETRIC_REPRESENTATION_CONTEXT(2) 
PARAMETRIC_REPRESENTATION_CONTEXT() REPRESENTATION_CONTEXT('2D SPACE',''
  ) );
#5512 = PCURVE('',#5330,#5513);
#5513 = DEFINITIONAL_REPRESENTATION('',(#5514),#5518);
#5514 = LINE('',#5515,#5516);
#5515 = CARTESIAN_POINT('',(0.,0.));
#5516 = VECTOR('',#5517,1.);
#5517 = DIRECTION('',(1.,0.));
#5518 = ( GEOMETRIC_REPRESENTATION_CONTEXT(2) 
PARAMETRIC_REPRESENTATION_CONTEXT() REPRESENTATION_CONTEXT('2D SPACE',''
  ) );
#5519 = ORIENTED_EDGE('',*,*,#5279,.T.);
#5520 = ORIENTED_EDGE('',*,*,#5521,.T.);
#5521 = EDGE_CURVE('',#5282,#5402,#5522,.T.);
#5522 = SURFACE_CURVE('',#5523,(#5527,#5534),.PCURVE_S1.);
#5523 = LINE('',#5524,#5525);
#5524 = CARTESIAN_POINT('',(8.8,1.61,0.845));
#5525 = VECTOR('',#5526,1.);
#5526 = DIRECTION('',(1.,0.,0.));
#5527 = PCURVE('',#5302,#5528);
#5528 = DEFINITIONAL_REPRESENTATION('',(#5529),#5533);
#5529 = LINE('',#5530,#5531);
#5530 = CARTESIAN_POINT('',(0.85,0.));
#5531 = VECTOR('',#5532,1.);
#5532 = DIRECTION('',(0.,1.));
#5533 = ( GEOMETRIC_REPRESENTATION_CONTEXT(2) 
PARAMETRIC_REPRESENTATION_CONTEXT() REPRESENTATION_CONTEXT('2D SPACE',''
  ) );
#5534 = PCURVE('',#5384,#5535);
#5535 = DEFINITIONAL_REPRESENTATION('',(#5536),#5540);
#5536 = LINE('',#5537,#5538);
#5537 = CARTESIAN_POINT('',(0.,0.));
#5538 = VECTOR('',#5539,1.);
#5539 = DIRECTION('',(1.,0.));
#5540 = ( GEOMETRIC_REPRESENTATION_CONTEXT(2) 
PARAMETRIC_REPRESENTATION_CONTEXT() REPRESENTATION_CONTEXT('2D SPACE',''
  ) );
#5541 = ORIENTED_EDGE('',*,*,#5399,.F.);
#5542 = ADVANCED_FACE('',(#5543),#5358,.T.);
#5543 = FACE_BOUND('',#5544,.T.);
#5544 = EDGE_LOOP('',(#5545,#5566,#5567,#5588));
#5545 = ORIENTED_EDGE('',*,*,#5546,.F.);
#5546 = EDGE_CURVE('',#5315,#5430,#5547,.T.);
#5547 = SURFACE_CURVE('',#5548,(#5552,#5559),.PCURVE_S1.);
#5548 = LINE('',#5549,#5550);
#5549 = CARTESIAN_POINT('',(8.8,2.51,-5.E-03));
#5550 = VECTOR('',#5551,1.);
#5551 = DIRECTION('',(1.,0.,0.));
#5552 = PCURVE('',#5358,#5553);
#5553 = DEFINITIONAL_REPRESENTATION('',(#5554),#5558);
#5554 = LINE('',#5555,#5556);
#5555 = CARTESIAN_POINT('',(0.,0.));
#5556 = VECTOR('',#5557,1.);
#5557 = DIRECTION('',(0.,1.));
#5558 = ( GEOMETRIC_REPRESENTATION_CONTEXT(2) 
PARAMETRIC_REPRESENTATION_CONTEXT() REPRESENTATION_CONTEXT('2D SPACE',''
  ) );
#5559 = PCURVE('',#5330,#5560);
#5560 = DEFINITIONAL_REPRESENTATION('',(#5561),#5565);
#5561 = LINE('',#5562,#5563);
#5562 = CARTESIAN_POINT('',(0.,0.9));
#5563 = VECTOR('',#5564,1.);
#5564 = DIRECTION('',(1.,0.));
#5565 = ( GEOMETRIC_REPRESENTATION_CONTEXT(2) 
PARAMETRIC_REPRESENTATION_CONTEXT() REPRESENTATION_CONTEXT('2D SPACE',''
  ) );
#5566 = ORIENTED_EDGE('',*,*,#5342,.T.);
#5567 = ORIENTED_EDGE('',*,*,#5568,.T.);
#5568 = EDGE_CURVE('',#5343,#5453,#5569,.T.);
#5569 = SURFACE_CURVE('',#5570,(#5574,#5581),.PCURVE_S1.);
#5570 = LINE('',#5571,#5572);
#5571 = CARTESIAN_POINT('',(8.8,2.51,0.845));
#5572 = VECTOR('',#5573,1.);
#5573 = DIRECTION('',(1.,0.,0.));
#5574 = PCURVE('',#5358,#5575);
#5575 = DEFINITIONAL_REPRESENTATION('',(#5576),#5580);
#5576 = LINE('',#5577,#5578);
#5577 = CARTESIAN_POINT('',(0.85,0.));
#5578 = VECTOR('',#5579,1.);
#5579 = DIRECTION('',(0.,1.));
#5580 = ( GEOMETRIC_REPRESENTATION_CONTEXT(2) 
PARAMETRIC_REPRESENTATION_CONTEXT() REPRESENTATION_CONTEXT('2D SPACE',''
  ) );
#5581 = PCURVE('',#5384,#5582);
#5582 = DEFINITIONAL_REPRESENTATION('',(#5583),#5587);
#5583 = LINE('',#5584,#5585);
#5584 = CARTESIAN_POINT('',(0.,0.9));
#5585 = VECTOR('',#5586,1.);
#5586 = DIRECTION('',(1.,0.));
#5587 = ( GEOMETRIC_REPRESENTATION_CONTEXT(2) 
PARAMETRIC_REPRESENTATION_CONTEXT() REPRESENTATION_CONTEXT('2D SPACE',''
  ) );
#5588 = ORIENTED_EDGE('',*,*,#5452,.F.);
#5589 = ADVANCED_FACE('',(#5590),#5330,.F.);
#5590 = FACE_BOUND('',#5591,.F.);
#5591 = EDGE_LOOP('',(#5592,#5593,#5594,#5595));
#5592 = ORIENTED_EDGE('',*,*,#5314,.F.);
#5593 = ORIENTED_EDGE('',*,*,#5499,.T.);
#5594 = ORIENTED_EDGE('',*,*,#5429,.T.);
#5595 = ORIENTED_EDGE('',*,*,#5546,.F.);
#5596 = ADVANCED_FACE('',(#5597),#5384,.T.);
#5597 = FACE_BOUND('',#5598,.T.);
#5598 = EDGE_LOOP('',(#5599,#5600,#5601,#5602));
#5599 = ORIENTED_EDGE('',*,*,#5370,.F.);
#5600 = ORIENTED_EDGE('',*,*,#5521,.T.);
#5601 = ORIENTED_EDGE('',*,*,#5475,.T.);
#5602 = ORIENTED_EDGE('',*,*,#5568,.F.);
#5603 = MANIFOLD_SOLID_BREP('',#5604);
#5604 = CLOSED_SHELL('',(#5605,#5725,#5825,#5872,#5919,#5926));
#5605 = ADVANCED_FACE('',(#5606),#5620,.F.);
#5606 = FACE_BOUND('',#5607,.F.);
#5607 = EDGE_LOOP('',(#5608,#5643,#5671,#5699));
#5608 = ORIENTED_EDGE('',*,*,#5609,.F.);
#5609 = EDGE_CURVE('',#5610,#5612,#5614,.T.);
#5610 = VERTEX_POINT('',#5611);
#5611 = CARTESIAN_POINT('',(-9.1,0.34,-5.E-03));
#5612 = VERTEX_POINT('',#5613);
#5613 = CARTESIAN_POINT('',(-9.1,0.34,0.845));
#5614 = SURFACE_CURVE('',#5615,(#5619,#5631),.PCURVE_S1.);
#5615 = LINE('',#5616,#5617);
#5616 = CARTESIAN_POINT('',(-9.1,0.34,-5.E-03));
#5617 = VECTOR('',#5618,1.);
#5618 = DIRECTION('',(0.,0.,1.));
#5619 = PCURVE('',#5620,#5625);
#5620 = PLANE('',#5621);
#5621 = AXIS2_PLACEMENT_3D('',#5622,#5623,#5624);
#5622 = CARTESIAN_POINT('',(-9.1,0.34,-5.E-03));
#5623 = DIRECTION('',(1.,0.,0.));
#5624 = DIRECTION('',(0.,0.,1.));
#5625 = DEFINITIONAL_REPRESENTATION('',(#5626),#5630);
#5626 = LINE('',#5627,#5628);
#5627 = CARTESIAN_POINT('',(0.,0.));
#5628 = VECTOR('',#5629,1.);
#5629 = DIRECTION('',(1.,0.));
#5630 = ( GEOMETRIC_REPRESENTATION_CONTEXT(2) 
PARAMETRIC_REPRESENTATION_CONTEXT() REPRESENTATION_CONTEXT('2D SPACE',''
  ) );
#5631 = PCURVE('',#5632,#5637);
#5632 = PLANE('',#5633);
#5633 = AXIS2_PLACEMENT_3D('',#5634,#5635,#5636);
#5634 = CARTESIAN_POINT('',(-9.1,0.34,-5.E-03));
#5635 = DIRECTION('',(0.,1.,0.));
#5636 = DIRECTION('',(0.,0.,1.));
#5637 = DEFINITIONAL_REPRESENTATION('',(#5638),#5642);
#5638 = LINE('',#5639,#5640);
#5639 = CARTESIAN_POINT('',(0.,0.));
#5640 = VECTOR('',#5641,1.);
#5641 = DIRECTION('',(1.,0.));
#5642 = ( GEOMETRIC_REPRESENTATION_CONTEXT(2) 
PARAMETRIC_REPRESENTATION_CONTEXT() REPRESENTATION_CONTEXT('2D SPACE',''
  ) );
#5643 = ORIENTED_EDGE('',*,*,#5644,.T.);
#5644 = EDGE_CURVE('',#5610,#5645,#5647,.T.);
#5645 = VERTEX_POINT('',#5646);
#5646 = CARTESIAN_POINT('',(-9.1,1.24,-5.E-03));
#5647 = SURFACE_CURVE('',#5648,(#5652,#5659),.PCURVE_S1.);
#5648 = LINE('',#5649,#5650);
#5649 = CARTESIAN_POINT('',(-9.1,0.34,-5.E-03));
#5650 = VECTOR('',#5651,1.);
#5651 = DIRECTION('',(0.,1.,0.));
#5652 = PCURVE('',#5620,#5653);
#5653 = DEFINITIONAL_REPRESENTATION('',(#5654),#5658);
#5654 = LINE('',#5655,#5656);
#5655 = CARTESIAN_POINT('',(0.,0.));
#5656 = VECTOR('',#5657,1.);
#5657 = DIRECTION('',(0.,-1.));
#5658 = ( GEOMETRIC_REPRESENTATION_CONTEXT(2) 
PARAMETRIC_REPRESENTATION_CONTEXT() REPRESENTATION_CONTEXT('2D SPACE',''
  ) );
#5659 = PCURVE('',#5660,#5665);
#5660 = PLANE('',#5661);
#5661 = AXIS2_PLACEMENT_3D('',#5662,#5663,#5664);
#5662 = CARTESIAN_POINT('',(-9.1,0.34,-5.E-03));
#5663 = DIRECTION('',(0.,0.,1.));
#5664 = DIRECTION('',(1.,0.,0.));
#5665 = DEFINITIONAL_REPRESENTATION('',(#5666),#5670);
#5666 = LINE('',#5667,#5668);
#5667 = CARTESIAN_POINT('',(0.,0.));
#5668 = VECTOR('',#5669,1.);
#5669 = DIRECTION('',(0.,1.));
#5670 = ( GEOMETRIC_REPRESENTATION_CONTEXT(2) 
PARAMETRIC_REPRESENTATION_CONTEXT() REPRESENTATION_CONTEXT('2D SPACE',''
  ) );
#5671 = ORIENTED_EDGE('',*,*,#5672,.T.);
#5672 = EDGE_CURVE('',#5645,#5673,#5675,.T.);
#5673 = VERTEX_POINT('',#5674);
#5674 = CARTESIAN_POINT('',(-9.1,1.24,0.845));
#5675 = SURFACE_CURVE('',#5676,(#5680,#5687),.PCURVE_S1.);
#5676 = LINE('',#5677,#5678);
#5677 = CARTESIAN_POINT('',(-9.1,1.24,-5.E-03));
#5678 = VECTOR('',#5679,1.);
#5679 = DIRECTION('',(0.,0.,1.));
#5680 = PCURVE('',#5620,#5681);
#5681 = DEFINITIONAL_REPRESENTATION('',(#5682),#5686);
#5682 = LINE('',#5683,#5684);
#5683 = CARTESIAN_POINT('',(0.,-0.9));
#5684 = VECTOR('',#5685,1.);
#5685 = DIRECTION('',(1.,0.));
#5686 = ( GEOMETRIC_REPRESENTATION_CONTEXT(2) 
PARAMETRIC_REPRESENTATION_CONTEXT() REPRESENTATION_CONTEXT('2D SPACE',''
  ) );
#5687 = PCURVE('',#5688,#5693);
#5688 = PLANE('',#5689);
#5689 = AXIS2_PLACEMENT_3D('',#5690,#5691,#5692);
#5690 = CARTESIAN_POINT('',(-9.1,1.24,-5.E-03));
#5691 = DIRECTION('',(0.,1.,0.));
#5692 = DIRECTION('',(0.,0.,1.));
#5693 = DEFINITIONAL_REPRESENTATION('',(#5694),#5698);
#5694 = LINE('',#5695,#5696);
#5695 = CARTESIAN_POINT('',(0.,0.));
#5696 = VECTOR('',#5697,1.);
#5697 = DIRECTION('',(1.,0.));
#5698 = ( GEOMETRIC_REPRESENTATION_CONTEXT(2) 
PARAMETRIC_REPRESENTATION_CONTEXT() REPRESENTATION_CONTEXT('2D SPACE',''
  ) );
#5699 = ORIENTED_EDGE('',*,*,#5700,.F.);
#5700 = EDGE_CURVE('',#5612,#5673,#5701,.T.);
#5701 = SURFACE_CURVE('',#5702,(#5706,#5713),.PCURVE_S1.);
#5702 = LINE('',#5703,#5704);
#5703 = CARTESIAN_POINT('',(-9.1,0.34,0.845));
#5704 = VECTOR('',#5705,1.);
#5705 = DIRECTION('',(0.,1.,0.));
#5706 = PCURVE('',#5620,#5707);
#5707 = DEFINITIONAL_REPRESENTATION('',(#5708),#5712);
#5708 = LINE('',#5709,#5710);
#5709 = CARTESIAN_POINT('',(0.85,0.));
#5710 = VECTOR('',#5711,1.);
#5711 = DIRECTION('',(0.,-1.));
#5712 = ( GEOMETRIC_REPRESENTATION_CONTEXT(2) 
PARAMETRIC_REPRESENTATION_CONTEXT() REPRESENTATION_CONTEXT('2D SPACE',''
  ) );
#5713 = PCURVE('',#5714,#5719);
#5714 = PLANE('',#5715);
#5715 = AXIS2_PLACEMENT_3D('',#5716,#5717,#5718);
#5716 = CARTESIAN_POINT('',(-9.1,0.34,0.845));
#5717 = DIRECTION('',(0.,0.,1.));
#5718 = DIRECTION('',(1.,0.,0.));
#5719 = DEFINITIONAL_REPRESENTATION('',(#5720),#5724);
#5720 = LINE('',#5721,#5722);
#5721 = CARTESIAN_POINT('',(0.,0.));
#5722 = VECTOR('',#5723,1.);
#5723 = DIRECTION('',(0.,1.));
#5724 = ( GEOMETRIC_REPRESENTATION_CONTEXT(2) 
PARAMETRIC_REPRESENTATION_CONTEXT() REPRESENTATION_CONTEXT('2D SPACE',''
  ) );
#5725 = ADVANCED_FACE('',(#5726),#5740,.T.);
#5726 = FACE_BOUND('',#5727,.T.);
#5727 = EDGE_LOOP('',(#5728,#5758,#5781,#5804));
#5728 = ORIENTED_EDGE('',*,*,#5729,.F.);
#5729 = EDGE_CURVE('',#5730,#5732,#5734,.T.);
#5730 = VERTEX_POINT('',#5731);
#5731 = CARTESIAN_POINT('',(-8.8,0.34,-5.E-03));
#5732 = VERTEX_POINT('',#5733);
#5733 = CARTESIAN_POINT('',(-8.8,0.34,0.845));
#5734 = SURFACE_CURVE('',#5735,(#5739,#5751),.PCURVE_S1.);
#5735 = LINE('',#5736,#5737);
#5736 = CARTESIAN_POINT('',(-8.8,0.34,-5.E-03));
#5737 = VECTOR('',#5738,1.);
#5738 = DIRECTION('',(0.,0.,1.));
#5739 = PCURVE('',#5740,#5745);
#5740 = PLANE('',#5741);
#5741 = AXIS2_PLACEMENT_3D('',#5742,#5743,#5744);
#5742 = CARTESIAN_POINT('',(-8.8,0.34,-5.E-03));
#5743 = DIRECTION('',(1.,0.,0.));
#5744 = DIRECTION('',(0.,0.,1.));
#5745 = DEFINITIONAL_REPRESENTATION('',(#5746),#5750);
#5746 = LINE('',#5747,#5748);
#5747 = CARTESIAN_POINT('',(0.,0.));
#5748 = VECTOR('',#5749,1.);
#5749 = DIRECTION('',(1.,0.));
#5750 = ( GEOMETRIC_REPRESENTATION_CONTEXT(2) 
PARAMETRIC_REPRESENTATION_CONTEXT() REPRESENTATION_CONTEXT('2D SPACE',''
  ) );
#5751 = PCURVE('',#5632,#5752);
#5752 = DEFINITIONAL_REPRESENTATION('',(#5753),#5757);
#5753 = LINE('',#5754,#5755);
#5754 = CARTESIAN_POINT('',(0.,0.3));
#5755 = VECTOR('',#5756,1.);
#5756 = DIRECTION('',(1.,0.));
#5757 = ( GEOMETRIC_REPRESENTATION_CONTEXT(2) 
PARAMETRIC_REPRESENTATION_CONTEXT() REPRESENTATION_CONTEXT('2D SPACE',''
  ) );
#5758 = ORIENTED_EDGE('',*,*,#5759,.T.);
#5759 = EDGE_CURVE('',#5730,#5760,#5762,.T.);
#5760 = VERTEX_POINT('',#5761);
#5761 = CARTESIAN_POINT('',(-8.8,1.24,-5.E-03));
#5762 = SURFACE_CURVE('',#5763,(#5767,#5774),.PCURVE_S1.);
#5763 = LINE('',#5764,#5765);
#5764 = CARTESIAN_POINT('',(-8.8,0.34,-5.E-03));
#5765 = VECTOR('',#5766,1.);
#5766 = DIRECTION('',(0.,1.,0.));
#5767 = PCURVE('',#5740,#5768);
#5768 = DEFINITIONAL_REPRESENTATION('',(#5769),#5773);
#5769 = LINE('',#5770,#5771);
#5770 = CARTESIAN_POINT('',(0.,0.));
#5771 = VECTOR('',#5772,1.);
#5772 = DIRECTION('',(0.,-1.));
#5773 = ( GEOMETRIC_REPRESENTATION_CONTEXT(2) 
PARAMETRIC_REPRESENTATION_CONTEXT() REPRESENTATION_CONTEXT('2D SPACE',''
  ) );
#5774 = PCURVE('',#5660,#5775);
#5775 = DEFINITIONAL_REPRESENTATION('',(#5776),#5780);
#5776 = LINE('',#5777,#5778);
#5777 = CARTESIAN_POINT('',(0.3,0.));
#5778 = VECTOR('',#5779,1.);
#5779 = DIRECTION('',(0.,1.));
#5780 = ( GEOMETRIC_REPRESENTATION_CONTEXT(2) 
PARAMETRIC_REPRESENTATION_CONTEXT() REPRESENTATION_CONTEXT('2D SPACE',''
  ) );
#5781 = ORIENTED_EDGE('',*,*,#5782,.T.);
#5782 = EDGE_CURVE('',#5760,#5783,#5785,.T.);
#5783 = VERTEX_POINT('',#5784);
#5784 = CARTESIAN_POINT('',(-8.8,1.24,0.845));
#5785 = SURFACE_CURVE('',#5786,(#5790,#5797),.PCURVE_S1.);
#5786 = LINE('',#5787,#5788);
#5787 = CARTESIAN_POINT('',(-8.8,1.24,-5.E-03));
#5788 = VECTOR('',#5789,1.);
#5789 = DIRECTION('',(0.,0.,1.));
#5790 = PCURVE('',#5740,#5791);
#5791 = DEFINITIONAL_REPRESENTATION('',(#5792),#5796);
#5792 = LINE('',#5793,#5794);
#5793 = CARTESIAN_POINT('',(0.,-0.9));
#5794 = VECTOR('',#5795,1.);
#5795 = DIRECTION('',(1.,0.));
#5796 = ( GEOMETRIC_REPRESENTATION_CONTEXT(2) 
PARAMETRIC_REPRESENTATION_CONTEXT() REPRESENTATION_CONTEXT('2D SPACE',''
  ) );
#5797 = PCURVE('',#5688,#5798);
#5798 = DEFINITIONAL_REPRESENTATION('',(#5799),#5803);
#5799 = LINE('',#5800,#5801);
#5800 = CARTESIAN_POINT('',(0.,0.3));
#5801 = VECTOR('',#5802,1.);
#5802 = DIRECTION('',(1.,0.));
#5803 = ( GEOMETRIC_REPRESENTATION_CONTEXT(2) 
PARAMETRIC_REPRESENTATION_CONTEXT() REPRESENTATION_CONTEXT('2D SPACE',''
  ) );
#5804 = ORIENTED_EDGE('',*,*,#5805,.F.);
#5805 = EDGE_CURVE('',#5732,#5783,#5806,.T.);
#5806 = SURFACE_CURVE('',#5807,(#5811,#5818),.PCURVE_S1.);
#5807 = LINE('',#5808,#5809);
#5808 = CARTESIAN_POINT('',(-8.8,0.34,0.845));
#5809 = VECTOR('',#5810,1.);
#5810 = DIRECTION('',(0.,1.,0.));
#5811 = PCURVE('',#5740,#5812);
#5812 = DEFINITIONAL_REPRESENTATION('',(#5813),#5817);
#5813 = LINE('',#5814,#5815);
#5814 = CARTESIAN_POINT('',(0.85,0.));
#5815 = VECTOR('',#5816,1.);
#5816 = DIRECTION('',(0.,-1.));
#5817 = ( GEOMETRIC_REPRESENTATION_CONTEXT(2) 
PARAMETRIC_REPRESENTATION_CONTEXT() REPRESENTATION_CONTEXT('2D SPACE',''
  ) );
#5818 = PCURVE('',#5714,#5819);
#5819 = DEFINITIONAL_REPRESENTATION('',(#5820),#5824);
#5820 = LINE('',#5821,#5822);
#5821 = CARTESIAN_POINT('',(0.3,0.));
#5822 = VECTOR('',#5823,1.);
#5823 = DIRECTION('',(0.,1.));
#5824 = ( GEOMETRIC_REPRESENTATION_CONTEXT(2) 
PARAMETRIC_REPRESENTATION_CONTEXT() REPRESENTATION_CONTEXT('2D SPACE',''
  ) );
#5825 = ADVANCED_FACE('',(#5826),#5632,.F.);
#5826 = FACE_BOUND('',#5827,.F.);
#5827 = EDGE_LOOP('',(#5828,#5849,#5850,#5871));
#5828 = ORIENTED_EDGE('',*,*,#5829,.F.);
#5829 = EDGE_CURVE('',#5610,#5730,#5830,.T.);
#5830 = SURFACE_CURVE('',#5831,(#5835,#5842),.PCURVE_S1.);
#5831 = LINE('',#5832,#5833);
#5832 = CARTESIAN_POINT('',(-9.1,0.34,-5.E-03));
#5833 = VECTOR('',#5834,1.);
#5834 = DIRECTION('',(1.,0.,0.));
#5835 = PCURVE('',#5632,#5836);
#5836 = DEFINITIONAL_REPRESENTATION('',(#5837),#5841);
#5837 = LINE('',#5838,#5839);
#5838 = CARTESIAN_POINT('',(0.,0.));
#5839 = VECTOR('',#5840,1.);
#5840 = DIRECTION('',(0.,1.));
#5841 = ( GEOMETRIC_REPRESENTATION_CONTEXT(2) 
PARAMETRIC_REPRESENTATION_CONTEXT() REPRESENTATION_CONTEXT('2D SPACE',''
  ) );
#5842 = PCURVE('',#5660,#5843);
#5843 = DEFINITIONAL_REPRESENTATION('',(#5844),#5848);
#5844 = LINE('',#5845,#5846);
#5845 = CARTESIAN_POINT('',(0.,0.));
#5846 = VECTOR('',#5847,1.);
#5847 = DIRECTION('',(1.,0.));
#5848 = ( GEOMETRIC_REPRESENTATION_CONTEXT(2) 
PARAMETRIC_REPRESENTATION_CONTEXT() REPRESENTATION_CONTEXT('2D SPACE',''
  ) );
#5849 = ORIENTED_EDGE('',*,*,#5609,.T.);
#5850 = ORIENTED_EDGE('',*,*,#5851,.T.);
#5851 = EDGE_CURVE('',#5612,#5732,#5852,.T.);
#5852 = SURFACE_CURVE('',#5853,(#5857,#5864),.PCURVE_S1.);
#5853 = LINE('',#5854,#5855);
#5854 = CARTESIAN_POINT('',(-9.1,0.34,0.845));
#5855 = VECTOR('',#5856,1.);
#5856 = DIRECTION('',(1.,0.,0.));
#5857 = PCURVE('',#5632,#5858);
#5858 = DEFINITIONAL_REPRESENTATION('',(#5859),#5863);
#5859 = LINE('',#5860,#5861);
#5860 = CARTESIAN_POINT('',(0.85,0.));
#5861 = VECTOR('',#5862,1.);
#5862 = DIRECTION('',(0.,1.));
#5863 = ( GEOMETRIC_REPRESENTATION_CONTEXT(2) 
PARAMETRIC_REPRESENTATION_CONTEXT() REPRESENTATION_CONTEXT('2D SPACE',''
  ) );
#5864 = PCURVE('',#5714,#5865);
#5865 = DEFINITIONAL_REPRESENTATION('',(#5866),#5870);
#5866 = LINE('',#5867,#5868);
#5867 = CARTESIAN_POINT('',(0.,0.));
#5868 = VECTOR('',#5869,1.);
#5869 = DIRECTION('',(1.,0.));
#5870 = ( GEOMETRIC_REPRESENTATION_CONTEXT(2) 
PARAMETRIC_REPRESENTATION_CONTEXT() REPRESENTATION_CONTEXT('2D SPACE',''
  ) );
#5871 = ORIENTED_EDGE('',*,*,#5729,.F.);
#5872 = ADVANCED_FACE('',(#5873),#5688,.T.);
#5873 = FACE_BOUND('',#5874,.T.);
#5874 = EDGE_LOOP('',(#5875,#5896,#5897,#5918));
#5875 = ORIENTED_EDGE('',*,*,#5876,.F.);
#5876 = EDGE_CURVE('',#5645,#5760,#5877,.T.);
#5877 = SURFACE_CURVE('',#5878,(#5882,#5889),.PCURVE_S1.);
#5878 = LINE('',#5879,#5880);
#5879 = CARTESIAN_POINT('',(-9.1,1.24,-5.E-03));
#5880 = VECTOR('',#5881,1.);
#5881 = DIRECTION('',(1.,0.,0.));
#5882 = PCURVE('',#5688,#5883);
#5883 = DEFINITIONAL_REPRESENTATION('',(#5884),#5888);
#5884 = LINE('',#5885,#5886);
#5885 = CARTESIAN_POINT('',(0.,0.));
#5886 = VECTOR('',#5887,1.);
#5887 = DIRECTION('',(0.,1.));
#5888 = ( GEOMETRIC_REPRESENTATION_CONTEXT(2) 
PARAMETRIC_REPRESENTATION_CONTEXT() REPRESENTATION_CONTEXT('2D SPACE',''
  ) );
#5889 = PCURVE('',#5660,#5890);
#5890 = DEFINITIONAL_REPRESENTATION('',(#5891),#5895);
#5891 = LINE('',#5892,#5893);
#5892 = CARTESIAN_POINT('',(0.,0.9));
#5893 = VECTOR('',#5894,1.);
#5894 = DIRECTION('',(1.,0.));
#5895 = ( GEOMETRIC_REPRESENTATION_CONTEXT(2) 
PARAMETRIC_REPRESENTATION_CONTEXT() REPRESENTATION_CONTEXT('2D SPACE',''
  ) );
#5896 = ORIENTED_EDGE('',*,*,#5672,.T.);
#5897 = ORIENTED_EDGE('',*,*,#5898,.T.);
#5898 = EDGE_CURVE('',#5673,#5783,#5899,.T.);
#5899 = SURFACE_CURVE('',#5900,(#5904,#5911),.PCURVE_S1.);
#5900 = LINE('',#5901,#5902);
#5901 = CARTESIAN_POINT('',(-9.1,1.24,0.845));
#5902 = VECTOR('',#5903,1.);
#5903 = DIRECTION('',(1.,0.,0.));
#5904 = PCURVE('',#5688,#5905);
#5905 = DEFINITIONAL_REPRESENTATION('',(#5906),#5910);
#5906 = LINE('',#5907,#5908);
#5907 = CARTESIAN_POINT('',(0.85,0.));
#5908 = VECTOR('',#5909,1.);
#5909 = DIRECTION('',(0.,1.));
#5910 = ( GEOMETRIC_REPRESENTATION_CONTEXT(2) 
PARAMETRIC_REPRESENTATION_CONTEXT() REPRESENTATION_CONTEXT('2D SPACE',''
  ) );
#5911 = PCURVE('',#5714,#5912);
#5912 = DEFINITIONAL_REPRESENTATION('',(#5913),#5917);
#5913 = LINE('',#5914,#5915);
#5914 = CARTESIAN_POINT('',(0.,0.9));
#5915 = VECTOR('',#5916,1.);
#5916 = DIRECTION('',(1.,0.));
#5917 = ( GEOMETRIC_REPRESENTATION_CONTEXT(2) 
PARAMETRIC_REPRESENTATION_CONTEXT() REPRESENTATION_CONTEXT('2D SPACE',''
  ) );
#5918 = ORIENTED_EDGE('',*,*,#5782,.F.);
#5919 = ADVANCED_FACE('',(#5920),#5660,.F.);
#5920 = FACE_BOUND('',#5921,.F.);
#5921 = EDGE_LOOP('',(#5922,#5923,#5924,#5925));
#5922 = ORIENTED_EDGE('',*,*,#5644,.F.);
#5923 = ORIENTED_EDGE('',*,*,#5829,.T.);
#5924 = ORIENTED_EDGE('',*,*,#5759,.T.);
#5925 = ORIENTED_EDGE('',*,*,#5876,.F.);
#5926 = ADVANCED_FACE('',(#5927),#5714,.T.);
#5927 = FACE_BOUND('',#5928,.T.);
#5928 = EDGE_LOOP('',(#5929,#5930,#5931,#5932));
#5929 = ORIENTED_EDGE('',*,*,#5700,.F.);
#5930 = ORIENTED_EDGE('',*,*,#5851,.T.);
#5931 = ORIENTED_EDGE('',*,*,#5805,.T.);
#5932 = ORIENTED_EDGE('',*,*,#5898,.F.);
#5933 = MANIFOLD_SOLID_BREP('',#5934);
#5934 = CLOSED_SHELL('',(#5935,#6055,#6155,#6202,#6249,#6256));
#5935 = ADVANCED_FACE('',(#5936),#5950,.F.);
#5936 = FACE_BOUND('',#5937,.F.);
#5937 = EDGE_LOOP('',(#5938,#5973,#6001,#6029));
#5938 = ORIENTED_EDGE('',*,*,#5939,.F.);
#5939 = EDGE_CURVE('',#5940,#5942,#5944,.T.);
#5940 = VERTEX_POINT('',#5941);
#5941 = CARTESIAN_POINT('',(8.8,0.34,-5.E-03));
#5942 = VERTEX_POINT('',#5943);
#5943 = CARTESIAN_POINT('',(8.8,0.34,0.845));
#5944 = SURFACE_CURVE('',#5945,(#5949,#5961),.PCURVE_S1.);
#5945 = LINE('',#5946,#5947);
#5946 = CARTESIAN_POINT('',(8.8,0.34,-5.E-03));
#5947 = VECTOR('',#5948,1.);
#5948 = DIRECTION('',(0.,0.,1.));
#5949 = PCURVE('',#5950,#5955);
#5950 = PLANE('',#5951);
#5951 = AXIS2_PLACEMENT_3D('',#5952,#5953,#5954);
#5952 = CARTESIAN_POINT('',(8.8,0.34,-5.E-03));
#5953 = DIRECTION('',(1.,0.,0.));
#5954 = DIRECTION('',(0.,0.,1.));
#5955 = DEFINITIONAL_REPRESENTATION('',(#5956),#5960);
#5956 = LINE('',#5957,#5958);
#5957 = CARTESIAN_POINT('',(0.,0.));
#5958 = VECTOR('',#5959,1.);
#5959 = DIRECTION('',(1.,0.));
#5960 = ( GEOMETRIC_REPRESENTATION_CONTEXT(2) 
PARAMETRIC_REPRESENTATION_CONTEXT() REPRESENTATION_CONTEXT('2D SPACE',''
  ) );
#5961 = PCURVE('',#5962,#5967);
#5962 = PLANE('',#5963);
#5963 = AXIS2_PLACEMENT_3D('',#5964,#5965,#5966);
#5964 = CARTESIAN_POINT('',(8.8,0.34,-5.E-03));
#5965 = DIRECTION('',(0.,1.,0.));
#5966 = DIRECTION('',(0.,0.,1.));
#5967 = DEFINITIONAL_REPRESENTATION('',(#5968),#5972);
#5968 = LINE('',#5969,#5970);
#5969 = CARTESIAN_POINT('',(0.,0.));
#5970 = VECTOR('',#5971,1.);
#5971 = DIRECTION('',(1.,0.));
#5972 = ( GEOMETRIC_REPRESENTATION_CONTEXT(2) 
PARAMETRIC_REPRESENTATION_CONTEXT() REPRESENTATION_CONTEXT('2D SPACE',''
  ) );
#5973 = ORIENTED_EDGE('',*,*,#5974,.T.);
#5974 = EDGE_CURVE('',#5940,#5975,#5977,.T.);
#5975 = VERTEX_POINT('',#5976);
#5976 = CARTESIAN_POINT('',(8.8,1.24,-5.E-03));
#5977 = SURFACE_CURVE('',#5978,(#5982,#5989),.PCURVE_S1.);
#5978 = LINE('',#5979,#5980);
#5979 = CARTESIAN_POINT('',(8.8,0.34,-5.E-03));
#5980 = VECTOR('',#5981,1.);
#5981 = DIRECTION('',(0.,1.,0.));
#5982 = PCURVE('',#5950,#5983);
#5983 = DEFINITIONAL_REPRESENTATION('',(#5984),#5988);
#5984 = LINE('',#5985,#5986);
#5985 = CARTESIAN_POINT('',(0.,0.));
#5986 = VECTOR('',#5987,1.);
#5987 = DIRECTION('',(0.,-1.));
#5988 = ( GEOMETRIC_REPRESENTATION_CONTEXT(2) 
PARAMETRIC_REPRESENTATION_CONTEXT() REPRESENTATION_CONTEXT('2D SPACE',''
  ) );
#5989 = PCURVE('',#5990,#5995);
#5990 = PLANE('',#5991);
#5991 = AXIS2_PLACEMENT_3D('',#5992,#5993,#5994);
#5992 = CARTESIAN_POINT('',(8.8,0.34,-5.E-03));
#5993 = DIRECTION('',(0.,0.,1.));
#5994 = DIRECTION('',(1.,0.,0.));
#5995 = DEFINITIONAL_REPRESENTATION('',(#5996),#6000);
#5996 = LINE('',#5997,#5998);
#5997 = CARTESIAN_POINT('',(0.,0.));
#5998 = VECTOR('',#5999,1.);
#5999 = DIRECTION('',(0.,1.));
#6000 = ( GEOMETRIC_REPRESENTATION_CONTEXT(2) 
PARAMETRIC_REPRESENTATION_CONTEXT() REPRESENTATION_CONTEXT('2D SPACE',''
  ) );
#6001 = ORIENTED_EDGE('',*,*,#6002,.T.);
#6002 = EDGE_CURVE('',#5975,#6003,#6005,.T.);
#6003 = VERTEX_POINT('',#6004);
#6004 = CARTESIAN_POINT('',(8.8,1.24,0.845));
#6005 = SURFACE_CURVE('',#6006,(#6010,#6017),.PCURVE_S1.);
#6006 = LINE('',#6007,#6008);
#6007 = CARTESIAN_POINT('',(8.8,1.24,-5.E-03));
#6008 = VECTOR('',#6009,1.);
#6009 = DIRECTION('',(0.,0.,1.));
#6010 = PCURVE('',#5950,#6011);
#6011 = DEFINITIONAL_REPRESENTATION('',(#6012),#6016);
#6012 = LINE('',#6013,#6014);
#6013 = CARTESIAN_POINT('',(0.,-0.9));
#6014 = VECTOR('',#6015,1.);
#6015 = DIRECTION('',(1.,0.));
#6016 = ( GEOMETRIC_REPRESENTATION_CONTEXT(2) 
PARAMETRIC_REPRESENTATION_CONTEXT() REPRESENTATION_CONTEXT('2D SPACE',''
  ) );
#6017 = PCURVE('',#6018,#6023);
#6018 = PLANE('',#6019);
#6019 = AXIS2_PLACEMENT_3D('',#6020,#6021,#6022);
#6020 = CARTESIAN_POINT('',(8.8,1.24,-5.E-03));
#6021 = DIRECTION('',(0.,1.,0.));
#6022 = DIRECTION('',(0.,0.,1.));
#6023 = DEFINITIONAL_REPRESENTATION('',(#6024),#6028);
#6024 = LINE('',#6025,#6026);
#6025 = CARTESIAN_POINT('',(0.,0.));
#6026 = VECTOR('',#6027,1.);
#6027 = DIRECTION('',(1.,0.));
#6028 = ( GEOMETRIC_REPRESENTATION_CONTEXT(2) 
PARAMETRIC_REPRESENTATION_CONTEXT() REPRESENTATION_CONTEXT('2D SPACE',''
  ) );
#6029 = ORIENTED_EDGE('',*,*,#6030,.F.);
#6030 = EDGE_CURVE('',#5942,#6003,#6031,.T.);
#6031 = SURFACE_CURVE('',#6032,(#6036,#6043),.PCURVE_S1.);
#6032 = LINE('',#6033,#6034);
#6033 = CARTESIAN_POINT('',(8.8,0.34,0.845));
#6034 = VECTOR('',#6035,1.);
#6035 = DIRECTION('',(0.,1.,0.));
#6036 = PCURVE('',#5950,#6037);
#6037 = DEFINITIONAL_REPRESENTATION('',(#6038),#6042);
#6038 = LINE('',#6039,#6040);
#6039 = CARTESIAN_POINT('',(0.85,0.));
#6040 = VECTOR('',#6041,1.);
#6041 = DIRECTION('',(0.,-1.));
#6042 = ( GEOMETRIC_REPRESENTATION_CONTEXT(2) 
PARAMETRIC_REPRESENTATION_CONTEXT() REPRESENTATION_CONTEXT('2D SPACE',''
  ) );
#6043 = PCURVE('',#6044,#6049);
#6044 = PLANE('',#6045);
#6045 = AXIS2_PLACEMENT_3D('',#6046,#6047,#6048);
#6046 = CARTESIAN_POINT('',(8.8,0.34,0.845));
#6047 = DIRECTION('',(0.,0.,1.));
#6048 = DIRECTION('',(1.,0.,0.));
#6049 = DEFINITIONAL_REPRESENTATION('',(#6050),#6054);
#6050 = LINE('',#6051,#6052);
#6051 = CARTESIAN_POINT('',(0.,0.));
#6052 = VECTOR('',#6053,1.);
#6053 = DIRECTION('',(0.,1.));
#6054 = ( GEOMETRIC_REPRESENTATION_CONTEXT(2) 
PARAMETRIC_REPRESENTATION_CONTEXT() REPRESENTATION_CONTEXT('2D SPACE',''
  ) );
#6055 = ADVANCED_FACE('',(#6056),#6070,.T.);
#6056 = FACE_BOUND('',#6057,.T.);
#6057 = EDGE_LOOP('',(#6058,#6088,#6111,#6134));
#6058 = ORIENTED_EDGE('',*,*,#6059,.F.);
#6059 = EDGE_CURVE('',#6060,#6062,#6064,.T.);
#6060 = VERTEX_POINT('',#6061);
#6061 = CARTESIAN_POINT('',(9.1,0.34,-5.E-03));
#6062 = VERTEX_POINT('',#6063);
#6063 = CARTESIAN_POINT('',(9.1,0.34,0.845));
#6064 = SURFACE_CURVE('',#6065,(#6069,#6081),.PCURVE_S1.);
#6065 = LINE('',#6066,#6067);
#6066 = CARTESIAN_POINT('',(9.1,0.34,-5.E-03));
#6067 = VECTOR('',#6068,1.);
#6068 = DIRECTION('',(0.,0.,1.));
#6069 = PCURVE('',#6070,#6075);
#6070 = PLANE('',#6071);
#6071 = AXIS2_PLACEMENT_3D('',#6072,#6073,#6074);
#6072 = CARTESIAN_POINT('',(9.1,0.34,-5.E-03));
#6073 = DIRECTION('',(1.,0.,0.));
#6074 = DIRECTION('',(0.,0.,1.));
#6075 = DEFINITIONAL_REPRESENTATION('',(#6076),#6080);
#6076 = LINE('',#6077,#6078);
#6077 = CARTESIAN_POINT('',(0.,0.));
#6078 = VECTOR('',#6079,1.);
#6079 = DIRECTION('',(1.,0.));
#6080 = ( GEOMETRIC_REPRESENTATION_CONTEXT(2) 
PARAMETRIC_REPRESENTATION_CONTEXT() REPRESENTATION_CONTEXT('2D SPACE',''
  ) );
#6081 = PCURVE('',#5962,#6082);
#6082 = DEFINITIONAL_REPRESENTATION('',(#6083),#6087);
#6083 = LINE('',#6084,#6085);
#6084 = CARTESIAN_POINT('',(0.,0.3));
#6085 = VECTOR('',#6086,1.);
#6086 = DIRECTION('',(1.,0.));
#6087 = ( GEOMETRIC_REPRESENTATION_CONTEXT(2) 
PARAMETRIC_REPRESENTATION_CONTEXT() REPRESENTATION_CONTEXT('2D SPACE',''
  ) );
#6088 = ORIENTED_EDGE('',*,*,#6089,.T.);
#6089 = EDGE_CURVE('',#6060,#6090,#6092,.T.);
#6090 = VERTEX_POINT('',#6091);
#6091 = CARTESIAN_POINT('',(9.1,1.24,-5.E-03));
#6092 = SURFACE_CURVE('',#6093,(#6097,#6104),.PCURVE_S1.);
#6093 = LINE('',#6094,#6095);
#6094 = CARTESIAN_POINT('',(9.1,0.34,-5.E-03));
#6095 = VECTOR('',#6096,1.);
#6096 = DIRECTION('',(0.,1.,0.));
#6097 = PCURVE('',#6070,#6098);
#6098 = DEFINITIONAL_REPRESENTATION('',(#6099),#6103);
#6099 = LINE('',#6100,#6101);
#6100 = CARTESIAN_POINT('',(0.,0.));
#6101 = VECTOR('',#6102,1.);
#6102 = DIRECTION('',(0.,-1.));
#6103 = ( GEOMETRIC_REPRESENTATION_CONTEXT(2) 
PARAMETRIC_REPRESENTATION_CONTEXT() REPRESENTATION_CONTEXT('2D SPACE',''
  ) );
#6104 = PCURVE('',#5990,#6105);
#6105 = DEFINITIONAL_REPRESENTATION('',(#6106),#6110);
#6106 = LINE('',#6107,#6108);
#6107 = CARTESIAN_POINT('',(0.3,0.));
#6108 = VECTOR('',#6109,1.);
#6109 = DIRECTION('',(0.,1.));
#6110 = ( GEOMETRIC_REPRESENTATION_CONTEXT(2) 
PARAMETRIC_REPRESENTATION_CONTEXT() REPRESENTATION_CONTEXT('2D SPACE',''
  ) );
#6111 = ORIENTED_EDGE('',*,*,#6112,.T.);
#6112 = EDGE_CURVE('',#6090,#6113,#6115,.T.);
#6113 = VERTEX_POINT('',#6114);
#6114 = CARTESIAN_POINT('',(9.1,1.24,0.845));
#6115 = SURFACE_CURVE('',#6116,(#6120,#6127),.PCURVE_S1.);
#6116 = LINE('',#6117,#6118);
#6117 = CARTESIAN_POINT('',(9.1,1.24,-5.E-03));
#6118 = VECTOR('',#6119,1.);
#6119 = DIRECTION('',(0.,0.,1.));
#6120 = PCURVE('',#6070,#6121);
#6121 = DEFINITIONAL_REPRESENTATION('',(#6122),#6126);
#6122 = LINE('',#6123,#6124);
#6123 = CARTESIAN_POINT('',(0.,-0.9));
#6124 = VECTOR('',#6125,1.);
#6125 = DIRECTION('',(1.,0.));
#6126 = ( GEOMETRIC_REPRESENTATION_CONTEXT(2) 
PARAMETRIC_REPRESENTATION_CONTEXT() REPRESENTATION_CONTEXT('2D SPACE',''
  ) );
#6127 = PCURVE('',#6018,#6128);
#6128 = DEFINITIONAL_REPRESENTATION('',(#6129),#6133);
#6129 = LINE('',#6130,#6131);
#6130 = CARTESIAN_POINT('',(0.,0.3));
#6131 = VECTOR('',#6132,1.);
#6132 = DIRECTION('',(1.,0.));
#6133 = ( GEOMETRIC_REPRESENTATION_CONTEXT(2) 
PARAMETRIC_REPRESENTATION_CONTEXT() REPRESENTATION_CONTEXT('2D SPACE',''
  ) );
#6134 = ORIENTED_EDGE('',*,*,#6135,.F.);
#6135 = EDGE_CURVE('',#6062,#6113,#6136,.T.);
#6136 = SURFACE_CURVE('',#6137,(#6141,#6148),.PCURVE_S1.);
#6137 = LINE('',#6138,#6139);
#6138 = CARTESIAN_POINT('',(9.1,0.34,0.845));
#6139 = VECTOR('',#6140,1.);
#6140 = DIRECTION('',(0.,1.,0.));
#6141 = PCURVE('',#6070,#6142);
#6142 = DEFINITIONAL_REPRESENTATION('',(#6143),#6147);
#6143 = LINE('',#6144,#6145);
#6144 = CARTESIAN_POINT('',(0.85,0.));
#6145 = VECTOR('',#6146,1.);
#6146 = DIRECTION('',(0.,-1.));
#6147 = ( GEOMETRIC_REPRESENTATION_CONTEXT(2) 
PARAMETRIC_REPRESENTATION_CONTEXT() REPRESENTATION_CONTEXT('2D SPACE',''
  ) );
#6148 = PCURVE('',#6044,#6149);
#6149 = DEFINITIONAL_REPRESENTATION('',(#6150),#6154);
#6150 = LINE('',#6151,#6152);
#6151 = CARTESIAN_POINT('',(0.3,0.));
#6152 = VECTOR('',#6153,1.);
#6153 = DIRECTION('',(0.,1.));
#6154 = ( GEOMETRIC_REPRESENTATION_CONTEXT(2) 
PARAMETRIC_REPRESENTATION_CONTEXT() REPRESENTATION_CONTEXT('2D SPACE',''
  ) );
#6155 = ADVANCED_FACE('',(#6156),#5962,.F.);
#6156 = FACE_BOUND('',#6157,.F.);
#6157 = EDGE_LOOP('',(#6158,#6179,#6180,#6201));
#6158 = ORIENTED_EDGE('',*,*,#6159,.F.);
#6159 = EDGE_CURVE('',#5940,#6060,#6160,.T.);
#6160 = SURFACE_CURVE('',#6161,(#6165,#6172),.PCURVE_S1.);
#6161 = LINE('',#6162,#6163);
#6162 = CARTESIAN_POINT('',(8.8,0.34,-5.E-03));
#6163 = VECTOR('',#6164,1.);
#6164 = DIRECTION('',(1.,0.,0.));
#6165 = PCURVE('',#5962,#6166);
#6166 = DEFINITIONAL_REPRESENTATION('',(#6167),#6171);
#6167 = LINE('',#6168,#6169);
#6168 = CARTESIAN_POINT('',(0.,0.));
#6169 = VECTOR('',#6170,1.);
#6170 = DIRECTION('',(0.,1.));
#6171 = ( GEOMETRIC_REPRESENTATION_CONTEXT(2) 
PARAMETRIC_REPRESENTATION_CONTEXT() REPRESENTATION_CONTEXT('2D SPACE',''
  ) );
#6172 = PCURVE('',#5990,#6173);
#6173 = DEFINITIONAL_REPRESENTATION('',(#6174),#6178);
#6174 = LINE('',#6175,#6176);
#6175 = CARTESIAN_POINT('',(0.,0.));
#6176 = VECTOR('',#6177,1.);
#6177 = DIRECTION('',(1.,0.));
#6178 = ( GEOMETRIC_REPRESENTATION_CONTEXT(2) 
PARAMETRIC_REPRESENTATION_CONTEXT() REPRESENTATION_CONTEXT('2D SPACE',''
  ) );
#6179 = ORIENTED_EDGE('',*,*,#5939,.T.);
#6180 = ORIENTED_EDGE('',*,*,#6181,.T.);
#6181 = EDGE_CURVE('',#5942,#6062,#6182,.T.);
#6182 = SURFACE_CURVE('',#6183,(#6187,#6194),.PCURVE_S1.);
#6183 = LINE('',#6184,#6185);
#6184 = CARTESIAN_POINT('',(8.8,0.34,0.845));
#6185 = VECTOR('',#6186,1.);
#6186 = DIRECTION('',(1.,0.,0.));
#6187 = PCURVE('',#5962,#6188);
#6188 = DEFINITIONAL_REPRESENTATION('',(#6189),#6193);
#6189 = LINE('',#6190,#6191);
#6190 = CARTESIAN_POINT('',(0.85,0.));
#6191 = VECTOR('',#6192,1.);
#6192 = DIRECTION('',(0.,1.));
#6193 = ( GEOMETRIC_REPRESENTATION_CONTEXT(2) 
PARAMETRIC_REPRESENTATION_CONTEXT() REPRESENTATION_CONTEXT('2D SPACE',''
  ) );
#6194 = PCURVE('',#6044,#6195);
#6195 = DEFINITIONAL_REPRESENTATION('',(#6196),#6200);
#6196 = LINE('',#6197,#6198);
#6197 = CARTESIAN_POINT('',(0.,0.));
#6198 = VECTOR('',#6199,1.);
#6199 = DIRECTION('',(1.,0.));
#6200 = ( GEOMETRIC_REPRESENTATION_CONTEXT(2) 
PARAMETRIC_REPRESENTATION_CONTEXT() REPRESENTATION_CONTEXT('2D SPACE',''
  ) );
#6201 = ORIENTED_EDGE('',*,*,#6059,.F.);
#6202 = ADVANCED_FACE('',(#6203),#6018,.T.);
#6203 = FACE_BOUND('',#6204,.T.);
#6204 = EDGE_LOOP('',(#6205,#6226,#6227,#6248));
#6205 = ORIENTED_EDGE('',*,*,#6206,.F.);
#6206 = EDGE_CURVE('',#5975,#6090,#6207,.T.);
#6207 = SURFACE_CURVE('',#6208,(#6212,#6219),.PCURVE_S1.);
#6208 = LINE('',#6209,#6210);
#6209 = CARTESIAN_POINT('',(8.8,1.24,-5.E-03));
#6210 = VECTOR('',#6211,1.);
#6211 = DIRECTION('',(1.,0.,0.));
#6212 = PCURVE('',#6018,#6213);
#6213 = DEFINITIONAL_REPRESENTATION('',(#6214),#6218);
#6214 = LINE('',#6215,#6216);
#6215 = CARTESIAN_POINT('',(0.,0.));
#6216 = VECTOR('',#6217,1.);
#6217 = DIRECTION('',(0.,1.));
#6218 = ( GEOMETRIC_REPRESENTATION_CONTEXT(2) 
PARAMETRIC_REPRESENTATION_CONTEXT() REPRESENTATION_CONTEXT('2D SPACE',''
  ) );
#6219 = PCURVE('',#5990,#6220);
#6220 = DEFINITIONAL_REPRESENTATION('',(#6221),#6225);
#6221 = LINE('',#6222,#6223);
#6222 = CARTESIAN_POINT('',(0.,0.9));
#6223 = VECTOR('',#6224,1.);
#6224 = DIRECTION('',(1.,0.));
#6225 = ( GEOMETRIC_REPRESENTATION_CONTEXT(2) 
PARAMETRIC_REPRESENTATION_CONTEXT() REPRESENTATION_CONTEXT('2D SPACE',''
  ) );
#6226 = ORIENTED_EDGE('',*,*,#6002,.T.);
#6227 = ORIENTED_EDGE('',*,*,#6228,.T.);
#6228 = EDGE_CURVE('',#6003,#6113,#6229,.T.);
#6229 = SURFACE_CURVE('',#6230,(#6234,#6241),.PCURVE_S1.);
#6230 = LINE('',#6231,#6232);
#6231 = CARTESIAN_POINT('',(8.8,1.24,0.845));
#6232 = VECTOR('',#6233,1.);
#6233 = DIRECTION('',(1.,0.,0.));
#6234 = PCURVE('',#6018,#6235);
#6235 = DEFINITIONAL_REPRESENTATION('',(#6236),#6240);
#6236 = LINE('',#6237,#6238);
#6237 = CARTESIAN_POINT('',(0.85,0.));
#6238 = VECTOR('',#6239,1.);
#6239 = DIRECTION('',(0.,1.));
#6240 = ( GEOMETRIC_REPRESENTATION_CONTEXT(2) 
PARAMETRIC_REPRESENTATION_CONTEXT() REPRESENTATION_CONTEXT('2D SPACE',''
  ) );
#6241 = PCURVE('',#6044,#6242);
#6242 = DEFINITIONAL_REPRESENTATION('',(#6243),#6247);
#6243 = LINE('',#6244,#6245);
#6244 = CARTESIAN_POINT('',(0.,0.9));
#6245 = VECTOR('',#6246,1.);
#6246 = DIRECTION('',(1.,0.));
#6247 = ( GEOMETRIC_REPRESENTATION_CONTEXT(2) 
PARAMETRIC_REPRESENTATION_CONTEXT() REPRESENTATION_CONTEXT('2D SPACE',''
  ) );
#6248 = ORIENTED_EDGE('',*,*,#6112,.F.);
#6249 = ADVANCED_FACE('',(#6250),#5990,.F.);
#6250 = FACE_BOUND('',#6251,.F.);
#6251 = EDGE_LOOP('',(#6252,#6253,#6254,#6255));
#6252 = ORIENTED_EDGE('',*,*,#5974,.F.);
#6253 = ORIENTED_EDGE('',*,*,#6159,.T.);
#6254 = ORIENTED_EDGE('',*,*,#6089,.T.);
#6255 = ORIENTED_EDGE('',*,*,#6206,.F.);
#6256 = ADVANCED_FACE('',(#6257),#6044,.T.);
#6257 = FACE_BOUND('',#6258,.T.);
#6258 = EDGE_LOOP('',(#6259,#6260,#6261,#6262));
#6259 = ORIENTED_EDGE('',*,*,#6030,.F.);
#6260 = ORIENTED_EDGE('',*,*,#6181,.T.);
#6261 = ORIENTED_EDGE('',*,*,#6135,.T.);
#6262 = ORIENTED_EDGE('',*,*,#6228,.F.);
#6263 = MANIFOLD_SOLID_BREP('',#6264);
#6264 = CLOSED_SHELL('',(#6265,#6385,#6485,#6532,#6579,#6586));
#6265 = ADVANCED_FACE('',(#6266),#6280,.F.);
#6266 = FACE_BOUND('',#6267,.F.);
#6267 = EDGE_LOOP('',(#6268,#6303,#6331,#6359));
#6268 = ORIENTED_EDGE('',*,*,#6269,.F.);
#6269 = EDGE_CURVE('',#6270,#6272,#6274,.T.);
#6270 = VERTEX_POINT('',#6271);
#6271 = CARTESIAN_POINT('',(-9.1,-0.93,-5.E-03));
#6272 = VERTEX_POINT('',#6273);
#6273 = CARTESIAN_POINT('',(-9.1,-0.93,0.845));
#6274 = SURFACE_CURVE('',#6275,(#6279,#6291),.PCURVE_S1.);
#6275 = LINE('',#6276,#6277);
#6276 = CARTESIAN_POINT('',(-9.1,-0.93,-5.E-03));
#6277 = VECTOR('',#6278,1.);
#6278 = DIRECTION('',(0.,0.,1.));
#6279 = PCURVE('',#6280,#6285);
#6280 = PLANE('',#6281);
#6281 = AXIS2_PLACEMENT_3D('',#6282,#6283,#6284);
#6282 = CARTESIAN_POINT('',(-9.1,-0.93,-5.E-03));
#6283 = DIRECTION('',(1.,0.,0.));
#6284 = DIRECTION('',(0.,0.,1.));
#6285 = DEFINITIONAL_REPRESENTATION('',(#6286),#6290);
#6286 = LINE('',#6287,#6288);
#6287 = CARTESIAN_POINT('',(0.,0.));
#6288 = VECTOR('',#6289,1.);
#6289 = DIRECTION('',(1.,0.));
#6290 = ( GEOMETRIC_REPRESENTATION_CONTEXT(2) 
PARAMETRIC_REPRESENTATION_CONTEXT() REPRESENTATION_CONTEXT('2D SPACE',''
  ) );
#6291 = PCURVE('',#6292,#6297);
#6292 = PLANE('',#6293);
#6293 = AXIS2_PLACEMENT_3D('',#6294,#6295,#6296);
#6294 = CARTESIAN_POINT('',(-9.1,-0.93,-5.E-03));
#6295 = DIRECTION('',(0.,1.,0.));
#6296 = DIRECTION('',(0.,0.,1.));
#6297 = DEFINITIONAL_REPRESENTATION('',(#6298),#6302);
#6298 = LINE('',#6299,#6300);
#6299 = CARTESIAN_POINT('',(0.,0.));
#6300 = VECTOR('',#6301,1.);
#6301 = DIRECTION('',(1.,0.));
#6302 = ( GEOMETRIC_REPRESENTATION_CONTEXT(2) 
PARAMETRIC_REPRESENTATION_CONTEXT() REPRESENTATION_CONTEXT('2D SPACE',''
  ) );
#6303 = ORIENTED_EDGE('',*,*,#6304,.T.);
#6304 = EDGE_CURVE('',#6270,#6305,#6307,.T.);
#6305 = VERTEX_POINT('',#6306);
#6306 = CARTESIAN_POINT('',(-9.1,-3.E-02,-5.E-03));
#6307 = SURFACE_CURVE('',#6308,(#6312,#6319),.PCURVE_S1.);
#6308 = LINE('',#6309,#6310);
#6309 = CARTESIAN_POINT('',(-9.1,-0.93,-5.E-03));
#6310 = VECTOR('',#6311,1.);
#6311 = DIRECTION('',(0.,1.,0.));
#6312 = PCURVE('',#6280,#6313);
#6313 = DEFINITIONAL_REPRESENTATION('',(#6314),#6318);
#6314 = LINE('',#6315,#6316);
#6315 = CARTESIAN_POINT('',(0.,0.));
#6316 = VECTOR('',#6317,1.);
#6317 = DIRECTION('',(0.,-1.));
#6318 = ( GEOMETRIC_REPRESENTATION_CONTEXT(2) 
PARAMETRIC_REPRESENTATION_CONTEXT() REPRESENTATION_CONTEXT('2D SPACE',''
  ) );
#6319 = PCURVE('',#6320,#6325);
#6320 = PLANE('',#6321);
#6321 = AXIS2_PLACEMENT_3D('',#6322,#6323,#6324);
#6322 = CARTESIAN_POINT('',(-9.1,-0.93,-5.E-03));
#6323 = DIRECTION('',(0.,0.,1.));
#6324 = DIRECTION('',(1.,0.,0.));
#6325 = DEFINITIONAL_REPRESENTATION('',(#6326),#6330);
#6326 = LINE('',#6327,#6328);
#6327 = CARTESIAN_POINT('',(0.,0.));
#6328 = VECTOR('',#6329,1.);
#6329 = DIRECTION('',(0.,1.));
#6330 = ( GEOMETRIC_REPRESENTATION_CONTEXT(2) 
PARAMETRIC_REPRESENTATION_CONTEXT() REPRESENTATION_CONTEXT('2D SPACE',''
  ) );
#6331 = ORIENTED_EDGE('',*,*,#6332,.T.);
#6332 = EDGE_CURVE('',#6305,#6333,#6335,.T.);
#6333 = VERTEX_POINT('',#6334);
#6334 = CARTESIAN_POINT('',(-9.1,-3.E-02,0.845));
#6335 = SURFACE_CURVE('',#6336,(#6340,#6347),.PCURVE_S1.);
#6336 = LINE('',#6337,#6338);
#6337 = CARTESIAN_POINT('',(-9.1,-3.E-02,-5.E-03));
#6338 = VECTOR('',#6339,1.);
#6339 = DIRECTION('',(0.,0.,1.));
#6340 = PCURVE('',#6280,#6341);
#6341 = DEFINITIONAL_REPRESENTATION('',(#6342),#6346);
#6342 = LINE('',#6343,#6344);
#6343 = CARTESIAN_POINT('',(0.,-0.9));
#6344 = VECTOR('',#6345,1.);
#6345 = DIRECTION('',(1.,0.));
#6346 = ( GEOMETRIC_REPRESENTATION_CONTEXT(2) 
PARAMETRIC_REPRESENTATION_CONTEXT() REPRESENTATION_CONTEXT('2D SPACE',''
  ) );
#6347 = PCURVE('',#6348,#6353);
#6348 = PLANE('',#6349);
#6349 = AXIS2_PLACEMENT_3D('',#6350,#6351,#6352);
#6350 = CARTESIAN_POINT('',(-9.1,-3.E-02,-5.E-03));
#6351 = DIRECTION('',(0.,1.,0.));
#6352 = DIRECTION('',(0.,0.,1.));
#6353 = DEFINITIONAL_REPRESENTATION('',(#6354),#6358);
#6354 = LINE('',#6355,#6356);
#6355 = CARTESIAN_POINT('',(0.,0.));
#6356 = VECTOR('',#6357,1.);
#6357 = DIRECTION('',(1.,0.));
#6358 = ( GEOMETRIC_REPRESENTATION_CONTEXT(2) 
PARAMETRIC_REPRESENTATION_CONTEXT() REPRESENTATION_CONTEXT('2D SPACE',''
  ) );
#6359 = ORIENTED_EDGE('',*,*,#6360,.F.);
#6360 = EDGE_CURVE('',#6272,#6333,#6361,.T.);
#6361 = SURFACE_CURVE('',#6362,(#6366,#6373),.PCURVE_S1.);
#6362 = LINE('',#6363,#6364);
#6363 = CARTESIAN_POINT('',(-9.1,-0.93,0.845));
#6364 = VECTOR('',#6365,1.);
#6365 = DIRECTION('',(0.,1.,0.));
#6366 = PCURVE('',#6280,#6367);
#6367 = DEFINITIONAL_REPRESENTATION('',(#6368),#6372);
#6368 = LINE('',#6369,#6370);
#6369 = CARTESIAN_POINT('',(0.85,0.));
#6370 = VECTOR('',#6371,1.);
#6371 = DIRECTION('',(0.,-1.));
#6372 = ( GEOMETRIC_REPRESENTATION_CONTEXT(2) 
PARAMETRIC_REPRESENTATION_CONTEXT() REPRESENTATION_CONTEXT('2D SPACE',''
  ) );
#6373 = PCURVE('',#6374,#6379);
#6374 = PLANE('',#6375);
#6375 = AXIS2_PLACEMENT_3D('',#6376,#6377,#6378);
#6376 = CARTESIAN_POINT('',(-9.1,-0.93,0.845));
#6377 = DIRECTION('',(0.,0.,1.));
#6378 = DIRECTION('',(1.,0.,0.));
#6379 = DEFINITIONAL_REPRESENTATION('',(#6380),#6384);
#6380 = LINE('',#6381,#6382);
#6381 = CARTESIAN_POINT('',(0.,0.));
#6382 = VECTOR('',#6383,1.);
#6383 = DIRECTION('',(0.,1.));
#6384 = ( GEOMETRIC_REPRESENTATION_CONTEXT(2) 
PARAMETRIC_REPRESENTATION_CONTEXT() REPRESENTATION_CONTEXT('2D SPACE',''
  ) );
#6385 = ADVANCED_FACE('',(#6386),#6400,.T.);
#6386 = FACE_BOUND('',#6387,.T.);
#6387 = EDGE_LOOP('',(#6388,#6418,#6441,#6464));
#6388 = ORIENTED_EDGE('',*,*,#6389,.F.);
#6389 = EDGE_CURVE('',#6390,#6392,#6394,.T.);
#6390 = VERTEX_POINT('',#6391);
#6391 = CARTESIAN_POINT('',(-8.8,-0.93,-5.E-03));
#6392 = VERTEX_POINT('',#6393);
#6393 = CARTESIAN_POINT('',(-8.8,-0.93,0.845));
#6394 = SURFACE_CURVE('',#6395,(#6399,#6411),.PCURVE_S1.);
#6395 = LINE('',#6396,#6397);
#6396 = CARTESIAN_POINT('',(-8.8,-0.93,-5.E-03));
#6397 = VECTOR('',#6398,1.);
#6398 = DIRECTION('',(0.,0.,1.));
#6399 = PCURVE('',#6400,#6405);
#6400 = PLANE('',#6401);
#6401 = AXIS2_PLACEMENT_3D('',#6402,#6403,#6404);
#6402 = CARTESIAN_POINT('',(-8.8,-0.93,-5.E-03));
#6403 = DIRECTION('',(1.,0.,0.));
#6404 = DIRECTION('',(0.,0.,1.));
#6405 = DEFINITIONAL_REPRESENTATION('',(#6406),#6410);
#6406 = LINE('',#6407,#6408);
#6407 = CARTESIAN_POINT('',(0.,0.));
#6408 = VECTOR('',#6409,1.);
#6409 = DIRECTION('',(1.,0.));
#6410 = ( GEOMETRIC_REPRESENTATION_CONTEXT(2) 
PARAMETRIC_REPRESENTATION_CONTEXT() REPRESENTATION_CONTEXT('2D SPACE',''
  ) );
#6411 = PCURVE('',#6292,#6412);
#6412 = DEFINITIONAL_REPRESENTATION('',(#6413),#6417);
#6413 = LINE('',#6414,#6415);
#6414 = CARTESIAN_POINT('',(0.,0.3));
#6415 = VECTOR('',#6416,1.);
#6416 = DIRECTION('',(1.,0.));
#6417 = ( GEOMETRIC_REPRESENTATION_CONTEXT(2) 
PARAMETRIC_REPRESENTATION_CONTEXT() REPRESENTATION_CONTEXT('2D SPACE',''
  ) );
#6418 = ORIENTED_EDGE('',*,*,#6419,.T.);
#6419 = EDGE_CURVE('',#6390,#6420,#6422,.T.);
#6420 = VERTEX_POINT('',#6421);
#6421 = CARTESIAN_POINT('',(-8.8,-3.E-02,-5.E-03));
#6422 = SURFACE_CURVE('',#6423,(#6427,#6434),.PCURVE_S1.);
#6423 = LINE('',#6424,#6425);
#6424 = CARTESIAN_POINT('',(-8.8,-0.93,-5.E-03));
#6425 = VECTOR('',#6426,1.);
#6426 = DIRECTION('',(0.,1.,0.));
#6427 = PCURVE('',#6400,#6428);
#6428 = DEFINITIONAL_REPRESENTATION('',(#6429),#6433);
#6429 = LINE('',#6430,#6431);
#6430 = CARTESIAN_POINT('',(0.,0.));
#6431 = VECTOR('',#6432,1.);
#6432 = DIRECTION('',(0.,-1.));
#6433 = ( GEOMETRIC_REPRESENTATION_CONTEXT(2) 
PARAMETRIC_REPRESENTATION_CONTEXT() REPRESENTATION_CONTEXT('2D SPACE',''
  ) );
#6434 = PCURVE('',#6320,#6435);
#6435 = DEFINITIONAL_REPRESENTATION('',(#6436),#6440);
#6436 = LINE('',#6437,#6438);
#6437 = CARTESIAN_POINT('',(0.3,0.));
#6438 = VECTOR('',#6439,1.);
#6439 = DIRECTION('',(0.,1.));
#6440 = ( GEOMETRIC_REPRESENTATION_CONTEXT(2) 
PARAMETRIC_REPRESENTATION_CONTEXT() REPRESENTATION_CONTEXT('2D SPACE',''
  ) );
#6441 = ORIENTED_EDGE('',*,*,#6442,.T.);
#6442 = EDGE_CURVE('',#6420,#6443,#6445,.T.);
#6443 = VERTEX_POINT('',#6444);
#6444 = CARTESIAN_POINT('',(-8.8,-3.E-02,0.845));
#6445 = SURFACE_CURVE('',#6446,(#6450,#6457),.PCURVE_S1.);
#6446 = LINE('',#6447,#6448);
#6447 = CARTESIAN_POINT('',(-8.8,-3.E-02,-5.E-03));
#6448 = VECTOR('',#6449,1.);
#6449 = DIRECTION('',(0.,0.,1.));
#6450 = PCURVE('',#6400,#6451);
#6451 = DEFINITIONAL_REPRESENTATION('',(#6452),#6456);
#6452 = LINE('',#6453,#6454);
#6453 = CARTESIAN_POINT('',(0.,-0.9));
#6454 = VECTOR('',#6455,1.);
#6455 = DIRECTION('',(1.,0.));
#6456 = ( GEOMETRIC_REPRESENTATION_CONTEXT(2) 
PARAMETRIC_REPRESENTATION_CONTEXT() REPRESENTATION_CONTEXT('2D SPACE',''
  ) );
#6457 = PCURVE('',#6348,#6458);
#6458 = DEFINITIONAL_REPRESENTATION('',(#6459),#6463);
#6459 = LINE('',#6460,#6461);
#6460 = CARTESIAN_POINT('',(0.,0.3));
#6461 = VECTOR('',#6462,1.);
#6462 = DIRECTION('',(1.,0.));
#6463 = ( GEOMETRIC_REPRESENTATION_CONTEXT(2) 
PARAMETRIC_REPRESENTATION_CONTEXT() REPRESENTATION_CONTEXT('2D SPACE',''
  ) );
#6464 = ORIENTED_EDGE('',*,*,#6465,.F.);
#6465 = EDGE_CURVE('',#6392,#6443,#6466,.T.);
#6466 = SURFACE_CURVE('',#6467,(#6471,#6478),.PCURVE_S1.);
#6467 = LINE('',#6468,#6469);
#6468 = CARTESIAN_POINT('',(-8.8,-0.93,0.845));
#6469 = VECTOR('',#6470,1.);
#6470 = DIRECTION('',(0.,1.,0.));
#6471 = PCURVE('',#6400,#6472);
#6472 = DEFINITIONAL_REPRESENTATION('',(#6473),#6477);
#6473 = LINE('',#6474,#6475);
#6474 = CARTESIAN_POINT('',(0.85,0.));
#6475 = VECTOR('',#6476,1.);
#6476 = DIRECTION('',(0.,-1.));
#6477 = ( GEOMETRIC_REPRESENTATION_CONTEXT(2) 
PARAMETRIC_REPRESENTATION_CONTEXT() REPRESENTATION_CONTEXT('2D SPACE',''
  ) );
#6478 = PCURVE('',#6374,#6479);
#6479 = DEFINITIONAL_REPRESENTATION('',(#6480),#6484);
#6480 = LINE('',#6481,#6482);
#6481 = CARTESIAN_POINT('',(0.3,0.));
#6482 = VECTOR('',#6483,1.);
#6483 = DIRECTION('',(0.,1.));
#6484 = ( GEOMETRIC_REPRESENTATION_CONTEXT(2) 
PARAMETRIC_REPRESENTATION_CONTEXT() REPRESENTATION_CONTEXT('2D SPACE',''
  ) );
#6485 = ADVANCED_FACE('',(#6486),#6292,.F.);
#6486 = FACE_BOUND('',#6487,.F.);
#6487 = EDGE_LOOP('',(#6488,#6509,#6510,#6531));
#6488 = ORIENTED_EDGE('',*,*,#6489,.F.);
#6489 = EDGE_CURVE('',#6270,#6390,#6490,.T.);
#6490 = SURFACE_CURVE('',#6491,(#6495,#6502),.PCURVE_S1.);
#6491 = LINE('',#6492,#6493);
#6492 = CARTESIAN_POINT('',(-9.1,-0.93,-5.E-03));
#6493 = VECTOR('',#6494,1.);
#6494 = DIRECTION('',(1.,0.,0.));
#6495 = PCURVE('',#6292,#6496);
#6496 = DEFINITIONAL_REPRESENTATION('',(#6497),#6501);
#6497 = LINE('',#6498,#6499);
#6498 = CARTESIAN_POINT('',(0.,0.));
#6499 = VECTOR('',#6500,1.);
#6500 = DIRECTION('',(0.,1.));
#6501 = ( GEOMETRIC_REPRESENTATION_CONTEXT(2) 
PARAMETRIC_REPRESENTATION_CONTEXT() REPRESENTATION_CONTEXT('2D SPACE',''
  ) );
#6502 = PCURVE('',#6320,#6503);
#6503 = DEFINITIONAL_REPRESENTATION('',(#6504),#6508);
#6504 = LINE('',#6505,#6506);
#6505 = CARTESIAN_POINT('',(0.,0.));
#6506 = VECTOR('',#6507,1.);
#6507 = DIRECTION('',(1.,0.));
#6508 = ( GEOMETRIC_REPRESENTATION_CONTEXT(2) 
PARAMETRIC_REPRESENTATION_CONTEXT() REPRESENTATION_CONTEXT('2D SPACE',''
  ) );
#6509 = ORIENTED_EDGE('',*,*,#6269,.T.);
#6510 = ORIENTED_EDGE('',*,*,#6511,.T.);
#6511 = EDGE_CURVE('',#6272,#6392,#6512,.T.);
#6512 = SURFACE_CURVE('',#6513,(#6517,#6524),.PCURVE_S1.);
#6513 = LINE('',#6514,#6515);
#6514 = CARTESIAN_POINT('',(-9.1,-0.93,0.845));
#6515 = VECTOR('',#6516,1.);
#6516 = DIRECTION('',(1.,0.,0.));
#6517 = PCURVE('',#6292,#6518);
#6518 = DEFINITIONAL_REPRESENTATION('',(#6519),#6523);
#6519 = LINE('',#6520,#6521);
#6520 = CARTESIAN_POINT('',(0.85,0.));
#6521 = VECTOR('',#6522,1.);
#6522 = DIRECTION('',(0.,1.));
#6523 = ( GEOMETRIC_REPRESENTATION_CONTEXT(2) 
PARAMETRIC_REPRESENTATION_CONTEXT() REPRESENTATION_CONTEXT('2D SPACE',''
  ) );
#6524 = PCURVE('',#6374,#6525);
#6525 = DEFINITIONAL_REPRESENTATION('',(#6526),#6530);
#6526 = LINE('',#6527,#6528);
#6527 = CARTESIAN_POINT('',(0.,0.));
#6528 = VECTOR('',#6529,1.);
#6529 = DIRECTION('',(1.,0.));
#6530 = ( GEOMETRIC_REPRESENTATION_CONTEXT(2) 
PARAMETRIC_REPRESENTATION_CONTEXT() REPRESENTATION_CONTEXT('2D SPACE',''
  ) );
#6531 = ORIENTED_EDGE('',*,*,#6389,.F.);
#6532 = ADVANCED_FACE('',(#6533),#6348,.T.);
#6533 = FACE_BOUND('',#6534,.T.);
#6534 = EDGE_LOOP('',(#6535,#6556,#6557,#6578));
#6535 = ORIENTED_EDGE('',*,*,#6536,.F.);
#6536 = EDGE_CURVE('',#6305,#6420,#6537,.T.);
#6537 = SURFACE_CURVE('',#6538,(#6542,#6549),.PCURVE_S1.);
#6538 = LINE('',#6539,#6540);
#6539 = CARTESIAN_POINT('',(-9.1,-3.E-02,-5.E-03));
#6540 = VECTOR('',#6541,1.);
#6541 = DIRECTION('',(1.,0.,0.));
#6542 = PCURVE('',#6348,#6543);
#6543 = DEFINITIONAL_REPRESENTATION('',(#6544),#6548);
#6544 = LINE('',#6545,#6546);
#6545 = CARTESIAN_POINT('',(0.,0.));
#6546 = VECTOR('',#6547,1.);
#6547 = DIRECTION('',(0.,1.));
#6548 = ( GEOMETRIC_REPRESENTATION_CONTEXT(2) 
PARAMETRIC_REPRESENTATION_CONTEXT() REPRESENTATION_CONTEXT('2D SPACE',''
  ) );
#6549 = PCURVE('',#6320,#6550);
#6550 = DEFINITIONAL_REPRESENTATION('',(#6551),#6555);
#6551 = LINE('',#6552,#6553);
#6552 = CARTESIAN_POINT('',(0.,0.9));
#6553 = VECTOR('',#6554,1.);
#6554 = DIRECTION('',(1.,0.));
#6555 = ( GEOMETRIC_REPRESENTATION_CONTEXT(2) 
PARAMETRIC_REPRESENTATION_CONTEXT() REPRESENTATION_CONTEXT('2D SPACE',''
  ) );
#6556 = ORIENTED_EDGE('',*,*,#6332,.T.);
#6557 = ORIENTED_EDGE('',*,*,#6558,.T.);
#6558 = EDGE_CURVE('',#6333,#6443,#6559,.T.);
#6559 = SURFACE_CURVE('',#6560,(#6564,#6571),.PCURVE_S1.);
#6560 = LINE('',#6561,#6562);
#6561 = CARTESIAN_POINT('',(-9.1,-3.E-02,0.845));
#6562 = VECTOR('',#6563,1.);
#6563 = DIRECTION('',(1.,0.,0.));
#6564 = PCURVE('',#6348,#6565);
#6565 = DEFINITIONAL_REPRESENTATION('',(#6566),#6570);
#6566 = LINE('',#6567,#6568);
#6567 = CARTESIAN_POINT('',(0.85,0.));
#6568 = VECTOR('',#6569,1.);
#6569 = DIRECTION('',(0.,1.));
#6570 = ( GEOMETRIC_REPRESENTATION_CONTEXT(2) 
PARAMETRIC_REPRESENTATION_CONTEXT() REPRESENTATION_CONTEXT('2D SPACE',''
  ) );
#6571 = PCURVE('',#6374,#6572);
#6572 = DEFINITIONAL_REPRESENTATION('',(#6573),#6577);
#6573 = LINE('',#6574,#6575);
#6574 = CARTESIAN_POINT('',(0.,0.9));
#6575 = VECTOR('',#6576,1.);
#6576 = DIRECTION('',(1.,0.));
#6577 = ( GEOMETRIC_REPRESENTATION_CONTEXT(2) 
PARAMETRIC_REPRESENTATION_CONTEXT() REPRESENTATION_CONTEXT('2D SPACE',''
  ) );
#6578 = ORIENTED_EDGE('',*,*,#6442,.F.);
#6579 = ADVANCED_FACE('',(#6580),#6320,.F.);
#6580 = FACE_BOUND('',#6581,.F.);
#6581 = EDGE_LOOP('',(#6582,#6583,#6584,#6585));
#6582 = ORIENTED_EDGE('',*,*,#6304,.F.);
#6583 = ORIENTED_EDGE('',*,*,#6489,.T.);
#6584 = ORIENTED_EDGE('',*,*,#6419,.T.);
#6585 = ORIENTED_EDGE('',*,*,#6536,.F.);
#6586 = ADVANCED_FACE('',(#6587),#6374,.T.);
#6587 = FACE_BOUND('',#6588,.T.);
#6588 = EDGE_LOOP('',(#6589,#6590,#6591,#6592));
#6589 = ORIENTED_EDGE('',*,*,#6360,.F.);
#6590 = ORIENTED_EDGE('',*,*,#6511,.T.);
#6591 = ORIENTED_EDGE('',*,*,#6465,.T.);
#6592 = ORIENTED_EDGE('',*,*,#6558,.F.);
#6593 = MANIFOLD_SOLID_BREP('',#6594);
#6594 = CLOSED_SHELL('',(#6595,#6715,#6815,#6862,#6909,#6916));
#6595 = ADVANCED_FACE('',(#6596),#6610,.F.);
#6596 = FACE_BOUND('',#6597,.F.);
#6597 = EDGE_LOOP('',(#6598,#6633,#6661,#6689));
#6598 = ORIENTED_EDGE('',*,*,#6599,.F.);
#6599 = EDGE_CURVE('',#6600,#6602,#6604,.T.);
#6600 = VERTEX_POINT('',#6601);
#6601 = CARTESIAN_POINT('',(8.8,-0.93,-5.E-03));
#6602 = VERTEX_POINT('',#6603);
#6603 = CARTESIAN_POINT('',(8.8,-0.93,0.845));
#6604 = SURFACE_CURVE('',#6605,(#6609,#6621),.PCURVE_S1.);
#6605 = LINE('',#6606,#6607);
#6606 = CARTESIAN_POINT('',(8.8,-0.93,-5.E-03));
#6607 = VECTOR('',#6608,1.);
#6608 = DIRECTION('',(0.,0.,1.));
#6609 = PCURVE('',#6610,#6615);
#6610 = PLANE('',#6611);
#6611 = AXIS2_PLACEMENT_3D('',#6612,#6613,#6614);
#6612 = CARTESIAN_POINT('',(8.8,-0.93,-5.E-03));
#6613 = DIRECTION('',(1.,0.,0.));
#6614 = DIRECTION('',(0.,0.,1.));
#6615 = DEFINITIONAL_REPRESENTATION('',(#6616),#6620);
#6616 = LINE('',#6617,#6618);
#6617 = CARTESIAN_POINT('',(0.,0.));
#6618 = VECTOR('',#6619,1.);
#6619 = DIRECTION('',(1.,0.));
#6620 = ( GEOMETRIC_REPRESENTATION_CONTEXT(2) 
PARAMETRIC_REPRESENTATION_CONTEXT() REPRESENTATION_CONTEXT('2D SPACE',''
  ) );
#6621 = PCURVE('',#6622,#6627);
#6622 = PLANE('',#6623);
#6623 = AXIS2_PLACEMENT_3D('',#6624,#6625,#6626);
#6624 = CARTESIAN_POINT('',(8.8,-0.93,-5.E-03));
#6625 = DIRECTION('',(0.,1.,0.));
#6626 = DIRECTION('',(0.,0.,1.));
#6627 = DEFINITIONAL_REPRESENTATION('',(#6628),#6632);
#6628 = LINE('',#6629,#6630);
#6629 = CARTESIAN_POINT('',(0.,0.));
#6630 = VECTOR('',#6631,1.);
#6631 = DIRECTION('',(1.,0.));
#6632 = ( GEOMETRIC_REPRESENTATION_CONTEXT(2) 
PARAMETRIC_REPRESENTATION_CONTEXT() REPRESENTATION_CONTEXT('2D SPACE',''
  ) );
#6633 = ORIENTED_EDGE('',*,*,#6634,.T.);
#6634 = EDGE_CURVE('',#6600,#6635,#6637,.T.);
#6635 = VERTEX_POINT('',#6636);
#6636 = CARTESIAN_POINT('',(8.8,-3.E-02,-5.E-03));
#6637 = SURFACE_CURVE('',#6638,(#6642,#6649),.PCURVE_S1.);
#6638 = LINE('',#6639,#6640);
#6639 = CARTESIAN_POINT('',(8.8,-0.93,-5.E-03));
#6640 = VECTOR('',#6641,1.);
#6641 = DIRECTION('',(0.,1.,0.));
#6642 = PCURVE('',#6610,#6643);
#6643 = DEFINITIONAL_REPRESENTATION('',(#6644),#6648);
#6644 = LINE('',#6645,#6646);
#6645 = CARTESIAN_POINT('',(0.,0.));
#6646 = VECTOR('',#6647,1.);
#6647 = DIRECTION('',(0.,-1.));
#6648 = ( GEOMETRIC_REPRESENTATION_CONTEXT(2) 
PARAMETRIC_REPRESENTATION_CONTEXT() REPRESENTATION_CONTEXT('2D SPACE',''
  ) );
#6649 = PCURVE('',#6650,#6655);
#6650 = PLANE('',#6651);
#6651 = AXIS2_PLACEMENT_3D('',#6652,#6653,#6654);
#6652 = CARTESIAN_POINT('',(8.8,-0.93,-5.E-03));
#6653 = DIRECTION('',(0.,0.,1.));
#6654 = DIRECTION('',(1.,0.,0.));
#6655 = DEFINITIONAL_REPRESENTATION('',(#6656),#6660);
#6656 = LINE('',#6657,#6658);
#6657 = CARTESIAN_POINT('',(0.,0.));
#6658 = VECTOR('',#6659,1.);
#6659 = DIRECTION('',(0.,1.));
#6660 = ( GEOMETRIC_REPRESENTATION_CONTEXT(2) 
PARAMETRIC_REPRESENTATION_CONTEXT() REPRESENTATION_CONTEXT('2D SPACE',''
  ) );
#6661 = ORIENTED_EDGE('',*,*,#6662,.T.);
#6662 = EDGE_CURVE('',#6635,#6663,#6665,.T.);
#6663 = VERTEX_POINT('',#6664);
#6664 = CARTESIAN_POINT('',(8.8,-3.E-02,0.845));
#6665 = SURFACE_CURVE('',#6666,(#6670,#6677),.PCURVE_S1.);
#6666 = LINE('',#6667,#6668);
#6667 = CARTESIAN_POINT('',(8.8,-3.E-02,-5.E-03));
#6668 = VECTOR('',#6669,1.);
#6669 = DIRECTION('',(0.,0.,1.));
#6670 = PCURVE('',#6610,#6671);
#6671 = DEFINITIONAL_REPRESENTATION('',(#6672),#6676);
#6672 = LINE('',#6673,#6674);
#6673 = CARTESIAN_POINT('',(0.,-0.9));
#6674 = VECTOR('',#6675,1.);
#6675 = DIRECTION('',(1.,0.));
#6676 = ( GEOMETRIC_REPRESENTATION_CONTEXT(2) 
PARAMETRIC_REPRESENTATION_CONTEXT() REPRESENTATION_CONTEXT('2D SPACE',''
  ) );
#6677 = PCURVE('',#6678,#6683);
#6678 = PLANE('',#6679);
#6679 = AXIS2_PLACEMENT_3D('',#6680,#6681,#6682);
#6680 = CARTESIAN_POINT('',(8.8,-3.E-02,-5.E-03));
#6681 = DIRECTION('',(0.,1.,0.));
#6682 = DIRECTION('',(0.,0.,1.));
#6683 = DEFINITIONAL_REPRESENTATION('',(#6684),#6688);
#6684 = LINE('',#6685,#6686);
#6685 = CARTESIAN_POINT('',(0.,0.));
#6686 = VECTOR('',#6687,1.);
#6687 = DIRECTION('',(1.,0.));
#6688 = ( GEOMETRIC_REPRESENTATION_CONTEXT(2) 
PARAMETRIC_REPRESENTATION_CONTEXT() REPRESENTATION_CONTEXT('2D SPACE',''
  ) );
#6689 = ORIENTED_EDGE('',*,*,#6690,.F.);
#6690 = EDGE_CURVE('',#6602,#6663,#6691,.T.);
#6691 = SURFACE_CURVE('',#6692,(#6696,#6703),.PCURVE_S1.);
#6692 = LINE('',#6693,#6694);
#6693 = CARTESIAN_POINT('',(8.8,-0.93,0.845));
#6694 = VECTOR('',#6695,1.);
#6695 = DIRECTION('',(0.,1.,0.));
#6696 = PCURVE('',#6610,#6697);
#6697 = DEFINITIONAL_REPRESENTATION('',(#6698),#6702);
#6698 = LINE('',#6699,#6700);
#6699 = CARTESIAN_POINT('',(0.85,0.));
#6700 = VECTOR('',#6701,1.);
#6701 = DIRECTION('',(0.,-1.));
#6702 = ( GEOMETRIC_REPRESENTATION_CONTEXT(2) 
PARAMETRIC_REPRESENTATION_CONTEXT() REPRESENTATION_CONTEXT('2D SPACE',''
  ) );
#6703 = PCURVE('',#6704,#6709);
#6704 = PLANE('',#6705);
#6705 = AXIS2_PLACEMENT_3D('',#6706,#6707,#6708);
#6706 = CARTESIAN_POINT('',(8.8,-0.93,0.845));
#6707 = DIRECTION('',(0.,0.,1.));
#6708 = DIRECTION('',(1.,0.,0.));
#6709 = DEFINITIONAL_REPRESENTATION('',(#6710),#6714);
#6710 = LINE('',#6711,#6712);
#6711 = CARTESIAN_POINT('',(0.,0.));
#6712 = VECTOR('',#6713,1.);
#6713 = DIRECTION('',(0.,1.));
#6714 = ( GEOMETRIC_REPRESENTATION_CONTEXT(2) 
PARAMETRIC_REPRESENTATION_CONTEXT() REPRESENTATION_CONTEXT('2D SPACE',''
  ) );
#6715 = ADVANCED_FACE('',(#6716),#6730,.T.);
#6716 = FACE_BOUND('',#6717,.T.);
#6717 = EDGE_LOOP('',(#6718,#6748,#6771,#6794));
#6718 = ORIENTED_EDGE('',*,*,#6719,.F.);
#6719 = EDGE_CURVE('',#6720,#6722,#6724,.T.);
#6720 = VERTEX_POINT('',#6721);
#6721 = CARTESIAN_POINT('',(9.1,-0.93,-5.E-03));
#6722 = VERTEX_POINT('',#6723);
#6723 = CARTESIAN_POINT('',(9.1,-0.93,0.845));
#6724 = SURFACE_CURVE('',#6725,(#6729,#6741),.PCURVE_S1.);
#6725 = LINE('',#6726,#6727);
#6726 = CARTESIAN_POINT('',(9.1,-0.93,-5.E-03));
#6727 = VECTOR('',#6728,1.);
#6728 = DIRECTION('',(0.,0.,1.));
#6729 = PCURVE('',#6730,#6735);
#6730 = PLANE('',#6731);
#6731 = AXIS2_PLACEMENT_3D('',#6732,#6733,#6734);
#6732 = CARTESIAN_POINT('',(9.1,-0.93,-5.E-03));
#6733 = DIRECTION('',(1.,0.,0.));
#6734 = DIRECTION('',(0.,0.,1.));
#6735 = DEFINITIONAL_REPRESENTATION('',(#6736),#6740);
#6736 = LINE('',#6737,#6738);
#6737 = CARTESIAN_POINT('',(0.,0.));
#6738 = VECTOR('',#6739,1.);
#6739 = DIRECTION('',(1.,0.));
#6740 = ( GEOMETRIC_REPRESENTATION_CONTEXT(2) 
PARAMETRIC_REPRESENTATION_CONTEXT() REPRESENTATION_CONTEXT('2D SPACE',''
  ) );
#6741 = PCURVE('',#6622,#6742);
#6742 = DEFINITIONAL_REPRESENTATION('',(#6743),#6747);
#6743 = LINE('',#6744,#6745);
#6744 = CARTESIAN_POINT('',(0.,0.3));
#6745 = VECTOR('',#6746,1.);
#6746 = DIRECTION('',(1.,0.));
#6747 = ( GEOMETRIC_REPRESENTATION_CONTEXT(2) 
PARAMETRIC_REPRESENTATION_CONTEXT() REPRESENTATION_CONTEXT('2D SPACE',''
  ) );
#6748 = ORIENTED_EDGE('',*,*,#6749,.T.);
#6749 = EDGE_CURVE('',#6720,#6750,#6752,.T.);
#6750 = VERTEX_POINT('',#6751);
#6751 = CARTESIAN_POINT('',(9.1,-3.E-02,-5.E-03));
#6752 = SURFACE_CURVE('',#6753,(#6757,#6764),.PCURVE_S1.);
#6753 = LINE('',#6754,#6755);
#6754 = CARTESIAN_POINT('',(9.1,-0.93,-5.E-03));
#6755 = VECTOR('',#6756,1.);
#6756 = DIRECTION('',(0.,1.,0.));
#6757 = PCURVE('',#6730,#6758);
#6758 = DEFINITIONAL_REPRESENTATION('',(#6759),#6763);
#6759 = LINE('',#6760,#6761);
#6760 = CARTESIAN_POINT('',(0.,0.));
#6761 = VECTOR('',#6762,1.);
#6762 = DIRECTION('',(0.,-1.));
#6763 = ( GEOMETRIC_REPRESENTATION_CONTEXT(2) 
PARAMETRIC_REPRESENTATION_CONTEXT() REPRESENTATION_CONTEXT('2D SPACE',''
  ) );
#6764 = PCURVE('',#6650,#6765);
#6765 = DEFINITIONAL_REPRESENTATION('',(#6766),#6770);
#6766 = LINE('',#6767,#6768);
#6767 = CARTESIAN_POINT('',(0.3,0.));
#6768 = VECTOR('',#6769,1.);
#6769 = DIRECTION('',(0.,1.));
#6770 = ( GEOMETRIC_REPRESENTATION_CONTEXT(2) 
PARAMETRIC_REPRESENTATION_CONTEXT() REPRESENTATION_CONTEXT('2D SPACE',''
  ) );
#6771 = ORIENTED_EDGE('',*,*,#6772,.T.);
#6772 = EDGE_CURVE('',#6750,#6773,#6775,.T.);
#6773 = VERTEX_POINT('',#6774);
#6774 = CARTESIAN_POINT('',(9.1,-3.E-02,0.845));
#6775 = SURFACE_CURVE('',#6776,(#6780,#6787),.PCURVE_S1.);
#6776 = LINE('',#6777,#6778);
#6777 = CARTESIAN_POINT('',(9.1,-3.E-02,-5.E-03));
#6778 = VECTOR('',#6779,1.);
#6779 = DIRECTION('',(0.,0.,1.));
#6780 = PCURVE('',#6730,#6781);
#6781 = DEFINITIONAL_REPRESENTATION('',(#6782),#6786);
#6782 = LINE('',#6783,#6784);
#6783 = CARTESIAN_POINT('',(0.,-0.9));
#6784 = VECTOR('',#6785,1.);
#6785 = DIRECTION('',(1.,0.));
#6786 = ( GEOMETRIC_REPRESENTATION_CONTEXT(2) 
PARAMETRIC_REPRESENTATION_CONTEXT() REPRESENTATION_CONTEXT('2D SPACE',''
  ) );
#6787 = PCURVE('',#6678,#6788);
#6788 = DEFINITIONAL_REPRESENTATION('',(#6789),#6793);
#6789 = LINE('',#6790,#6791);
#6790 = CARTESIAN_POINT('',(0.,0.3));
#6791 = VECTOR('',#6792,1.);
#6792 = DIRECTION('',(1.,0.));
#6793 = ( GEOMETRIC_REPRESENTATION_CONTEXT(2) 
PARAMETRIC_REPRESENTATION_CONTEXT() REPRESENTATION_CONTEXT('2D SPACE',''
  ) );
#6794 = ORIENTED_EDGE('',*,*,#6795,.F.);
#6795 = EDGE_CURVE('',#6722,#6773,#6796,.T.);
#6796 = SURFACE_CURVE('',#6797,(#6801,#6808),.PCURVE_S1.);
#6797 = LINE('',#6798,#6799);
#6798 = CARTESIAN_POINT('',(9.1,-0.93,0.845));
#6799 = VECTOR('',#6800,1.);
#6800 = DIRECTION('',(0.,1.,0.));
#6801 = PCURVE('',#6730,#6802);
#6802 = DEFINITIONAL_REPRESENTATION('',(#6803),#6807);
#6803 = LINE('',#6804,#6805);
#6804 = CARTESIAN_POINT('',(0.85,0.));
#6805 = VECTOR('',#6806,1.);
#6806 = DIRECTION('',(0.,-1.));
#6807 = ( GEOMETRIC_REPRESENTATION_CONTEXT(2) 
PARAMETRIC_REPRESENTATION_CONTEXT() REPRESENTATION_CONTEXT('2D SPACE',''
  ) );
#6808 = PCURVE('',#6704,#6809);
#6809 = DEFINITIONAL_REPRESENTATION('',(#6810),#6814);
#6810 = LINE('',#6811,#6812);
#6811 = CARTESIAN_POINT('',(0.3,0.));
#6812 = VECTOR('',#6813,1.);
#6813 = DIRECTION('',(0.,1.));
#6814 = ( GEOMETRIC_REPRESENTATION_CONTEXT(2) 
PARAMETRIC_REPRESENTATION_CONTEXT() REPRESENTATION_CONTEXT('2D SPACE',''
  ) );
#6815 = ADVANCED_FACE('',(#6816),#6622,.F.);
#6816 = FACE_BOUND('',#6817,.F.);
#6817 = EDGE_LOOP('',(#6818,#6839,#6840,#6861));
#6818 = ORIENTED_EDGE('',*,*,#6819,.F.);
#6819 = EDGE_CURVE('',#6600,#6720,#6820,.T.);
#6820 = SURFACE_CURVE('',#6821,(#6825,#6832),.PCURVE_S1.);
#6821 = LINE('',#6822,#6823);
#6822 = CARTESIAN_POINT('',(8.8,-0.93,-5.E-03));
#6823 = VECTOR('',#6824,1.);
#6824 = DIRECTION('',(1.,0.,0.));
#6825 = PCURVE('',#6622,#6826);
#6826 = DEFINITIONAL_REPRESENTATION('',(#6827),#6831);
#6827 = LINE('',#6828,#6829);
#6828 = CARTESIAN_POINT('',(0.,0.));
#6829 = VECTOR('',#6830,1.);
#6830 = DIRECTION('',(0.,1.));
#6831 = ( GEOMETRIC_REPRESENTATION_CONTEXT(2) 
PARAMETRIC_REPRESENTATION_CONTEXT() REPRESENTATION_CONTEXT('2D SPACE',''
  ) );
#6832 = PCURVE('',#6650,#6833);
#6833 = DEFINITIONAL_REPRESENTATION('',(#6834),#6838);
#6834 = LINE('',#6835,#6836);
#6835 = CARTESIAN_POINT('',(0.,0.));
#6836 = VECTOR('',#6837,1.);
#6837 = DIRECTION('',(1.,0.));
#6838 = ( GEOMETRIC_REPRESENTATION_CONTEXT(2) 
PARAMETRIC_REPRESENTATION_CONTEXT() REPRESENTATION_CONTEXT('2D SPACE',''
  ) );
#6839 = ORIENTED_EDGE('',*,*,#6599,.T.);
#6840 = ORIENTED_EDGE('',*,*,#6841,.T.);
#6841 = EDGE_CURVE('',#6602,#6722,#6842,.T.);
#6842 = SURFACE_CURVE('',#6843,(#6847,#6854),.PCURVE_S1.);
#6843 = LINE('',#6844,#6845);
#6844 = CARTESIAN_POINT('',(8.8,-0.93,0.845));
#6845 = VECTOR('',#6846,1.);
#6846 = DIRECTION('',(1.,0.,0.));
#6847 = PCURVE('',#6622,#6848);
#6848 = DEFINITIONAL_REPRESENTATION('',(#6849),#6853);
#6849 = LINE('',#6850,#6851);
#6850 = CARTESIAN_POINT('',(0.85,0.));
#6851 = VECTOR('',#6852,1.);
#6852 = DIRECTION('',(0.,1.));
#6853 = ( GEOMETRIC_REPRESENTATION_CONTEXT(2) 
PARAMETRIC_REPRESENTATION_CONTEXT() REPRESENTATION_CONTEXT('2D SPACE',''
  ) );
#6854 = PCURVE('',#6704,#6855);
#6855 = DEFINITIONAL_REPRESENTATION('',(#6856),#6860);
#6856 = LINE('',#6857,#6858);
#6857 = CARTESIAN_POINT('',(0.,0.));
#6858 = VECTOR('',#6859,1.);
#6859 = DIRECTION('',(1.,0.));
#6860 = ( GEOMETRIC_REPRESENTATION_CONTEXT(2) 
PARAMETRIC_REPRESENTATION_CONTEXT() REPRESENTATION_CONTEXT('2D SPACE',''
  ) );
#6861 = ORIENTED_EDGE('',*,*,#6719,.F.);
#6862 = ADVANCED_FACE('',(#6863),#6678,.T.);
#6863 = FACE_BOUND('',#6864,.T.);
#6864 = EDGE_LOOP('',(#6865,#6886,#6887,#6908));
#6865 = ORIENTED_EDGE('',*,*,#6866,.F.);
#6866 = EDGE_CURVE('',#6635,#6750,#6867,.T.);
#6867 = SURFACE_CURVE('',#6868,(#6872,#6879),.PCURVE_S1.);
#6868 = LINE('',#6869,#6870);
#6869 = CARTESIAN_POINT('',(8.8,-3.E-02,-5.E-03));
#6870 = VECTOR('',#6871,1.);
#6871 = DIRECTION('',(1.,0.,0.));
#6872 = PCURVE('',#6678,#6873);
#6873 = DEFINITIONAL_REPRESENTATION('',(#6874),#6878);
#6874 = LINE('',#6875,#6876);
#6875 = CARTESIAN_POINT('',(0.,0.));
#6876 = VECTOR('',#6877,1.);
#6877 = DIRECTION('',(0.,1.));
#6878 = ( GEOMETRIC_REPRESENTATION_CONTEXT(2) 
PARAMETRIC_REPRESENTATION_CONTEXT() REPRESENTATION_CONTEXT('2D SPACE',''
  ) );
#6879 = PCURVE('',#6650,#6880);
#6880 = DEFINITIONAL_REPRESENTATION('',(#6881),#6885);
#6881 = LINE('',#6882,#6883);
#6882 = CARTESIAN_POINT('',(0.,0.9));
#6883 = VECTOR('',#6884,1.);
#6884 = DIRECTION('',(1.,0.));
#6885 = ( GEOMETRIC_REPRESENTATION_CONTEXT(2) 
PARAMETRIC_REPRESENTATION_CONTEXT() REPRESENTATION_CONTEXT('2D SPACE',''
  ) );
#6886 = ORIENTED_EDGE('',*,*,#6662,.T.);
#6887 = ORIENTED_EDGE('',*,*,#6888,.T.);
#6888 = EDGE_CURVE('',#6663,#6773,#6889,.T.);
#6889 = SURFACE_CURVE('',#6890,(#6894,#6901),.PCURVE_S1.);
#6890 = LINE('',#6891,#6892);
#6891 = CARTESIAN_POINT('',(8.8,-3.E-02,0.845));
#6892 = VECTOR('',#6893,1.);
#6893 = DIRECTION('',(1.,0.,0.));
#6894 = PCURVE('',#6678,#6895);
#6895 = DEFINITIONAL_REPRESENTATION('',(#6896),#6900);
#6896 = LINE('',#6897,#6898);
#6897 = CARTESIAN_POINT('',(0.85,0.));
#6898 = VECTOR('',#6899,1.);
#6899 = DIRECTION('',(0.,1.));
#6900 = ( GEOMETRIC_REPRESENTATION_CONTEXT(2) 
PARAMETRIC_REPRESENTATION_CONTEXT() REPRESENTATION_CONTEXT('2D SPACE',''
  ) );
#6901 = PCURVE('',#6704,#6902);
#6902 = DEFINITIONAL_REPRESENTATION('',(#6903),#6907);
#6903 = LINE('',#6904,#6905);
#6904 = CARTESIAN_POINT('',(0.,0.9));
#6905 = VECTOR('',#6906,1.);
#6906 = DIRECTION('',(1.,0.));
#6907 = ( GEOMETRIC_REPRESENTATION_CONTEXT(2) 
PARAMETRIC_REPRESENTATION_CONTEXT() REPRESENTATION_CONTEXT('2D SPACE',''
  ) );
#6908 = ORIENTED_EDGE('',*,*,#6772,.F.);
#6909 = ADVANCED_FACE('',(#6910),#6650,.F.);
#6910 = FACE_BOUND('',#6911,.F.);
#6911 = EDGE_LOOP('',(#6912,#6913,#6914,#6915));
#6912 = ORIENTED_EDGE('',*,*,#6634,.F.);
#6913 = ORIENTED_EDGE('',*,*,#6819,.T.);
#6914 = ORIENTED_EDGE('',*,*,#6749,.T.);
#6915 = ORIENTED_EDGE('',*,*,#6866,.F.);
#6916 = ADVANCED_FACE('',(#6917),#6704,.T.);
#6917 = FACE_BOUND('',#6918,.T.);
#6918 = EDGE_LOOP('',(#6919,#6920,#6921,#6922));
#6919 = ORIENTED_EDGE('',*,*,#6690,.F.);
#6920 = ORIENTED_EDGE('',*,*,#6841,.T.);
#6921 = ORIENTED_EDGE('',*,*,#6795,.T.);
#6922 = ORIENTED_EDGE('',*,*,#6888,.F.);
#6923 = MANIFOLD_SOLID_BREP('',#6924);
#6924 = CLOSED_SHELL('',(#6925,#7045,#7145,#7192,#7239,#7246));
#6925 = ADVANCED_FACE('',(#6926),#6940,.F.);
#6926 = FACE_BOUND('',#6927,.F.);
#6927 = EDGE_LOOP('',(#6928,#6963,#6991,#7019));
#6928 = ORIENTED_EDGE('',*,*,#6929,.F.);
#6929 = EDGE_CURVE('',#6930,#6932,#6934,.T.);
#6930 = VERTEX_POINT('',#6931);
#6931 = CARTESIAN_POINT('',(-9.1,-2.2,-5.E-03));
#6932 = VERTEX_POINT('',#6933);
#6933 = CARTESIAN_POINT('',(-9.1,-2.2,0.845));
#6934 = SURFACE_CURVE('',#6935,(#6939,#6951),.PCURVE_S1.);
#6935 = LINE('',#6936,#6937);
#6936 = CARTESIAN_POINT('',(-9.1,-2.2,-5.E-03));
#6937 = VECTOR('',#6938,1.);
#6938 = DIRECTION('',(0.,0.,1.));
#6939 = PCURVE('',#6940,#6945);
#6940 = PLANE('',#6941);
#6941 = AXIS2_PLACEMENT_3D('',#6942,#6943,#6944);
#6942 = CARTESIAN_POINT('',(-9.1,-2.2,-5.E-03));
#6943 = DIRECTION('',(1.,0.,0.));
#6944 = DIRECTION('',(0.,0.,1.));
#6945 = DEFINITIONAL_REPRESENTATION('',(#6946),#6950);
#6946 = LINE('',#6947,#6948);
#6947 = CARTESIAN_POINT('',(0.,0.));
#6948 = VECTOR('',#6949,1.);
#6949 = DIRECTION('',(1.,0.));
#6950 = ( GEOMETRIC_REPRESENTATION_CONTEXT(2) 
PARAMETRIC_REPRESENTATION_CONTEXT() REPRESENTATION_CONTEXT('2D SPACE',''
  ) );
#6951 = PCURVE('',#6952,#6957);
#6952 = PLANE('',#6953);
#6953 = AXIS2_PLACEMENT_3D('',#6954,#6955,#6956);
#6954 = CARTESIAN_POINT('',(-9.1,-2.2,-5.E-03));
#6955 = DIRECTION('',(0.,1.,0.));
#6956 = DIRECTION('',(0.,0.,1.));
#6957 = DEFINITIONAL_REPRESENTATION('',(#6958),#6962);
#6958 = LINE('',#6959,#6960);
#6959 = CARTESIAN_POINT('',(0.,0.));
#6960 = VECTOR('',#6961,1.);
#6961 = DIRECTION('',(1.,0.));
#6962 = ( GEOMETRIC_REPRESENTATION_CONTEXT(2) 
PARAMETRIC_REPRESENTATION_CONTEXT() REPRESENTATION_CONTEXT('2D SPACE',''
  ) );
#6963 = ORIENTED_EDGE('',*,*,#6964,.T.);
#6964 = EDGE_CURVE('',#6930,#6965,#6967,.T.);
#6965 = VERTEX_POINT('',#6966);
#6966 = CARTESIAN_POINT('',(-9.1,-1.3,-5.E-03));
#6967 = SURFACE_CURVE('',#6968,(#6972,#6979),.PCURVE_S1.);
#6968 = LINE('',#6969,#6970);
#6969 = CARTESIAN_POINT('',(-9.1,-2.2,-5.E-03));
#6970 = VECTOR('',#6971,1.);
#6971 = DIRECTION('',(0.,1.,0.));
#6972 = PCURVE('',#6940,#6973);
#6973 = DEFINITIONAL_REPRESENTATION('',(#6974),#6978);
#6974 = LINE('',#6975,#6976);
#6975 = CARTESIAN_POINT('',(0.,0.));
#6976 = VECTOR('',#6977,1.);
#6977 = DIRECTION('',(0.,-1.));
#6978 = ( GEOMETRIC_REPRESENTATION_CONTEXT(2) 
PARAMETRIC_REPRESENTATION_CONTEXT() REPRESENTATION_CONTEXT('2D SPACE',''
  ) );
#6979 = PCURVE('',#6980,#6985);
#6980 = PLANE('',#6981);
#6981 = AXIS2_PLACEMENT_3D('',#6982,#6983,#6984);
#6982 = CARTESIAN_POINT('',(-9.1,-2.2,-5.E-03));
#6983 = DIRECTION('',(0.,0.,1.));
#6984 = DIRECTION('',(1.,0.,0.));
#6985 = DEFINITIONAL_REPRESENTATION('',(#6986),#6990);
#6986 = LINE('',#6987,#6988);
#6987 = CARTESIAN_POINT('',(0.,0.));
#6988 = VECTOR('',#6989,1.);
#6989 = DIRECTION('',(0.,1.));
#6990 = ( GEOMETRIC_REPRESENTATION_CONTEXT(2) 
PARAMETRIC_REPRESENTATION_CONTEXT() REPRESENTATION_CONTEXT('2D SPACE',''
  ) );
#6991 = ORIENTED_EDGE('',*,*,#6992,.T.);
#6992 = EDGE_CURVE('',#6965,#6993,#6995,.T.);
#6993 = VERTEX_POINT('',#6994);
#6994 = CARTESIAN_POINT('',(-9.1,-1.3,0.845));
#6995 = SURFACE_CURVE('',#6996,(#7000,#7007),.PCURVE_S1.);
#6996 = LINE('',#6997,#6998);
#6997 = CARTESIAN_POINT('',(-9.1,-1.3,-5.E-03));
#6998 = VECTOR('',#6999,1.);
#6999 = DIRECTION('',(0.,0.,1.));
#7000 = PCURVE('',#6940,#7001);
#7001 = DEFINITIONAL_REPRESENTATION('',(#7002),#7006);
#7002 = LINE('',#7003,#7004);
#7003 = CARTESIAN_POINT('',(0.,-0.9));
#7004 = VECTOR('',#7005,1.);
#7005 = DIRECTION('',(1.,0.));
#7006 = ( GEOMETRIC_REPRESENTATION_CONTEXT(2) 
PARAMETRIC_REPRESENTATION_CONTEXT() REPRESENTATION_CONTEXT('2D SPACE',''
  ) );
#7007 = PCURVE('',#7008,#7013);
#7008 = PLANE('',#7009);
#7009 = AXIS2_PLACEMENT_3D('',#7010,#7011,#7012);
#7010 = CARTESIAN_POINT('',(-9.1,-1.3,-5.E-03));
#7011 = DIRECTION('',(0.,1.,0.));
#7012 = DIRECTION('',(0.,0.,1.));
#7013 = DEFINITIONAL_REPRESENTATION('',(#7014),#7018);
#7014 = LINE('',#7015,#7016);
#7015 = CARTESIAN_POINT('',(0.,0.));
#7016 = VECTOR('',#7017,1.);
#7017 = DIRECTION('',(1.,0.));
#7018 = ( GEOMETRIC_REPRESENTATION_CONTEXT(2) 
PARAMETRIC_REPRESENTATION_CONTEXT() REPRESENTATION_CONTEXT('2D SPACE',''
  ) );
#7019 = ORIENTED_EDGE('',*,*,#7020,.F.);
#7020 = EDGE_CURVE('',#6932,#6993,#7021,.T.);
#7021 = SURFACE_CURVE('',#7022,(#7026,#7033),.PCURVE_S1.);
#7022 = LINE('',#7023,#7024);
#7023 = CARTESIAN_POINT('',(-9.1,-2.2,0.845));
#7024 = VECTOR('',#7025,1.);
#7025 = DIRECTION('',(0.,1.,0.));
#7026 = PCURVE('',#6940,#7027);
#7027 = DEFINITIONAL_REPRESENTATION('',(#7028),#7032);
#7028 = LINE('',#7029,#7030);
#7029 = CARTESIAN_POINT('',(0.85,0.));
#7030 = VECTOR('',#7031,1.);
#7031 = DIRECTION('',(0.,-1.));
#7032 = ( GEOMETRIC_REPRESENTATION_CONTEXT(2) 
PARAMETRIC_REPRESENTATION_CONTEXT() REPRESENTATION_CONTEXT('2D SPACE',''
  ) );
#7033 = PCURVE('',#7034,#7039);
#7034 = PLANE('',#7035);
#7035 = AXIS2_PLACEMENT_3D('',#7036,#7037,#7038);
#7036 = CARTESIAN_POINT('',(-9.1,-2.2,0.845));
#7037 = DIRECTION('',(0.,0.,1.));
#7038 = DIRECTION('',(1.,0.,0.));
#7039 = DEFINITIONAL_REPRESENTATION('',(#7040),#7044);
#7040 = LINE('',#7041,#7042);
#7041 = CARTESIAN_POINT('',(0.,0.));
#7042 = VECTOR('',#7043,1.);
#7043 = DIRECTION('',(0.,1.));
#7044 = ( GEOMETRIC_REPRESENTATION_CONTEXT(2) 
PARAMETRIC_REPRESENTATION_CONTEXT() REPRESENTATION_CONTEXT('2D SPACE',''
  ) );
#7045 = ADVANCED_FACE('',(#7046),#7060,.T.);
#7046 = FACE_BOUND('',#7047,.T.);
#7047 = EDGE_LOOP('',(#7048,#7078,#7101,#7124));
#7048 = ORIENTED_EDGE('',*,*,#7049,.F.);
#7049 = EDGE_CURVE('',#7050,#7052,#7054,.T.);
#7050 = VERTEX_POINT('',#7051);
#7051 = CARTESIAN_POINT('',(-8.8,-2.2,-5.E-03));
#7052 = VERTEX_POINT('',#7053);
#7053 = CARTESIAN_POINT('',(-8.8,-2.2,0.845));
#7054 = SURFACE_CURVE('',#7055,(#7059,#7071),.PCURVE_S1.);
#7055 = LINE('',#7056,#7057);
#7056 = CARTESIAN_POINT('',(-8.8,-2.2,-5.E-03));
#7057 = VECTOR('',#7058,1.);
#7058 = DIRECTION('',(0.,0.,1.));
#7059 = PCURVE('',#7060,#7065);
#7060 = PLANE('',#7061);
#7061 = AXIS2_PLACEMENT_3D('',#7062,#7063,#7064);
#7062 = CARTESIAN_POINT('',(-8.8,-2.2,-5.E-03));
#7063 = DIRECTION('',(1.,0.,0.));
#7064 = DIRECTION('',(0.,0.,1.));
#7065 = DEFINITIONAL_REPRESENTATION('',(#7066),#7070);
#7066 = LINE('',#7067,#7068);
#7067 = CARTESIAN_POINT('',(0.,0.));
#7068 = VECTOR('',#7069,1.);
#7069 = DIRECTION('',(1.,0.));
#7070 = ( GEOMETRIC_REPRESENTATION_CONTEXT(2) 
PARAMETRIC_REPRESENTATION_CONTEXT() REPRESENTATION_CONTEXT('2D SPACE',''
  ) );
#7071 = PCURVE('',#6952,#7072);
#7072 = DEFINITIONAL_REPRESENTATION('',(#7073),#7077);
#7073 = LINE('',#7074,#7075);
#7074 = CARTESIAN_POINT('',(0.,0.3));
#7075 = VECTOR('',#7076,1.);
#7076 = DIRECTION('',(1.,0.));
#7077 = ( GEOMETRIC_REPRESENTATION_CONTEXT(2) 
PARAMETRIC_REPRESENTATION_CONTEXT() REPRESENTATION_CONTEXT('2D SPACE',''
  ) );
#7078 = ORIENTED_EDGE('',*,*,#7079,.T.);
#7079 = EDGE_CURVE('',#7050,#7080,#7082,.T.);
#7080 = VERTEX_POINT('',#7081);
#7081 = CARTESIAN_POINT('',(-8.8,-1.3,-5.E-03));
#7082 = SURFACE_CURVE('',#7083,(#7087,#7094),.PCURVE_S1.);
#7083 = LINE('',#7084,#7085);
#7084 = CARTESIAN_POINT('',(-8.8,-2.2,-5.E-03));
#7085 = VECTOR('',#7086,1.);
#7086 = DIRECTION('',(0.,1.,0.));
#7087 = PCURVE('',#7060,#7088);
#7088 = DEFINITIONAL_REPRESENTATION('',(#7089),#7093);
#7089 = LINE('',#7090,#7091);
#7090 = CARTESIAN_POINT('',(0.,0.));
#7091 = VECTOR('',#7092,1.);
#7092 = DIRECTION('',(0.,-1.));
#7093 = ( GEOMETRIC_REPRESENTATION_CONTEXT(2) 
PARAMETRIC_REPRESENTATION_CONTEXT() REPRESENTATION_CONTEXT('2D SPACE',''
  ) );
#7094 = PCURVE('',#6980,#7095);
#7095 = DEFINITIONAL_REPRESENTATION('',(#7096),#7100);
#7096 = LINE('',#7097,#7098);
#7097 = CARTESIAN_POINT('',(0.3,0.));
#7098 = VECTOR('',#7099,1.);
#7099 = DIRECTION('',(0.,1.));
#7100 = ( GEOMETRIC_REPRESENTATION_CONTEXT(2) 
PARAMETRIC_REPRESENTATION_CONTEXT() REPRESENTATION_CONTEXT('2D SPACE',''
  ) );
#7101 = ORIENTED_EDGE('',*,*,#7102,.T.);
#7102 = EDGE_CURVE('',#7080,#7103,#7105,.T.);
#7103 = VERTEX_POINT('',#7104);
#7104 = CARTESIAN_POINT('',(-8.8,-1.3,0.845));
#7105 = SURFACE_CURVE('',#7106,(#7110,#7117),.PCURVE_S1.);
#7106 = LINE('',#7107,#7108);
#7107 = CARTESIAN_POINT('',(-8.8,-1.3,-5.E-03));
#7108 = VECTOR('',#7109,1.);
#7109 = DIRECTION('',(0.,0.,1.));
#7110 = PCURVE('',#7060,#7111);
#7111 = DEFINITIONAL_REPRESENTATION('',(#7112),#7116);
#7112 = LINE('',#7113,#7114);
#7113 = CARTESIAN_POINT('',(0.,-0.9));
#7114 = VECTOR('',#7115,1.);
#7115 = DIRECTION('',(1.,0.));
#7116 = ( GEOMETRIC_REPRESENTATION_CONTEXT(2) 
PARAMETRIC_REPRESENTATION_CONTEXT() REPRESENTATION_CONTEXT('2D SPACE',''
  ) );
#7117 = PCURVE('',#7008,#7118);
#7118 = DEFINITIONAL_REPRESENTATION('',(#7119),#7123);
#7119 = LINE('',#7120,#7121);
#7120 = CARTESIAN_POINT('',(0.,0.3));
#7121 = VECTOR('',#7122,1.);
#7122 = DIRECTION('',(1.,0.));
#7123 = ( GEOMETRIC_REPRESENTATION_CONTEXT(2) 
PARAMETRIC_REPRESENTATION_CONTEXT() REPRESENTATION_CONTEXT('2D SPACE',''
  ) );
#7124 = ORIENTED_EDGE('',*,*,#7125,.F.);
#7125 = EDGE_CURVE('',#7052,#7103,#7126,.T.);
#7126 = SURFACE_CURVE('',#7127,(#7131,#7138),.PCURVE_S1.);
#7127 = LINE('',#7128,#7129);
#7128 = CARTESIAN_POINT('',(-8.8,-2.2,0.845));
#7129 = VECTOR('',#7130,1.);
#7130 = DIRECTION('',(0.,1.,0.));
#7131 = PCURVE('',#7060,#7132);
#7132 = DEFINITIONAL_REPRESENTATION('',(#7133),#7137);
#7133 = LINE('',#7134,#7135);
#7134 = CARTESIAN_POINT('',(0.85,0.));
#7135 = VECTOR('',#7136,1.);
#7136 = DIRECTION('',(0.,-1.));
#7137 = ( GEOMETRIC_REPRESENTATION_CONTEXT(2) 
PARAMETRIC_REPRESENTATION_CONTEXT() REPRESENTATION_CONTEXT('2D SPACE',''
  ) );
#7138 = PCURVE('',#7034,#7139);
#7139 = DEFINITIONAL_REPRESENTATION('',(#7140),#7144);
#7140 = LINE('',#7141,#7142);
#7141 = CARTESIAN_POINT('',(0.3,0.));
#7142 = VECTOR('',#7143,1.);
#7143 = DIRECTION('',(0.,1.));
#7144 = ( GEOMETRIC_REPRESENTATION_CONTEXT(2) 
PARAMETRIC_REPRESENTATION_CONTEXT() REPRESENTATION_CONTEXT('2D SPACE',''
  ) );
#7145 = ADVANCED_FACE('',(#7146),#6952,.F.);
#7146 = FACE_BOUND('',#7147,.F.);
#7147 = EDGE_LOOP('',(#7148,#7169,#7170,#7191));
#7148 = ORIENTED_EDGE('',*,*,#7149,.F.);
#7149 = EDGE_CURVE('',#6930,#7050,#7150,.T.);
#7150 = SURFACE_CURVE('',#7151,(#7155,#7162),.PCURVE_S1.);
#7151 = LINE('',#7152,#7153);
#7152 = CARTESIAN_POINT('',(-9.1,-2.2,-5.E-03));
#7153 = VECTOR('',#7154,1.);
#7154 = DIRECTION('',(1.,0.,0.));
#7155 = PCURVE('',#6952,#7156);
#7156 = DEFINITIONAL_REPRESENTATION('',(#7157),#7161);
#7157 = LINE('',#7158,#7159);
#7158 = CARTESIAN_POINT('',(0.,0.));
#7159 = VECTOR('',#7160,1.);
#7160 = DIRECTION('',(0.,1.));
#7161 = ( GEOMETRIC_REPRESENTATION_CONTEXT(2) 
PARAMETRIC_REPRESENTATION_CONTEXT() REPRESENTATION_CONTEXT('2D SPACE',''
  ) );
#7162 = PCURVE('',#6980,#7163);
#7163 = DEFINITIONAL_REPRESENTATION('',(#7164),#7168);
#7164 = LINE('',#7165,#7166);
#7165 = CARTESIAN_POINT('',(0.,0.));
#7166 = VECTOR('',#7167,1.);
#7167 = DIRECTION('',(1.,0.));
#7168 = ( GEOMETRIC_REPRESENTATION_CONTEXT(2) 
PARAMETRIC_REPRESENTATION_CONTEXT() REPRESENTATION_CONTEXT('2D SPACE',''
  ) );
#7169 = ORIENTED_EDGE('',*,*,#6929,.T.);
#7170 = ORIENTED_EDGE('',*,*,#7171,.T.);
#7171 = EDGE_CURVE('',#6932,#7052,#7172,.T.);
#7172 = SURFACE_CURVE('',#7173,(#7177,#7184),.PCURVE_S1.);
#7173 = LINE('',#7174,#7175);
#7174 = CARTESIAN_POINT('',(-9.1,-2.2,0.845));
#7175 = VECTOR('',#7176,1.);
#7176 = DIRECTION('',(1.,0.,0.));
#7177 = PCURVE('',#6952,#7178);
#7178 = DEFINITIONAL_REPRESENTATION('',(#7179),#7183);
#7179 = LINE('',#7180,#7181);
#7180 = CARTESIAN_POINT('',(0.85,0.));
#7181 = VECTOR('',#7182,1.);
#7182 = DIRECTION('',(0.,1.));
#7183 = ( GEOMETRIC_REPRESENTATION_CONTEXT(2) 
PARAMETRIC_REPRESENTATION_CONTEXT() REPRESENTATION_CONTEXT('2D SPACE',''
  ) );
#7184 = PCURVE('',#7034,#7185);
#7185 = DEFINITIONAL_REPRESENTATION('',(#7186),#7190);
#7186 = LINE('',#7187,#7188);
#7187 = CARTESIAN_POINT('',(0.,0.));
#7188 = VECTOR('',#7189,1.);
#7189 = DIRECTION('',(1.,0.));
#7190 = ( GEOMETRIC_REPRESENTATION_CONTEXT(2) 
PARAMETRIC_REPRESENTATION_CONTEXT() REPRESENTATION_CONTEXT('2D SPACE',''
  ) );
#7191 = ORIENTED_EDGE('',*,*,#7049,.F.);
#7192 = ADVANCED_FACE('',(#7193),#7008,.T.);
#7193 = FACE_BOUND('',#7194,.T.);
#7194 = EDGE_LOOP('',(#7195,#7216,#7217,#7238));
#7195 = ORIENTED_EDGE('',*,*,#7196,.F.);
#7196 = EDGE_CURVE('',#6965,#7080,#7197,.T.);
#7197 = SURFACE_CURVE('',#7198,(#7202,#7209),.PCURVE_S1.);
#7198 = LINE('',#7199,#7200);
#7199 = CARTESIAN_POINT('',(-9.1,-1.3,-5.E-03));
#7200 = VECTOR('',#7201,1.);
#7201 = DIRECTION('',(1.,0.,0.));
#7202 = PCURVE('',#7008,#7203);
#7203 = DEFINITIONAL_REPRESENTATION('',(#7204),#7208);
#7204 = LINE('',#7205,#7206);
#7205 = CARTESIAN_POINT('',(0.,0.));
#7206 = VECTOR('',#7207,1.);
#7207 = DIRECTION('',(0.,1.));
#7208 = ( GEOMETRIC_REPRESENTATION_CONTEXT(2) 
PARAMETRIC_REPRESENTATION_CONTEXT() REPRESENTATION_CONTEXT('2D SPACE',''
  ) );
#7209 = PCURVE('',#6980,#7210);
#7210 = DEFINITIONAL_REPRESENTATION('',(#7211),#7215);
#7211 = LINE('',#7212,#7213);
#7212 = CARTESIAN_POINT('',(0.,0.9));
#7213 = VECTOR('',#7214,1.);
#7214 = DIRECTION('',(1.,0.));
#7215 = ( GEOMETRIC_REPRESENTATION_CONTEXT(2) 
PARAMETRIC_REPRESENTATION_CONTEXT() REPRESENTATION_CONTEXT('2D SPACE',''
  ) );
#7216 = ORIENTED_EDGE('',*,*,#6992,.T.);
#7217 = ORIENTED_EDGE('',*,*,#7218,.T.);
#7218 = EDGE_CURVE('',#6993,#7103,#7219,.T.);
#7219 = SURFACE_CURVE('',#7220,(#7224,#7231),.PCURVE_S1.);
#7220 = LINE('',#7221,#7222);
#7221 = CARTESIAN_POINT('',(-9.1,-1.3,0.845));
#7222 = VECTOR('',#7223,1.);
#7223 = DIRECTION('',(1.,0.,0.));
#7224 = PCURVE('',#7008,#7225);
#7225 = DEFINITIONAL_REPRESENTATION('',(#7226),#7230);
#7226 = LINE('',#7227,#7228);
#7227 = CARTESIAN_POINT('',(0.85,0.));
#7228 = VECTOR('',#7229,1.);
#7229 = DIRECTION('',(0.,1.));
#7230 = ( GEOMETRIC_REPRESENTATION_CONTEXT(2) 
PARAMETRIC_REPRESENTATION_CONTEXT() REPRESENTATION_CONTEXT('2D SPACE',''
  ) );
#7231 = PCURVE('',#7034,#7232);
#7232 = DEFINITIONAL_REPRESENTATION('',(#7233),#7237);
#7233 = LINE('',#7234,#7235);
#7234 = CARTESIAN_POINT('',(0.,0.9));
#7235 = VECTOR('',#7236,1.);
#7236 = DIRECTION('',(1.,0.));
#7237 = ( GEOMETRIC_REPRESENTATION_CONTEXT(2) 
PARAMETRIC_REPRESENTATION_CONTEXT() REPRESENTATION_CONTEXT('2D SPACE',''
  ) );
#7238 = ORIENTED_EDGE('',*,*,#7102,.F.);
#7239 = ADVANCED_FACE('',(#7240),#6980,.F.);
#7240 = FACE_BOUND('',#7241,.F.);
#7241 = EDGE_LOOP('',(#7242,#7243,#7244,#7245));
#7242 = ORIENTED_EDGE('',*,*,#6964,.F.);
#7243 = ORIENTED_EDGE('',*,*,#7149,.T.);
#7244 = ORIENTED_EDGE('',*,*,#7079,.T.);
#7245 = ORIENTED_EDGE('',*,*,#7196,.F.);
#7246 = ADVANCED_FACE('',(#7247),#7034,.T.);
#7247 = FACE_BOUND('',#7248,.T.);
#7248 = EDGE_LOOP('',(#7249,#7250,#7251,#7252));
#7249 = ORIENTED_EDGE('',*,*,#7020,.F.);
#7250 = ORIENTED_EDGE('',*,*,#7171,.T.);
#7251 = ORIENTED_EDGE('',*,*,#7125,.T.);
#7252 = ORIENTED_EDGE('',*,*,#7218,.F.);
#7253 = MANIFOLD_SOLID_BREP('',#7254);
#7254 = CLOSED_SHELL('',(#7255,#7375,#7475,#7522,#7569,#7576));
#7255 = ADVANCED_FACE('',(#7256),#7270,.F.);
#7256 = FACE_BOUND('',#7257,.F.);
#7257 = EDGE_LOOP('',(#7258,#7293,#7321,#7349));
#7258 = ORIENTED_EDGE('',*,*,#7259,.F.);
#7259 = EDGE_CURVE('',#7260,#7262,#7264,.T.);
#7260 = VERTEX_POINT('',#7261);
#7261 = CARTESIAN_POINT('',(8.8,-2.2,-5.E-03));
#7262 = VERTEX_POINT('',#7263);
#7263 = CARTESIAN_POINT('',(8.8,-2.2,0.845));
#7264 = SURFACE_CURVE('',#7265,(#7269,#7281),.PCURVE_S1.);
#7265 = LINE('',#7266,#7267);
#7266 = CARTESIAN_POINT('',(8.8,-2.2,-5.E-03));
#7267 = VECTOR('',#7268,1.);
#7268 = DIRECTION('',(0.,0.,1.));
#7269 = PCURVE('',#7270,#7275);
#7270 = PLANE('',#7271);
#7271 = AXIS2_PLACEMENT_3D('',#7272,#7273,#7274);
#7272 = CARTESIAN_POINT('',(8.8,-2.2,-5.E-03));
#7273 = DIRECTION('',(1.,0.,0.));
#7274 = DIRECTION('',(0.,0.,1.));
#7275 = DEFINITIONAL_REPRESENTATION('',(#7276),#7280);
#7276 = LINE('',#7277,#7278);
#7277 = CARTESIAN_POINT('',(0.,0.));
#7278 = VECTOR('',#7279,1.);
#7279 = DIRECTION('',(1.,0.));
#7280 = ( GEOMETRIC_REPRESENTATION_CONTEXT(2) 
PARAMETRIC_REPRESENTATION_CONTEXT() REPRESENTATION_CONTEXT('2D SPACE',''
  ) );
#7281 = PCURVE('',#7282,#7287);
#7282 = PLANE('',#7283);
#7283 = AXIS2_PLACEMENT_3D('',#7284,#7285,#7286);
#7284 = CARTESIAN_POINT('',(8.8,-2.2,-5.E-03));
#7285 = DIRECTION('',(0.,1.,0.));
#7286 = DIRECTION('',(0.,0.,1.));
#7287 = DEFINITIONAL_REPRESENTATION('',(#7288),#7292);
#7288 = LINE('',#7289,#7290);
#7289 = CARTESIAN_POINT('',(0.,0.));
#7290 = VECTOR('',#7291,1.);
#7291 = DIRECTION('',(1.,0.));
#7292 = ( GEOMETRIC_REPRESENTATION_CONTEXT(2) 
PARAMETRIC_REPRESENTATION_CONTEXT() REPRESENTATION_CONTEXT('2D SPACE',''
  ) );
#7293 = ORIENTED_EDGE('',*,*,#7294,.T.);
#7294 = EDGE_CURVE('',#7260,#7295,#7297,.T.);
#7295 = VERTEX_POINT('',#7296);
#7296 = CARTESIAN_POINT('',(8.8,-1.3,-5.E-03));
#7297 = SURFACE_CURVE('',#7298,(#7302,#7309),.PCURVE_S1.);
#7298 = LINE('',#7299,#7300);
#7299 = CARTESIAN_POINT('',(8.8,-2.2,-5.E-03));
#7300 = VECTOR('',#7301,1.);
#7301 = DIRECTION('',(0.,1.,0.));
#7302 = PCURVE('',#7270,#7303);
#7303 = DEFINITIONAL_REPRESENTATION('',(#7304),#7308);
#7304 = LINE('',#7305,#7306);
#7305 = CARTESIAN_POINT('',(0.,0.));
#7306 = VECTOR('',#7307,1.);
#7307 = DIRECTION('',(0.,-1.));
#7308 = ( GEOMETRIC_REPRESENTATION_CONTEXT(2) 
PARAMETRIC_REPRESENTATION_CONTEXT() REPRESENTATION_CONTEXT('2D SPACE',''
  ) );
#7309 = PCURVE('',#7310,#7315);
#7310 = PLANE('',#7311);
#7311 = AXIS2_PLACEMENT_3D('',#7312,#7313,#7314);
#7312 = CARTESIAN_POINT('',(8.8,-2.2,-5.E-03));
#7313 = DIRECTION('',(0.,0.,1.));
#7314 = DIRECTION('',(1.,0.,0.));
#7315 = DEFINITIONAL_REPRESENTATION('',(#7316),#7320);
#7316 = LINE('',#7317,#7318);
#7317 = CARTESIAN_POINT('',(0.,0.));
#7318 = VECTOR('',#7319,1.);
#7319 = DIRECTION('',(0.,1.));
#7320 = ( GEOMETRIC_REPRESENTATION_CONTEXT(2) 
PARAMETRIC_REPRESENTATION_CONTEXT() REPRESENTATION_CONTEXT('2D SPACE',''
  ) );
#7321 = ORIENTED_EDGE('',*,*,#7322,.T.);
#7322 = EDGE_CURVE('',#7295,#7323,#7325,.T.);
#7323 = VERTEX_POINT('',#7324);
#7324 = CARTESIAN_POINT('',(8.8,-1.3,0.845));
#7325 = SURFACE_CURVE('',#7326,(#7330,#7337),.PCURVE_S1.);
#7326 = LINE('',#7327,#7328);
#7327 = CARTESIAN_POINT('',(8.8,-1.3,-5.E-03));
#7328 = VECTOR('',#7329,1.);
#7329 = DIRECTION('',(0.,0.,1.));
#7330 = PCURVE('',#7270,#7331);
#7331 = DEFINITIONAL_REPRESENTATION('',(#7332),#7336);
#7332 = LINE('',#7333,#7334);
#7333 = CARTESIAN_POINT('',(0.,-0.9));
#7334 = VECTOR('',#7335,1.);
#7335 = DIRECTION('',(1.,0.));
#7336 = ( GEOMETRIC_REPRESENTATION_CONTEXT(2) 
PARAMETRIC_REPRESENTATION_CONTEXT() REPRESENTATION_CONTEXT('2D SPACE',''
  ) );
#7337 = PCURVE('',#7338,#7343);
#7338 = PLANE('',#7339);
#7339 = AXIS2_PLACEMENT_3D('',#7340,#7341,#7342);
#7340 = CARTESIAN_POINT('',(8.8,-1.3,-5.E-03));
#7341 = DIRECTION('',(0.,1.,0.));
#7342 = DIRECTION('',(0.,0.,1.));
#7343 = DEFINITIONAL_REPRESENTATION('',(#7344),#7348);
#7344 = LINE('',#7345,#7346);
#7345 = CARTESIAN_POINT('',(0.,0.));
#7346 = VECTOR('',#7347,1.);
#7347 = DIRECTION('',(1.,0.));
#7348 = ( GEOMETRIC_REPRESENTATION_CONTEXT(2) 
PARAMETRIC_REPRESENTATION_CONTEXT() REPRESENTATION_CONTEXT('2D SPACE',''
  ) );
#7349 = ORIENTED_EDGE('',*,*,#7350,.F.);
#7350 = EDGE_CURVE('',#7262,#7323,#7351,.T.);
#7351 = SURFACE_CURVE('',#7352,(#7356,#7363),.PCURVE_S1.);
#7352 = LINE('',#7353,#7354);
#7353 = CARTESIAN_POINT('',(8.8,-2.2,0.845));
#7354 = VECTOR('',#7355,1.);
#7355 = DIRECTION('',(0.,1.,0.));
#7356 = PCURVE('',#7270,#7357);
#7357 = DEFINITIONAL_REPRESENTATION('',(#7358),#7362);
#7358 = LINE('',#7359,#7360);
#7359 = CARTESIAN_POINT('',(0.85,0.));
#7360 = VECTOR('',#7361,1.);
#7361 = DIRECTION('',(0.,-1.));
#7362 = ( GEOMETRIC_REPRESENTATION_CONTEXT(2) 
PARAMETRIC_REPRESENTATION_CONTEXT() REPRESENTATION_CONTEXT('2D SPACE',''
  ) );
#7363 = PCURVE('',#7364,#7369);
#7364 = PLANE('',#7365);
#7365 = AXIS2_PLACEMENT_3D('',#7366,#7367,#7368);
#7366 = CARTESIAN_POINT('',(8.8,-2.2,0.845));
#7367 = DIRECTION('',(0.,0.,1.));
#7368 = DIRECTION('',(1.,0.,0.));
#7369 = DEFINITIONAL_REPRESENTATION('',(#7370),#7374);
#7370 = LINE('',#7371,#7372);
#7371 = CARTESIAN_POINT('',(0.,0.));
#7372 = VECTOR('',#7373,1.);
#7373 = DIRECTION('',(0.,1.));
#7374 = ( GEOMETRIC_REPRESENTATION_CONTEXT(2) 
PARAMETRIC_REPRESENTATION_CONTEXT() REPRESENTATION_CONTEXT('2D SPACE',''
  ) );
#7375 = ADVANCED_FACE('',(#7376),#7390,.T.);
#7376 = FACE_BOUND('',#7377,.T.);
#7377 = EDGE_LOOP('',(#7378,#7408,#7431,#7454));
#7378 = ORIENTED_EDGE('',*,*,#7379,.F.);
#7379 = EDGE_CURVE('',#7380,#7382,#7384,.T.);
#7380 = VERTEX_POINT('',#7381);
#7381 = CARTESIAN_POINT('',(9.1,-2.2,-5.E-03));
#7382 = VERTEX_POINT('',#7383);
#7383 = CARTESIAN_POINT('',(9.1,-2.2,0.845));
#7384 = SURFACE_CURVE('',#7385,(#7389,#7401),.PCURVE_S1.);
#7385 = LINE('',#7386,#7387);
#7386 = CARTESIAN_POINT('',(9.1,-2.2,-5.E-03));
#7387 = VECTOR('',#7388,1.);
#7388 = DIRECTION('',(0.,0.,1.));
#7389 = PCURVE('',#7390,#7395);
#7390 = PLANE('',#7391);
#7391 = AXIS2_PLACEMENT_3D('',#7392,#7393,#7394);
#7392 = CARTESIAN_POINT('',(9.1,-2.2,-5.E-03));
#7393 = DIRECTION('',(1.,0.,0.));
#7394 = DIRECTION('',(0.,0.,1.));
#7395 = DEFINITIONAL_REPRESENTATION('',(#7396),#7400);
#7396 = LINE('',#7397,#7398);
#7397 = CARTESIAN_POINT('',(0.,0.));
#7398 = VECTOR('',#7399,1.);
#7399 = DIRECTION('',(1.,0.));
#7400 = ( GEOMETRIC_REPRESENTATION_CONTEXT(2) 
PARAMETRIC_REPRESENTATION_CONTEXT() REPRESENTATION_CONTEXT('2D SPACE',''
  ) );
#7401 = PCURVE('',#7282,#7402);
#7402 = DEFINITIONAL_REPRESENTATION('',(#7403),#7407);
#7403 = LINE('',#7404,#7405);
#7404 = CARTESIAN_POINT('',(0.,0.3));
#7405 = VECTOR('',#7406,1.);
#7406 = DIRECTION('',(1.,0.));
#7407 = ( GEOMETRIC_REPRESENTATION_CONTEXT(2) 
PARAMETRIC_REPRESENTATION_CONTEXT() REPRESENTATION_CONTEXT('2D SPACE',''
  ) );
#7408 = ORIENTED_EDGE('',*,*,#7409,.T.);
#7409 = EDGE_CURVE('',#7380,#7410,#7412,.T.);
#7410 = VERTEX_POINT('',#7411);
#7411 = CARTESIAN_POINT('',(9.1,-1.3,-5.E-03));
#7412 = SURFACE_CURVE('',#7413,(#7417,#7424),.PCURVE_S1.);
#7413 = LINE('',#7414,#7415);
#7414 = CARTESIAN_POINT('',(9.1,-2.2,-5.E-03));
#7415 = VECTOR('',#7416,1.);
#7416 = DIRECTION('',(0.,1.,0.));
#7417 = PCURVE('',#7390,#7418);
#7418 = DEFINITIONAL_REPRESENTATION('',(#7419),#7423);
#7419 = LINE('',#7420,#7421);
#7420 = CARTESIAN_POINT('',(0.,0.));
#7421 = VECTOR('',#7422,1.);
#7422 = DIRECTION('',(0.,-1.));
#7423 = ( GEOMETRIC_REPRESENTATION_CONTEXT(2) 
PARAMETRIC_REPRESENTATION_CONTEXT() REPRESENTATION_CONTEXT('2D SPACE',''
  ) );
#7424 = PCURVE('',#7310,#7425);
#7425 = DEFINITIONAL_REPRESENTATION('',(#7426),#7430);
#7426 = LINE('',#7427,#7428);
#7427 = CARTESIAN_POINT('',(0.3,0.));
#7428 = VECTOR('',#7429,1.);
#7429 = DIRECTION('',(0.,1.));
#7430 = ( GEOMETRIC_REPRESENTATION_CONTEXT(2) 
PARAMETRIC_REPRESENTATION_CONTEXT() REPRESENTATION_CONTEXT('2D SPACE',''
  ) );
#7431 = ORIENTED_EDGE('',*,*,#7432,.T.);
#7432 = EDGE_CURVE('',#7410,#7433,#7435,.T.);
#7433 = VERTEX_POINT('',#7434);
#7434 = CARTESIAN_POINT('',(9.1,-1.3,0.845));
#7435 = SURFACE_CURVE('',#7436,(#7440,#7447),.PCURVE_S1.);
#7436 = LINE('',#7437,#7438);
#7437 = CARTESIAN_POINT('',(9.1,-1.3,-5.E-03));
#7438 = VECTOR('',#7439,1.);
#7439 = DIRECTION('',(0.,0.,1.));
#7440 = PCURVE('',#7390,#7441);
#7441 = DEFINITIONAL_REPRESENTATION('',(#7442),#7446);
#7442 = LINE('',#7443,#7444);
#7443 = CARTESIAN_POINT('',(0.,-0.9));
#7444 = VECTOR('',#7445,1.);
#7445 = DIRECTION('',(1.,0.));
#7446 = ( GEOMETRIC_REPRESENTATION_CONTEXT(2) 
PARAMETRIC_REPRESENTATION_CONTEXT() REPRESENTATION_CONTEXT('2D SPACE',''
  ) );
#7447 = PCURVE('',#7338,#7448);
#7448 = DEFINITIONAL_REPRESENTATION('',(#7449),#7453);
#7449 = LINE('',#7450,#7451);
#7450 = CARTESIAN_POINT('',(0.,0.3));
#7451 = VECTOR('',#7452,1.);
#7452 = DIRECTION('',(1.,0.));
#7453 = ( GEOMETRIC_REPRESENTATION_CONTEXT(2) 
PARAMETRIC_REPRESENTATION_CONTEXT() REPRESENTATION_CONTEXT('2D SPACE',''
  ) );
#7454 = ORIENTED_EDGE('',*,*,#7455,.F.);
#7455 = EDGE_CURVE('',#7382,#7433,#7456,.T.);
#7456 = SURFACE_CURVE('',#7457,(#7461,#7468),.PCURVE_S1.);
#7457 = LINE('',#7458,#7459);
#7458 = CARTESIAN_POINT('',(9.1,-2.2,0.845));
#7459 = VECTOR('',#7460,1.);
#7460 = DIRECTION('',(0.,1.,0.));
#7461 = PCURVE('',#7390,#7462);
#7462 = DEFINITIONAL_REPRESENTATION('',(#7463),#7467);
#7463 = LINE('',#7464,#7465);
#7464 = CARTESIAN_POINT('',(0.85,0.));
#7465 = VECTOR('',#7466,1.);
#7466 = DIRECTION('',(0.,-1.));
#7467 = ( GEOMETRIC_REPRESENTATION_CONTEXT(2) 
PARAMETRIC_REPRESENTATION_CONTEXT() REPRESENTATION_CONTEXT('2D SPACE',''
  ) );
#7468 = PCURVE('',#7364,#7469);
#7469 = DEFINITIONAL_REPRESENTATION('',(#7470),#7474);
#7470 = LINE('',#7471,#7472);
#7471 = CARTESIAN_POINT('',(0.3,0.));
#7472 = VECTOR('',#7473,1.);
#7473 = DIRECTION('',(0.,1.));
#7474 = ( GEOMETRIC_REPRESENTATION_CONTEXT(2) 
PARAMETRIC_REPRESENTATION_CONTEXT() REPRESENTATION_CONTEXT('2D SPACE',''
  ) );
#7475 = ADVANCED_FACE('',(#7476),#7282,.F.);
#7476 = FACE_BOUND('',#7477,.F.);
#7477 = EDGE_LOOP('',(#7478,#7499,#7500,#7521));
#7478 = ORIENTED_EDGE('',*,*,#7479,.F.);
#7479 = EDGE_CURVE('',#7260,#7380,#7480,.T.);
#7480 = SURFACE_CURVE('',#7481,(#7485,#7492),.PCURVE_S1.);
#7481 = LINE('',#7482,#7483);
#7482 = CARTESIAN_POINT('',(8.8,-2.2,-5.E-03));
#7483 = VECTOR('',#7484,1.);
#7484 = DIRECTION('',(1.,0.,0.));
#7485 = PCURVE('',#7282,#7486);
#7486 = DEFINITIONAL_REPRESENTATION('',(#7487),#7491);
#7487 = LINE('',#7488,#7489);
#7488 = CARTESIAN_POINT('',(0.,0.));
#7489 = VECTOR('',#7490,1.);
#7490 = DIRECTION('',(0.,1.));
#7491 = ( GEOMETRIC_REPRESENTATION_CONTEXT(2) 
PARAMETRIC_REPRESENTATION_CONTEXT() REPRESENTATION_CONTEXT('2D SPACE',''
  ) );
#7492 = PCURVE('',#7310,#7493);
#7493 = DEFINITIONAL_REPRESENTATION('',(#7494),#7498);
#7494 = LINE('',#7495,#7496);
#7495 = CARTESIAN_POINT('',(0.,0.));
#7496 = VECTOR('',#7497,1.);
#7497 = DIRECTION('',(1.,0.));
#7498 = ( GEOMETRIC_REPRESENTATION_CONTEXT(2) 
PARAMETRIC_REPRESENTATION_CONTEXT() REPRESENTATION_CONTEXT('2D SPACE',''
  ) );
#7499 = ORIENTED_EDGE('',*,*,#7259,.T.);
#7500 = ORIENTED_EDGE('',*,*,#7501,.T.);
#7501 = EDGE_CURVE('',#7262,#7382,#7502,.T.);
#7502 = SURFACE_CURVE('',#7503,(#7507,#7514),.PCURVE_S1.);
#7503 = LINE('',#7504,#7505);
#7504 = CARTESIAN_POINT('',(8.8,-2.2,0.845));
#7505 = VECTOR('',#7506,1.);
#7506 = DIRECTION('',(1.,0.,0.));
#7507 = PCURVE('',#7282,#7508);
#7508 = DEFINITIONAL_REPRESENTATION('',(#7509),#7513);
#7509 = LINE('',#7510,#7511);
#7510 = CARTESIAN_POINT('',(0.85,0.));
#7511 = VECTOR('',#7512,1.);
#7512 = DIRECTION('',(0.,1.));
#7513 = ( GEOMETRIC_REPRESENTATION_CONTEXT(2) 
PARAMETRIC_REPRESENTATION_CONTEXT() REPRESENTATION_CONTEXT('2D SPACE',''
  ) );
#7514 = PCURVE('',#7364,#7515);
#7515 = DEFINITIONAL_REPRESENTATION('',(#7516),#7520);
#7516 = LINE('',#7517,#7518);
#7517 = CARTESIAN_POINT('',(0.,0.));
#7518 = VECTOR('',#7519,1.);
#7519 = DIRECTION('',(1.,0.));
#7520 = ( GEOMETRIC_REPRESENTATION_CONTEXT(2) 
PARAMETRIC_REPRESENTATION_CONTEXT() REPRESENTATION_CONTEXT('2D SPACE',''
  ) );
#7521 = ORIENTED_EDGE('',*,*,#7379,.F.);
#7522 = ADVANCED_FACE('',(#7523),#7338,.T.);
#7523 = FACE_BOUND('',#7524,.T.);
#7524 = EDGE_LOOP('',(#7525,#7546,#7547,#7568));
#7525 = ORIENTED_EDGE('',*,*,#7526,.F.);
#7526 = EDGE_CURVE('',#7295,#7410,#7527,.T.);
#7527 = SURFACE_CURVE('',#7528,(#7532,#7539),.PCURVE_S1.);
#7528 = LINE('',#7529,#7530);
#7529 = CARTESIAN_POINT('',(8.8,-1.3,-5.E-03));
#7530 = VECTOR('',#7531,1.);
#7531 = DIRECTION('',(1.,0.,0.));
#7532 = PCURVE('',#7338,#7533);
#7533 = DEFINITIONAL_REPRESENTATION('',(#7534),#7538);
#7534 = LINE('',#7535,#7536);
#7535 = CARTESIAN_POINT('',(0.,0.));
#7536 = VECTOR('',#7537,1.);
#7537 = DIRECTION('',(0.,1.));
#7538 = ( GEOMETRIC_REPRESENTATION_CONTEXT(2) 
PARAMETRIC_REPRESENTATION_CONTEXT() REPRESENTATION_CONTEXT('2D SPACE',''
  ) );
#7539 = PCURVE('',#7310,#7540);
#7540 = DEFINITIONAL_REPRESENTATION('',(#7541),#7545);
#7541 = LINE('',#7542,#7543);
#7542 = CARTESIAN_POINT('',(0.,0.9));
#7543 = VECTOR('',#7544,1.);
#7544 = DIRECTION('',(1.,0.));
#7545 = ( GEOMETRIC_REPRESENTATION_CONTEXT(2) 
PARAMETRIC_REPRESENTATION_CONTEXT() REPRESENTATION_CONTEXT('2D SPACE',''
  ) );
#7546 = ORIENTED_EDGE('',*,*,#7322,.T.);
#7547 = ORIENTED_EDGE('',*,*,#7548,.T.);
#7548 = EDGE_CURVE('',#7323,#7433,#7549,.T.);
#7549 = SURFACE_CURVE('',#7550,(#7554,#7561),.PCURVE_S1.);
#7550 = LINE('',#7551,#7552);
#7551 = CARTESIAN_POINT('',(8.8,-1.3,0.845));
#7552 = VECTOR('',#7553,1.);
#7553 = DIRECTION('',(1.,0.,0.));
#7554 = PCURVE('',#7338,#7555);
#7555 = DEFINITIONAL_REPRESENTATION('',(#7556),#7560);
#7556 = LINE('',#7557,#7558);
#7557 = CARTESIAN_POINT('',(0.85,0.));
#7558 = VECTOR('',#7559,1.);
#7559 = DIRECTION('',(0.,1.));
#7560 = ( GEOMETRIC_REPRESENTATION_CONTEXT(2) 
PARAMETRIC_REPRESENTATION_CONTEXT() REPRESENTATION_CONTEXT('2D SPACE',''
  ) );
#7561 = PCURVE('',#7364,#7562);
#7562 = DEFINITIONAL_REPRESENTATION('',(#7563),#7567);
#7563 = LINE('',#7564,#7565);
#7564 = CARTESIAN_POINT('',(0.,0.9));
#7565 = VECTOR('',#7566,1.);
#7566 = DIRECTION('',(1.,0.));
#7567 = ( GEOMETRIC_REPRESENTATION_CONTEXT(2) 
PARAMETRIC_REPRESENTATION_CONTEXT() REPRESENTATION_CONTEXT('2D SPACE',''
  ) );
#7568 = ORIENTED_EDGE('',*,*,#7432,.F.);
#7569 = ADVANCED_FACE('',(#7570),#7310,.F.);
#7570 = FACE_BOUND('',#7571,.F.);
#7571 = EDGE_LOOP('',(#7572,#7573,#7574,#7575));
#7572 = ORIENTED_EDGE('',*,*,#7294,.F.);
#7573 = ORIENTED_EDGE('',*,*,#7479,.T.);
#7574 = ORIENTED_EDGE('',*,*,#7409,.T.);
#7575 = ORIENTED_EDGE('',*,*,#7526,.F.);
#7576 = ADVANCED_FACE('',(#7577),#7364,.T.);
#7577 = FACE_BOUND('',#7578,.T.);
#7578 = EDGE_LOOP('',(#7579,#7580,#7581,#7582));
#7579 = ORIENTED_EDGE('',*,*,#7350,.F.);
#7580 = ORIENTED_EDGE('',*,*,#7501,.T.);
#7581 = ORIENTED_EDGE('',*,*,#7455,.T.);
#7582 = ORIENTED_EDGE('',*,*,#7548,.F.);
#7583 = MANIFOLD_SOLID_BREP('',#7584);
#7584 = CLOSED_SHELL('',(#7585,#7705,#7805,#7852,#7899,#7906));
#7585 = ADVANCED_FACE('',(#7586),#7600,.F.);
#7586 = FACE_BOUND('',#7587,.F.);
#7587 = EDGE_LOOP('',(#7588,#7623,#7651,#7679));
#7588 = ORIENTED_EDGE('',*,*,#7589,.F.);
#7589 = EDGE_CURVE('',#7590,#7592,#7594,.T.);
#7590 = VERTEX_POINT('',#7591);
#7591 = CARTESIAN_POINT('',(-9.1,-3.47,-5.E-03));
#7592 = VERTEX_POINT('',#7593);
#7593 = CARTESIAN_POINT('',(-9.1,-3.47,0.845));
#7594 = SURFACE_CURVE('',#7595,(#7599,#7611),.PCURVE_S1.);
#7595 = LINE('',#7596,#7597);
#7596 = CARTESIAN_POINT('',(-9.1,-3.47,-5.E-03));
#7597 = VECTOR('',#7598,1.);
#7598 = DIRECTION('',(0.,0.,1.));
#7599 = PCURVE('',#7600,#7605);
#7600 = PLANE('',#7601);
#7601 = AXIS2_PLACEMENT_3D('',#7602,#7603,#7604);
#7602 = CARTESIAN_POINT('',(-9.1,-3.47,-5.E-03));
#7603 = DIRECTION('',(1.,0.,0.));
#7604 = DIRECTION('',(0.,0.,1.));
#7605 = DEFINITIONAL_REPRESENTATION('',(#7606),#7610);
#7606 = LINE('',#7607,#7608);
#7607 = CARTESIAN_POINT('',(0.,0.));
#7608 = VECTOR('',#7609,1.);
#7609 = DIRECTION('',(1.,0.));
#7610 = ( GEOMETRIC_REPRESENTATION_CONTEXT(2) 
PARAMETRIC_REPRESENTATION_CONTEXT() REPRESENTATION_CONTEXT('2D SPACE',''
  ) );
#7611 = PCURVE('',#7612,#7617);
#7612 = PLANE('',#7613);
#7613 = AXIS2_PLACEMENT_3D('',#7614,#7615,#7616);
#7614 = CARTESIAN_POINT('',(-9.1,-3.47,-5.E-03));
#7615 = DIRECTION('',(0.,1.,0.));
#7616 = DIRECTION('',(0.,0.,1.));
#7617 = DEFINITIONAL_REPRESENTATION('',(#7618),#7622);
#7618 = LINE('',#7619,#7620);
#7619 = CARTESIAN_POINT('',(0.,0.));
#7620 = VECTOR('',#7621,1.);
#7621 = DIRECTION('',(1.,0.));
#7622 = ( GEOMETRIC_REPRESENTATION_CONTEXT(2) 
PARAMETRIC_REPRESENTATION_CONTEXT() REPRESENTATION_CONTEXT('2D SPACE',''
  ) );
#7623 = ORIENTED_EDGE('',*,*,#7624,.T.);
#7624 = EDGE_CURVE('',#7590,#7625,#7627,.T.);
#7625 = VERTEX_POINT('',#7626);
#7626 = CARTESIAN_POINT('',(-9.1,-2.57,-5.E-03));
#7627 = SURFACE_CURVE('',#7628,(#7632,#7639),.PCURVE_S1.);
#7628 = LINE('',#7629,#7630);
#7629 = CARTESIAN_POINT('',(-9.1,-3.47,-5.E-03));
#7630 = VECTOR('',#7631,1.);
#7631 = DIRECTION('',(0.,1.,0.));
#7632 = PCURVE('',#7600,#7633);
#7633 = DEFINITIONAL_REPRESENTATION('',(#7634),#7638);
#7634 = LINE('',#7635,#7636);
#7635 = CARTESIAN_POINT('',(0.,0.));
#7636 = VECTOR('',#7637,1.);
#7637 = DIRECTION('',(0.,-1.));
#7638 = ( GEOMETRIC_REPRESENTATION_CONTEXT(2) 
PARAMETRIC_REPRESENTATION_CONTEXT() REPRESENTATION_CONTEXT('2D SPACE',''
  ) );
#7639 = PCURVE('',#7640,#7645);
#7640 = PLANE('',#7641);
#7641 = AXIS2_PLACEMENT_3D('',#7642,#7643,#7644);
#7642 = CARTESIAN_POINT('',(-9.1,-3.47,-5.E-03));
#7643 = DIRECTION('',(0.,0.,1.));
#7644 = DIRECTION('',(1.,0.,0.));
#7645 = DEFINITIONAL_REPRESENTATION('',(#7646),#7650);
#7646 = LINE('',#7647,#7648);
#7647 = CARTESIAN_POINT('',(0.,0.));
#7648 = VECTOR('',#7649,1.);
#7649 = DIRECTION('',(0.,1.));
#7650 = ( GEOMETRIC_REPRESENTATION_CONTEXT(2) 
PARAMETRIC_REPRESENTATION_CONTEXT() REPRESENTATION_CONTEXT('2D SPACE',''
  ) );
#7651 = ORIENTED_EDGE('',*,*,#7652,.T.);
#7652 = EDGE_CURVE('',#7625,#7653,#7655,.T.);
#7653 = VERTEX_POINT('',#7654);
#7654 = CARTESIAN_POINT('',(-9.1,-2.57,0.845));
#7655 = SURFACE_CURVE('',#7656,(#7660,#7667),.PCURVE_S1.);
#7656 = LINE('',#7657,#7658);
#7657 = CARTESIAN_POINT('',(-9.1,-2.57,-5.E-03));
#7658 = VECTOR('',#7659,1.);
#7659 = DIRECTION('',(0.,0.,1.));
#7660 = PCURVE('',#7600,#7661);
#7661 = DEFINITIONAL_REPRESENTATION('',(#7662),#7666);
#7662 = LINE('',#7663,#7664);
#7663 = CARTESIAN_POINT('',(0.,-0.9));
#7664 = VECTOR('',#7665,1.);
#7665 = DIRECTION('',(1.,0.));
#7666 = ( GEOMETRIC_REPRESENTATION_CONTEXT(2) 
PARAMETRIC_REPRESENTATION_CONTEXT() REPRESENTATION_CONTEXT('2D SPACE',''
  ) );
#7667 = PCURVE('',#7668,#7673);
#7668 = PLANE('',#7669);
#7669 = AXIS2_PLACEMENT_3D('',#7670,#7671,#7672);
#7670 = CARTESIAN_POINT('',(-9.1,-2.57,-5.E-03));
#7671 = DIRECTION('',(0.,1.,0.));
#7672 = DIRECTION('',(0.,0.,1.));
#7673 = DEFINITIONAL_REPRESENTATION('',(#7674),#7678);
#7674 = LINE('',#7675,#7676);
#7675 = CARTESIAN_POINT('',(0.,0.));
#7676 = VECTOR('',#7677,1.);
#7677 = DIRECTION('',(1.,0.));
#7678 = ( GEOMETRIC_REPRESENTATION_CONTEXT(2) 
PARAMETRIC_REPRESENTATION_CONTEXT() REPRESENTATION_CONTEXT('2D SPACE',''
  ) );
#7679 = ORIENTED_EDGE('',*,*,#7680,.F.);
#7680 = EDGE_CURVE('',#7592,#7653,#7681,.T.);
#7681 = SURFACE_CURVE('',#7682,(#7686,#7693),.PCURVE_S1.);
#7682 = LINE('',#7683,#7684);
#7683 = CARTESIAN_POINT('',(-9.1,-3.47,0.845));
#7684 = VECTOR('',#7685,1.);
#7685 = DIRECTION('',(0.,1.,0.));
#7686 = PCURVE('',#7600,#7687);
#7687 = DEFINITIONAL_REPRESENTATION('',(#7688),#7692);
#7688 = LINE('',#7689,#7690);
#7689 = CARTESIAN_POINT('',(0.85,0.));
#7690 = VECTOR('',#7691,1.);
#7691 = DIRECTION('',(0.,-1.));
#7692 = ( GEOMETRIC_REPRESENTATION_CONTEXT(2) 
PARAMETRIC_REPRESENTATION_CONTEXT() REPRESENTATION_CONTEXT('2D SPACE',''
  ) );
#7693 = PCURVE('',#7694,#7699);
#7694 = PLANE('',#7695);
#7695 = AXIS2_PLACEMENT_3D('',#7696,#7697,#7698);
#7696 = CARTESIAN_POINT('',(-9.1,-3.47,0.845));
#7697 = DIRECTION('',(0.,0.,1.));
#7698 = DIRECTION('',(1.,0.,0.));
#7699 = DEFINITIONAL_REPRESENTATION('',(#7700),#7704);
#7700 = LINE('',#7701,#7702);
#7701 = CARTESIAN_POINT('',(0.,0.));
#7702 = VECTOR('',#7703,1.);
#7703 = DIRECTION('',(0.,1.));
#7704 = ( GEOMETRIC_REPRESENTATION_CONTEXT(2) 
PARAMETRIC_REPRESENTATION_CONTEXT() REPRESENTATION_CONTEXT('2D SPACE',''
  ) );
#7705 = ADVANCED_FACE('',(#7706),#7720,.T.);
#7706 = FACE_BOUND('',#7707,.T.);
#7707 = EDGE_LOOP('',(#7708,#7738,#7761,#7784));
#7708 = ORIENTED_EDGE('',*,*,#7709,.F.);
#7709 = EDGE_CURVE('',#7710,#7712,#7714,.T.);
#7710 = VERTEX_POINT('',#7711);
#7711 = CARTESIAN_POINT('',(-8.8,-3.47,-5.E-03));
#7712 = VERTEX_POINT('',#7713);
#7713 = CARTESIAN_POINT('',(-8.8,-3.47,0.845));
#7714 = SURFACE_CURVE('',#7715,(#7719,#7731),.PCURVE_S1.);
#7715 = LINE('',#7716,#7717);
#7716 = CARTESIAN_POINT('',(-8.8,-3.47,-5.E-03));
#7717 = VECTOR('',#7718,1.);
#7718 = DIRECTION('',(0.,0.,1.));
#7719 = PCURVE('',#7720,#7725);
#7720 = PLANE('',#7721);
#7721 = AXIS2_PLACEMENT_3D('',#7722,#7723,#7724);
#7722 = CARTESIAN_POINT('',(-8.8,-3.47,-5.E-03));
#7723 = DIRECTION('',(1.,0.,0.));
#7724 = DIRECTION('',(0.,0.,1.));
#7725 = DEFINITIONAL_REPRESENTATION('',(#7726),#7730);
#7726 = LINE('',#7727,#7728);
#7727 = CARTESIAN_POINT('',(0.,0.));
#7728 = VECTOR('',#7729,1.);
#7729 = DIRECTION('',(1.,0.));
#7730 = ( GEOMETRIC_REPRESENTATION_CONTEXT(2) 
PARAMETRIC_REPRESENTATION_CONTEXT() REPRESENTATION_CONTEXT('2D SPACE',''
  ) );
#7731 = PCURVE('',#7612,#7732);
#7732 = DEFINITIONAL_REPRESENTATION('',(#7733),#7737);
#7733 = LINE('',#7734,#7735);
#7734 = CARTESIAN_POINT('',(0.,0.3));
#7735 = VECTOR('',#7736,1.);
#7736 = DIRECTION('',(1.,0.));
#7737 = ( GEOMETRIC_REPRESENTATION_CONTEXT(2) 
PARAMETRIC_REPRESENTATION_CONTEXT() REPRESENTATION_CONTEXT('2D SPACE',''
  ) );
#7738 = ORIENTED_EDGE('',*,*,#7739,.T.);
#7739 = EDGE_CURVE('',#7710,#7740,#7742,.T.);
#7740 = VERTEX_POINT('',#7741);
#7741 = CARTESIAN_POINT('',(-8.8,-2.57,-5.E-03));
#7742 = SURFACE_CURVE('',#7743,(#7747,#7754),.PCURVE_S1.);
#7743 = LINE('',#7744,#7745);
#7744 = CARTESIAN_POINT('',(-8.8,-3.47,-5.E-03));
#7745 = VECTOR('',#7746,1.);
#7746 = DIRECTION('',(0.,1.,0.));
#7747 = PCURVE('',#7720,#7748);
#7748 = DEFINITIONAL_REPRESENTATION('',(#7749),#7753);
#7749 = LINE('',#7750,#7751);
#7750 = CARTESIAN_POINT('',(0.,0.));
#7751 = VECTOR('',#7752,1.);
#7752 = DIRECTION('',(0.,-1.));
#7753 = ( GEOMETRIC_REPRESENTATION_CONTEXT(2) 
PARAMETRIC_REPRESENTATION_CONTEXT() REPRESENTATION_CONTEXT('2D SPACE',''
  ) );
#7754 = PCURVE('',#7640,#7755);
#7755 = DEFINITIONAL_REPRESENTATION('',(#7756),#7760);
#7756 = LINE('',#7757,#7758);
#7757 = CARTESIAN_POINT('',(0.3,0.));
#7758 = VECTOR('',#7759,1.);
#7759 = DIRECTION('',(0.,1.));
#7760 = ( GEOMETRIC_REPRESENTATION_CONTEXT(2) 
PARAMETRIC_REPRESENTATION_CONTEXT() REPRESENTATION_CONTEXT('2D SPACE',''
  ) );
#7761 = ORIENTED_EDGE('',*,*,#7762,.T.);
#7762 = EDGE_CURVE('',#7740,#7763,#7765,.T.);
#7763 = VERTEX_POINT('',#7764);
#7764 = CARTESIAN_POINT('',(-8.8,-2.57,0.845));
#7765 = SURFACE_CURVE('',#7766,(#7770,#7777),.PCURVE_S1.);
#7766 = LINE('',#7767,#7768);
#7767 = CARTESIAN_POINT('',(-8.8,-2.57,-5.E-03));
#7768 = VECTOR('',#7769,1.);
#7769 = DIRECTION('',(0.,0.,1.));
#7770 = PCURVE('',#7720,#7771);
#7771 = DEFINITIONAL_REPRESENTATION('',(#7772),#7776);
#7772 = LINE('',#7773,#7774);
#7773 = CARTESIAN_POINT('',(0.,-0.9));
#7774 = VECTOR('',#7775,1.);
#7775 = DIRECTION('',(1.,0.));
#7776 = ( GEOMETRIC_REPRESENTATION_CONTEXT(2) 
PARAMETRIC_REPRESENTATION_CONTEXT() REPRESENTATION_CONTEXT('2D SPACE',''
  ) );
#7777 = PCURVE('',#7668,#7778);
#7778 = DEFINITIONAL_REPRESENTATION('',(#7779),#7783);
#7779 = LINE('',#7780,#7781);
#7780 = CARTESIAN_POINT('',(0.,0.3));
#7781 = VECTOR('',#7782,1.);
#7782 = DIRECTION('',(1.,0.));
#7783 = ( GEOMETRIC_REPRESENTATION_CONTEXT(2) 
PARAMETRIC_REPRESENTATION_CONTEXT() REPRESENTATION_CONTEXT('2D SPACE',''
  ) );
#7784 = ORIENTED_EDGE('',*,*,#7785,.F.);
#7785 = EDGE_CURVE('',#7712,#7763,#7786,.T.);
#7786 = SURFACE_CURVE('',#7787,(#7791,#7798),.PCURVE_S1.);
#7787 = LINE('',#7788,#7789);
#7788 = CARTESIAN_POINT('',(-8.8,-3.47,0.845));
#7789 = VECTOR('',#7790,1.);
#7790 = DIRECTION('',(0.,1.,0.));
#7791 = PCURVE('',#7720,#7792);
#7792 = DEFINITIONAL_REPRESENTATION('',(#7793),#7797);
#7793 = LINE('',#7794,#7795);
#7794 = CARTESIAN_POINT('',(0.85,0.));
#7795 = VECTOR('',#7796,1.);
#7796 = DIRECTION('',(0.,-1.));
#7797 = ( GEOMETRIC_REPRESENTATION_CONTEXT(2) 
PARAMETRIC_REPRESENTATION_CONTEXT() REPRESENTATION_CONTEXT('2D SPACE',''
  ) );
#7798 = PCURVE('',#7694,#7799);
#7799 = DEFINITIONAL_REPRESENTATION('',(#7800),#7804);
#7800 = LINE('',#7801,#7802);
#7801 = CARTESIAN_POINT('',(0.3,0.));
#7802 = VECTOR('',#7803,1.);
#7803 = DIRECTION('',(0.,1.));
#7804 = ( GEOMETRIC_REPRESENTATION_CONTEXT(2) 
PARAMETRIC_REPRESENTATION_CONTEXT() REPRESENTATION_CONTEXT('2D SPACE',''
  ) );
#7805 = ADVANCED_FACE('',(#7806),#7612,.F.);
#7806 = FACE_BOUND('',#7807,.F.);
#7807 = EDGE_LOOP('',(#7808,#7829,#7830,#7851));
#7808 = ORIENTED_EDGE('',*,*,#7809,.F.);
#7809 = EDGE_CURVE('',#7590,#7710,#7810,.T.);
#7810 = SURFACE_CURVE('',#7811,(#7815,#7822),.PCURVE_S1.);
#7811 = LINE('',#7812,#7813);
#7812 = CARTESIAN_POINT('',(-9.1,-3.47,-5.E-03));
#7813 = VECTOR('',#7814,1.);
#7814 = DIRECTION('',(1.,0.,0.));
#7815 = PCURVE('',#7612,#7816);
#7816 = DEFINITIONAL_REPRESENTATION('',(#7817),#7821);
#7817 = LINE('',#7818,#7819);
#7818 = CARTESIAN_POINT('',(0.,0.));
#7819 = VECTOR('',#7820,1.);
#7820 = DIRECTION('',(0.,1.));
#7821 = ( GEOMETRIC_REPRESENTATION_CONTEXT(2) 
PARAMETRIC_REPRESENTATION_CONTEXT() REPRESENTATION_CONTEXT('2D SPACE',''
  ) );
#7822 = PCURVE('',#7640,#7823);
#7823 = DEFINITIONAL_REPRESENTATION('',(#7824),#7828);
#7824 = LINE('',#7825,#7826);
#7825 = CARTESIAN_POINT('',(0.,0.));
#7826 = VECTOR('',#7827,1.);
#7827 = DIRECTION('',(1.,0.));
#7828 = ( GEOMETRIC_REPRESENTATION_CONTEXT(2) 
PARAMETRIC_REPRESENTATION_CONTEXT() REPRESENTATION_CONTEXT('2D SPACE',''
  ) );
#7829 = ORIENTED_EDGE('',*,*,#7589,.T.);
#7830 = ORIENTED_EDGE('',*,*,#7831,.T.);
#7831 = EDGE_CURVE('',#7592,#7712,#7832,.T.);
#7832 = SURFACE_CURVE('',#7833,(#7837,#7844),.PCURVE_S1.);
#7833 = LINE('',#7834,#7835);
#7834 = CARTESIAN_POINT('',(-9.1,-3.47,0.845));
#7835 = VECTOR('',#7836,1.);
#7836 = DIRECTION('',(1.,0.,0.));
#7837 = PCURVE('',#7612,#7838);
#7838 = DEFINITIONAL_REPRESENTATION('',(#7839),#7843);
#7839 = LINE('',#7840,#7841);
#7840 = CARTESIAN_POINT('',(0.85,0.));
#7841 = VECTOR('',#7842,1.);
#7842 = DIRECTION('',(0.,1.));
#7843 = ( GEOMETRIC_REPRESENTATION_CONTEXT(2) 
PARAMETRIC_REPRESENTATION_CONTEXT() REPRESENTATION_CONTEXT('2D SPACE',''
  ) );
#7844 = PCURVE('',#7694,#7845);
#7845 = DEFINITIONAL_REPRESENTATION('',(#7846),#7850);
#7846 = LINE('',#7847,#7848);
#7847 = CARTESIAN_POINT('',(0.,0.));
#7848 = VECTOR('',#7849,1.);
#7849 = DIRECTION('',(1.,0.));
#7850 = ( GEOMETRIC_REPRESENTATION_CONTEXT(2) 
PARAMETRIC_REPRESENTATION_CONTEXT() REPRESENTATION_CONTEXT('2D SPACE',''
  ) );
#7851 = ORIENTED_EDGE('',*,*,#7709,.F.);
#7852 = ADVANCED_FACE('',(#7853),#7668,.T.);
#7853 = FACE_BOUND('',#7854,.T.);
#7854 = EDGE_LOOP('',(#7855,#7876,#7877,#7898));
#7855 = ORIENTED_EDGE('',*,*,#7856,.F.);
#7856 = EDGE_CURVE('',#7625,#7740,#7857,.T.);
#7857 = SURFACE_CURVE('',#7858,(#7862,#7869),.PCURVE_S1.);
#7858 = LINE('',#7859,#7860);
#7859 = CARTESIAN_POINT('',(-9.1,-2.57,-5.E-03));
#7860 = VECTOR('',#7861,1.);
#7861 = DIRECTION('',(1.,0.,0.));
#7862 = PCURVE('',#7668,#7863);
#7863 = DEFINITIONAL_REPRESENTATION('',(#7864),#7868);
#7864 = LINE('',#7865,#7866);
#7865 = CARTESIAN_POINT('',(0.,0.));
#7866 = VECTOR('',#7867,1.);
#7867 = DIRECTION('',(0.,1.));
#7868 = ( GEOMETRIC_REPRESENTATION_CONTEXT(2) 
PARAMETRIC_REPRESENTATION_CONTEXT() REPRESENTATION_CONTEXT('2D SPACE',''
  ) );
#7869 = PCURVE('',#7640,#7870);
#7870 = DEFINITIONAL_REPRESENTATION('',(#7871),#7875);
#7871 = LINE('',#7872,#7873);
#7872 = CARTESIAN_POINT('',(0.,0.9));
#7873 = VECTOR('',#7874,1.);
#7874 = DIRECTION('',(1.,0.));
#7875 = ( GEOMETRIC_REPRESENTATION_CONTEXT(2) 
PARAMETRIC_REPRESENTATION_CONTEXT() REPRESENTATION_CONTEXT('2D SPACE',''
  ) );
#7876 = ORIENTED_EDGE('',*,*,#7652,.T.);
#7877 = ORIENTED_EDGE('',*,*,#7878,.T.);
#7878 = EDGE_CURVE('',#7653,#7763,#7879,.T.);
#7879 = SURFACE_CURVE('',#7880,(#7884,#7891),.PCURVE_S1.);
#7880 = LINE('',#7881,#7882);
#7881 = CARTESIAN_POINT('',(-9.1,-2.57,0.845));
#7882 = VECTOR('',#7883,1.);
#7883 = DIRECTION('',(1.,0.,0.));
#7884 = PCURVE('',#7668,#7885);
#7885 = DEFINITIONAL_REPRESENTATION('',(#7886),#7890);
#7886 = LINE('',#7887,#7888);
#7887 = CARTESIAN_POINT('',(0.85,0.));
#7888 = VECTOR('',#7889,1.);
#7889 = DIRECTION('',(0.,1.));
#7890 = ( GEOMETRIC_REPRESENTATION_CONTEXT(2) 
PARAMETRIC_REPRESENTATION_CONTEXT() REPRESENTATION_CONTEXT('2D SPACE',''
  ) );
#7891 = PCURVE('',#7694,#7892);
#7892 = DEFINITIONAL_REPRESENTATION('',(#7893),#7897);
#7893 = LINE('',#7894,#7895);
#7894 = CARTESIAN_POINT('',(0.,0.9));
#7895 = VECTOR('',#7896,1.);
#7896 = DIRECTION('',(1.,0.));
#7897 = ( GEOMETRIC_REPRESENTATION_CONTEXT(2) 
PARAMETRIC_REPRESENTATION_CONTEXT() REPRESENTATION_CONTEXT('2D SPACE',''
  ) );
#7898 = ORIENTED_EDGE('',*,*,#7762,.F.);
#7899 = ADVANCED_FACE('',(#7900),#7640,.F.);
#7900 = FACE_BOUND('',#7901,.F.);
#7901 = EDGE_LOOP('',(#7902,#7903,#7904,#7905));
#7902 = ORIENTED_EDGE('',*,*,#7624,.F.);
#7903 = ORIENTED_EDGE('',*,*,#7809,.T.);
#7904 = ORIENTED_EDGE('',*,*,#7739,.T.);
#7905 = ORIENTED_EDGE('',*,*,#7856,.F.);
#7906 = ADVANCED_FACE('',(#7907),#7694,.T.);
#7907 = FACE_BOUND('',#7908,.T.);
#7908 = EDGE_LOOP('',(#7909,#7910,#7911,#7912));
#7909 = ORIENTED_EDGE('',*,*,#7680,.F.);
#7910 = ORIENTED_EDGE('',*,*,#7831,.T.);
#7911 = ORIENTED_EDGE('',*,*,#7785,.T.);
#7912 = ORIENTED_EDGE('',*,*,#7878,.F.);
#7913 = MANIFOLD_SOLID_BREP('',#7914);
#7914 = CLOSED_SHELL('',(#7915,#8035,#8135,#8182,#8229,#8236));
#7915 = ADVANCED_FACE('',(#7916),#7930,.F.);
#7916 = FACE_BOUND('',#7917,.F.);
#7917 = EDGE_LOOP('',(#7918,#7953,#7981,#8009));
#7918 = ORIENTED_EDGE('',*,*,#7919,.F.);
#7919 = EDGE_CURVE('',#7920,#7922,#7924,.T.);
#7920 = VERTEX_POINT('',#7921);
#7921 = CARTESIAN_POINT('',(8.8,-3.47,-5.E-03));
#7922 = VERTEX_POINT('',#7923);
#7923 = CARTESIAN_POINT('',(8.8,-3.47,0.845));
#7924 = SURFACE_CURVE('',#7925,(#7929,#7941),.PCURVE_S1.);
#7925 = LINE('',#7926,#7927);
#7926 = CARTESIAN_POINT('',(8.8,-3.47,-5.E-03));
#7927 = VECTOR('',#7928,1.);
#7928 = DIRECTION('',(0.,0.,1.));
#7929 = PCURVE('',#7930,#7935);
#7930 = PLANE('',#7931);
#7931 = AXIS2_PLACEMENT_3D('',#7932,#7933,#7934);
#7932 = CARTESIAN_POINT('',(8.8,-3.47,-5.E-03));
#7933 = DIRECTION('',(1.,0.,0.));
#7934 = DIRECTION('',(0.,0.,1.));
#7935 = DEFINITIONAL_REPRESENTATION('',(#7936),#7940);
#7936 = LINE('',#7937,#7938);
#7937 = CARTESIAN_POINT('',(0.,0.));
#7938 = VECTOR('',#7939,1.);
#7939 = DIRECTION('',(1.,0.));
#7940 = ( GEOMETRIC_REPRESENTATION_CONTEXT(2) 
PARAMETRIC_REPRESENTATION_CONTEXT() REPRESENTATION_CONTEXT('2D SPACE',''
  ) );
#7941 = PCURVE('',#7942,#7947);
#7942 = PLANE('',#7943);
#7943 = AXIS2_PLACEMENT_3D('',#7944,#7945,#7946);
#7944 = CARTESIAN_POINT('',(8.8,-3.47,-5.E-03));
#7945 = DIRECTION('',(0.,1.,0.));
#7946 = DIRECTION('',(0.,0.,1.));
#7947 = DEFINITIONAL_REPRESENTATION('',(#7948),#7952);
#7948 = LINE('',#7949,#7950);
#7949 = CARTESIAN_POINT('',(0.,0.));
#7950 = VECTOR('',#7951,1.);
#7951 = DIRECTION('',(1.,0.));
#7952 = ( GEOMETRIC_REPRESENTATION_CONTEXT(2) 
PARAMETRIC_REPRESENTATION_CONTEXT() REPRESENTATION_CONTEXT('2D SPACE',''
  ) );
#7953 = ORIENTED_EDGE('',*,*,#7954,.T.);
#7954 = EDGE_CURVE('',#7920,#7955,#7957,.T.);
#7955 = VERTEX_POINT('',#7956);
#7956 = CARTESIAN_POINT('',(8.8,-2.57,-5.E-03));
#7957 = SURFACE_CURVE('',#7958,(#7962,#7969),.PCURVE_S1.);
#7958 = LINE('',#7959,#7960);
#7959 = CARTESIAN_POINT('',(8.8,-3.47,-5.E-03));
#7960 = VECTOR('',#7961,1.);
#7961 = DIRECTION('',(0.,1.,0.));
#7962 = PCURVE('',#7930,#7963);
#7963 = DEFINITIONAL_REPRESENTATION('',(#7964),#7968);
#7964 = LINE('',#7965,#7966);
#7965 = CARTESIAN_POINT('',(0.,0.));
#7966 = VECTOR('',#7967,1.);
#7967 = DIRECTION('',(0.,-1.));
#7968 = ( GEOMETRIC_REPRESENTATION_CONTEXT(2) 
PARAMETRIC_REPRESENTATION_CONTEXT() REPRESENTATION_CONTEXT('2D SPACE',''
  ) );
#7969 = PCURVE('',#7970,#7975);
#7970 = PLANE('',#7971);
#7971 = AXIS2_PLACEMENT_3D('',#7972,#7973,#7974);
#7972 = CARTESIAN_POINT('',(8.8,-3.47,-5.E-03));
#7973 = DIRECTION('',(0.,0.,1.));
#7974 = DIRECTION('',(1.,0.,0.));
#7975 = DEFINITIONAL_REPRESENTATION('',(#7976),#7980);
#7976 = LINE('',#7977,#7978);
#7977 = CARTESIAN_POINT('',(0.,0.));
#7978 = VECTOR('',#7979,1.);
#7979 = DIRECTION('',(0.,1.));
#7980 = ( GEOMETRIC_REPRESENTATION_CONTEXT(2) 
PARAMETRIC_REPRESENTATION_CONTEXT() REPRESENTATION_CONTEXT('2D SPACE',''
  ) );
#7981 = ORIENTED_EDGE('',*,*,#7982,.T.);
#7982 = EDGE_CURVE('',#7955,#7983,#7985,.T.);
#7983 = VERTEX_POINT('',#7984);
#7984 = CARTESIAN_POINT('',(8.8,-2.57,0.845));
#7985 = SURFACE_CURVE('',#7986,(#7990,#7997),.PCURVE_S1.);
#7986 = LINE('',#7987,#7988);
#7987 = CARTESIAN_POINT('',(8.8,-2.57,-5.E-03));
#7988 = VECTOR('',#7989,1.);
#7989 = DIRECTION('',(0.,0.,1.));
#7990 = PCURVE('',#7930,#7991);
#7991 = DEFINITIONAL_REPRESENTATION('',(#7992),#7996);
#7992 = LINE('',#7993,#7994);
#7993 = CARTESIAN_POINT('',(0.,-0.9));
#7994 = VECTOR('',#7995,1.);
#7995 = DIRECTION('',(1.,0.));
#7996 = ( GEOMETRIC_REPRESENTATION_CONTEXT(2) 
PARAMETRIC_REPRESENTATION_CONTEXT() REPRESENTATION_CONTEXT('2D SPACE',''
  ) );
#7997 = PCURVE('',#7998,#8003);
#7998 = PLANE('',#7999);
#7999 = AXIS2_PLACEMENT_3D('',#8000,#8001,#8002);
#8000 = CARTESIAN_POINT('',(8.8,-2.57,-5.E-03));
#8001 = DIRECTION('',(0.,1.,0.));
#8002 = DIRECTION('',(0.,0.,1.));
#8003 = DEFINITIONAL_REPRESENTATION('',(#8004),#8008);
#8004 = LINE('',#8005,#8006);
#8005 = CARTESIAN_POINT('',(0.,0.));
#8006 = VECTOR('',#8007,1.);
#8007 = DIRECTION('',(1.,0.));
#8008 = ( GEOMETRIC_REPRESENTATION_CONTEXT(2) 
PARAMETRIC_REPRESENTATION_CONTEXT() REPRESENTATION_CONTEXT('2D SPACE',''
  ) );
#8009 = ORIENTED_EDGE('',*,*,#8010,.F.);
#8010 = EDGE_CURVE('',#7922,#7983,#8011,.T.);
#8011 = SURFACE_CURVE('',#8012,(#8016,#8023),.PCURVE_S1.);
#8012 = LINE('',#8013,#8014);
#8013 = CARTESIAN_POINT('',(8.8,-3.47,0.845));
#8014 = VECTOR('',#8015,1.);
#8015 = DIRECTION('',(0.,1.,0.));
#8016 = PCURVE('',#7930,#8017);
#8017 = DEFINITIONAL_REPRESENTATION('',(#8018),#8022);
#8018 = LINE('',#8019,#8020);
#8019 = CARTESIAN_POINT('',(0.85,0.));
#8020 = VECTOR('',#8021,1.);
#8021 = DIRECTION('',(0.,-1.));
#8022 = ( GEOMETRIC_REPRESENTATION_CONTEXT(2) 
PARAMETRIC_REPRESENTATION_CONTEXT() REPRESENTATION_CONTEXT('2D SPACE',''
  ) );
#8023 = PCURVE('',#8024,#8029);
#8024 = PLANE('',#8025);
#8025 = AXIS2_PLACEMENT_3D('',#8026,#8027,#8028);
#8026 = CARTESIAN_POINT('',(8.8,-3.47,0.845));
#8027 = DIRECTION('',(0.,0.,1.));
#8028 = DIRECTION('',(1.,0.,0.));
#8029 = DEFINITIONAL_REPRESENTATION('',(#8030),#8034);
#8030 = LINE('',#8031,#8032);
#8031 = CARTESIAN_POINT('',(0.,0.));
#8032 = VECTOR('',#8033,1.);
#8033 = DIRECTION('',(0.,1.));
#8034 = ( GEOMETRIC_REPRESENTATION_CONTEXT(2) 
PARAMETRIC_REPRESENTATION_CONTEXT() REPRESENTATION_CONTEXT('2D SPACE',''
  ) );
#8035 = ADVANCED_FACE('',(#8036),#8050,.T.);
#8036 = FACE_BOUND('',#8037,.T.);
#8037 = EDGE_LOOP('',(#8038,#8068,#8091,#8114));
#8038 = ORIENTED_EDGE('',*,*,#8039,.F.);
#8039 = EDGE_CURVE('',#8040,#8042,#8044,.T.);
#8040 = VERTEX_POINT('',#8041);
#8041 = CARTESIAN_POINT('',(9.1,-3.47,-5.E-03));
#8042 = VERTEX_POINT('',#8043);
#8043 = CARTESIAN_POINT('',(9.1,-3.47,0.845));
#8044 = SURFACE_CURVE('',#8045,(#8049,#8061),.PCURVE_S1.);
#8045 = LINE('',#8046,#8047);
#8046 = CARTESIAN_POINT('',(9.1,-3.47,-5.E-03));
#8047 = VECTOR('',#8048,1.);
#8048 = DIRECTION('',(0.,0.,1.));
#8049 = PCURVE('',#8050,#8055);
#8050 = PLANE('',#8051);
#8051 = AXIS2_PLACEMENT_3D('',#8052,#8053,#8054);
#8052 = CARTESIAN_POINT('',(9.1,-3.47,-5.E-03));
#8053 = DIRECTION('',(1.,0.,0.));
#8054 = DIRECTION('',(0.,0.,1.));
#8055 = DEFINITIONAL_REPRESENTATION('',(#8056),#8060);
#8056 = LINE('',#8057,#8058);
#8057 = CARTESIAN_POINT('',(0.,0.));
#8058 = VECTOR('',#8059,1.);
#8059 = DIRECTION('',(1.,0.));
#8060 = ( GEOMETRIC_REPRESENTATION_CONTEXT(2) 
PARAMETRIC_REPRESENTATION_CONTEXT() REPRESENTATION_CONTEXT('2D SPACE',''
  ) );
#8061 = PCURVE('',#7942,#8062);
#8062 = DEFINITIONAL_REPRESENTATION('',(#8063),#8067);
#8063 = LINE('',#8064,#8065);
#8064 = CARTESIAN_POINT('',(0.,0.3));
#8065 = VECTOR('',#8066,1.);
#8066 = DIRECTION('',(1.,0.));
#8067 = ( GEOMETRIC_REPRESENTATION_CONTEXT(2) 
PARAMETRIC_REPRESENTATION_CONTEXT() REPRESENTATION_CONTEXT('2D SPACE',''
  ) );
#8068 = ORIENTED_EDGE('',*,*,#8069,.T.);
#8069 = EDGE_CURVE('',#8040,#8070,#8072,.T.);
#8070 = VERTEX_POINT('',#8071);
#8071 = CARTESIAN_POINT('',(9.1,-2.57,-5.E-03));
#8072 = SURFACE_CURVE('',#8073,(#8077,#8084),.PCURVE_S1.);
#8073 = LINE('',#8074,#8075);
#8074 = CARTESIAN_POINT('',(9.1,-3.47,-5.E-03));
#8075 = VECTOR('',#8076,1.);
#8076 = DIRECTION('',(0.,1.,0.));
#8077 = PCURVE('',#8050,#8078);
#8078 = DEFINITIONAL_REPRESENTATION('',(#8079),#8083);
#8079 = LINE('',#8080,#8081);
#8080 = CARTESIAN_POINT('',(0.,0.));
#8081 = VECTOR('',#8082,1.);
#8082 = DIRECTION('',(0.,-1.));
#8083 = ( GEOMETRIC_REPRESENTATION_CONTEXT(2) 
PARAMETRIC_REPRESENTATION_CONTEXT() REPRESENTATION_CONTEXT('2D SPACE',''
  ) );
#8084 = PCURVE('',#7970,#8085);
#8085 = DEFINITIONAL_REPRESENTATION('',(#8086),#8090);
#8086 = LINE('',#8087,#8088);
#8087 = CARTESIAN_POINT('',(0.3,0.));
#8088 = VECTOR('',#8089,1.);
#8089 = DIRECTION('',(0.,1.));
#8090 = ( GEOMETRIC_REPRESENTATION_CONTEXT(2) 
PARAMETRIC_REPRESENTATION_CONTEXT() REPRESENTATION_CONTEXT('2D SPACE',''
  ) );
#8091 = ORIENTED_EDGE('',*,*,#8092,.T.);
#8092 = EDGE_CURVE('',#8070,#8093,#8095,.T.);
#8093 = VERTEX_POINT('',#8094);
#8094 = CARTESIAN_POINT('',(9.1,-2.57,0.845));
#8095 = SURFACE_CURVE('',#8096,(#8100,#8107),.PCURVE_S1.);
#8096 = LINE('',#8097,#8098);
#8097 = CARTESIAN_POINT('',(9.1,-2.57,-5.E-03));
#8098 = VECTOR('',#8099,1.);
#8099 = DIRECTION('',(0.,0.,1.));
#8100 = PCURVE('',#8050,#8101);
#8101 = DEFINITIONAL_REPRESENTATION('',(#8102),#8106);
#8102 = LINE('',#8103,#8104);
#8103 = CARTESIAN_POINT('',(0.,-0.9));
#8104 = VECTOR('',#8105,1.);
#8105 = DIRECTION('',(1.,0.));
#8106 = ( GEOMETRIC_REPRESENTATION_CONTEXT(2) 
PARAMETRIC_REPRESENTATION_CONTEXT() REPRESENTATION_CONTEXT('2D SPACE',''
  ) );
#8107 = PCURVE('',#7998,#8108);
#8108 = DEFINITIONAL_REPRESENTATION('',(#8109),#8113);
#8109 = LINE('',#8110,#8111);
#8110 = CARTESIAN_POINT('',(0.,0.3));
#8111 = VECTOR('',#8112,1.);
#8112 = DIRECTION('',(1.,0.));
#8113 = ( GEOMETRIC_REPRESENTATION_CONTEXT(2) 
PARAMETRIC_REPRESENTATION_CONTEXT() REPRESENTATION_CONTEXT('2D SPACE',''
  ) );
#8114 = ORIENTED_EDGE('',*,*,#8115,.F.);
#8115 = EDGE_CURVE('',#8042,#8093,#8116,.T.);
#8116 = SURFACE_CURVE('',#8117,(#8121,#8128),.PCURVE_S1.);
#8117 = LINE('',#8118,#8119);
#8118 = CARTESIAN_POINT('',(9.1,-3.47,0.845));
#8119 = VECTOR('',#8120,1.);
#8120 = DIRECTION('',(0.,1.,0.));
#8121 = PCURVE('',#8050,#8122);
#8122 = DEFINITIONAL_REPRESENTATION('',(#8123),#8127);
#8123 = LINE('',#8124,#8125);
#8124 = CARTESIAN_POINT('',(0.85,0.));
#8125 = VECTOR('',#8126,1.);
#8126 = DIRECTION('',(0.,-1.));
#8127 = ( GEOMETRIC_REPRESENTATION_CONTEXT(2) 
PARAMETRIC_REPRESENTATION_CONTEXT() REPRESENTATION_CONTEXT('2D SPACE',''
  ) );
#8128 = PCURVE('',#8024,#8129);
#8129 = DEFINITIONAL_REPRESENTATION('',(#8130),#8134);
#8130 = LINE('',#8131,#8132);
#8131 = CARTESIAN_POINT('',(0.3,0.));
#8132 = VECTOR('',#8133,1.);
#8133 = DIRECTION('',(0.,1.));
#8134 = ( GEOMETRIC_REPRESENTATION_CONTEXT(2) 
PARAMETRIC_REPRESENTATION_CONTEXT() REPRESENTATION_CONTEXT('2D SPACE',''
  ) );
#8135 = ADVANCED_FACE('',(#8136),#7942,.F.);
#8136 = FACE_BOUND('',#8137,.F.);
#8137 = EDGE_LOOP('',(#8138,#8159,#8160,#8181));
#8138 = ORIENTED_EDGE('',*,*,#8139,.F.);
#8139 = EDGE_CURVE('',#7920,#8040,#8140,.T.);
#8140 = SURFACE_CURVE('',#8141,(#8145,#8152),.PCURVE_S1.);
#8141 = LINE('',#8142,#8143);
#8142 = CARTESIAN_POINT('',(8.8,-3.47,-5.E-03));
#8143 = VECTOR('',#8144,1.);
#8144 = DIRECTION('',(1.,0.,0.));
#8145 = PCURVE('',#7942,#8146);
#8146 = DEFINITIONAL_REPRESENTATION('',(#8147),#8151);
#8147 = LINE('',#8148,#8149);
#8148 = CARTESIAN_POINT('',(0.,0.));
#8149 = VECTOR('',#8150,1.);
#8150 = DIRECTION('',(0.,1.));
#8151 = ( GEOMETRIC_REPRESENTATION_CONTEXT(2) 
PARAMETRIC_REPRESENTATION_CONTEXT() REPRESENTATION_CONTEXT('2D SPACE',''
  ) );
#8152 = PCURVE('',#7970,#8153);
#8153 = DEFINITIONAL_REPRESENTATION('',(#8154),#8158);
#8154 = LINE('',#8155,#8156);
#8155 = CARTESIAN_POINT('',(0.,0.));
#8156 = VECTOR('',#8157,1.);
#8157 = DIRECTION('',(1.,0.));
#8158 = ( GEOMETRIC_REPRESENTATION_CONTEXT(2) 
PARAMETRIC_REPRESENTATION_CONTEXT() REPRESENTATION_CONTEXT('2D SPACE',''
  ) );
#8159 = ORIENTED_EDGE('',*,*,#7919,.T.);
#8160 = ORIENTED_EDGE('',*,*,#8161,.T.);
#8161 = EDGE_CURVE('',#7922,#8042,#8162,.T.);
#8162 = SURFACE_CURVE('',#8163,(#8167,#8174),.PCURVE_S1.);
#8163 = LINE('',#8164,#8165);
#8164 = CARTESIAN_POINT('',(8.8,-3.47,0.845));
#8165 = VECTOR('',#8166,1.);
#8166 = DIRECTION('',(1.,0.,0.));
#8167 = PCURVE('',#7942,#8168);
#8168 = DEFINITIONAL_REPRESENTATION('',(#8169),#8173);
#8169 = LINE('',#8170,#8171);
#8170 = CARTESIAN_POINT('',(0.85,0.));
#8171 = VECTOR('',#8172,1.);
#8172 = DIRECTION('',(0.,1.));
#8173 = ( GEOMETRIC_REPRESENTATION_CONTEXT(2) 
PARAMETRIC_REPRESENTATION_CONTEXT() REPRESENTATION_CONTEXT('2D SPACE',''
  ) );
#8174 = PCURVE('',#8024,#8175);
#8175 = DEFINITIONAL_REPRESENTATION('',(#8176),#8180);
#8176 = LINE('',#8177,#8178);
#8177 = CARTESIAN_POINT('',(0.,0.));
#8178 = VECTOR('',#8179,1.);
#8179 = DIRECTION('',(1.,0.));
#8180 = ( GEOMETRIC_REPRESENTATION_CONTEXT(2) 
PARAMETRIC_REPRESENTATION_CONTEXT() REPRESENTATION_CONTEXT('2D SPACE',''
  ) );
#8181 = ORIENTED_EDGE('',*,*,#8039,.F.);
#8182 = ADVANCED_FACE('',(#8183),#7998,.T.);
#8183 = FACE_BOUND('',#8184,.T.);
#8184 = EDGE_LOOP('',(#8185,#8206,#8207,#8228));
#8185 = ORIENTED_EDGE('',*,*,#8186,.F.);
#8186 = EDGE_CURVE('',#7955,#8070,#8187,.T.);
#8187 = SURFACE_CURVE('',#8188,(#8192,#8199),.PCURVE_S1.);
#8188 = LINE('',#8189,#8190);
#8189 = CARTESIAN_POINT('',(8.8,-2.57,-5.E-03));
#8190 = VECTOR('',#8191,1.);
#8191 = DIRECTION('',(1.,0.,0.));
#8192 = PCURVE('',#7998,#8193);
#8193 = DEFINITIONAL_REPRESENTATION('',(#8194),#8198);
#8194 = LINE('',#8195,#8196);
#8195 = CARTESIAN_POINT('',(0.,0.));
#8196 = VECTOR('',#8197,1.);
#8197 = DIRECTION('',(0.,1.));
#8198 = ( GEOMETRIC_REPRESENTATION_CONTEXT(2) 
PARAMETRIC_REPRESENTATION_CONTEXT() REPRESENTATION_CONTEXT('2D SPACE',''
  ) );
#8199 = PCURVE('',#7970,#8200);
#8200 = DEFINITIONAL_REPRESENTATION('',(#8201),#8205);
#8201 = LINE('',#8202,#8203);
#8202 = CARTESIAN_POINT('',(0.,0.9));
#8203 = VECTOR('',#8204,1.);
#8204 = DIRECTION('',(1.,0.));
#8205 = ( GEOMETRIC_REPRESENTATION_CONTEXT(2) 
PARAMETRIC_REPRESENTATION_CONTEXT() REPRESENTATION_CONTEXT('2D SPACE',''
  ) );
#8206 = ORIENTED_EDGE('',*,*,#7982,.T.);
#8207 = ORIENTED_EDGE('',*,*,#8208,.T.);
#8208 = EDGE_CURVE('',#7983,#8093,#8209,.T.);
#8209 = SURFACE_CURVE('',#8210,(#8214,#8221),.PCURVE_S1.);
#8210 = LINE('',#8211,#8212);
#8211 = CARTESIAN_POINT('',(8.8,-2.57,0.845));
#8212 = VECTOR('',#8213,1.);
#8213 = DIRECTION('',(1.,0.,0.));
#8214 = PCURVE('',#7998,#8215);
#8215 = DEFINITIONAL_REPRESENTATION('',(#8216),#8220);
#8216 = LINE('',#8217,#8218);
#8217 = CARTESIAN_POINT('',(0.85,0.));
#8218 = VECTOR('',#8219,1.);
#8219 = DIRECTION('',(0.,1.));
#8220 = ( GEOMETRIC_REPRESENTATION_CONTEXT(2) 
PARAMETRIC_REPRESENTATION_CONTEXT() REPRESENTATION_CONTEXT('2D SPACE',''
  ) );
#8221 = PCURVE('',#8024,#8222);
#8222 = DEFINITIONAL_REPRESENTATION('',(#8223),#8227);
#8223 = LINE('',#8224,#8225);
#8224 = CARTESIAN_POINT('',(0.,0.9));
#8225 = VECTOR('',#8226,1.);
#8226 = DIRECTION('',(1.,0.));
#8227 = ( GEOMETRIC_REPRESENTATION_CONTEXT(2) 
PARAMETRIC_REPRESENTATION_CONTEXT() REPRESENTATION_CONTEXT('2D SPACE',''
  ) );
#8228 = ORIENTED_EDGE('',*,*,#8092,.F.);
#8229 = ADVANCED_FACE('',(#8230),#7970,.F.);
#8230 = FACE_BOUND('',#8231,.F.);
#8231 = EDGE_LOOP('',(#8232,#8233,#8234,#8235));
#8232 = ORIENTED_EDGE('',*,*,#7954,.F.);
#8233 = ORIENTED_EDGE('',*,*,#8139,.T.);
#8234 = ORIENTED_EDGE('',*,*,#8069,.T.);
#8235 = ORIENTED_EDGE('',*,*,#8186,.F.);
#8236 = ADVANCED_FACE('',(#8237),#8024,.T.);
#8237 = FACE_BOUND('',#8238,.T.);
#8238 = EDGE_LOOP('',(#8239,#8240,#8241,#8242));
#8239 = ORIENTED_EDGE('',*,*,#8010,.F.);
#8240 = ORIENTED_EDGE('',*,*,#8161,.T.);
#8241 = ORIENTED_EDGE('',*,*,#8115,.T.);
#8242 = ORIENTED_EDGE('',*,*,#8208,.F.);
#8243 = MANIFOLD_SOLID_BREP('',#8244);
#8244 = CLOSED_SHELL('',(#8245,#8365,#8465,#8512,#8559,#8566));
#8245 = ADVANCED_FACE('',(#8246),#8260,.F.);
#8246 = FACE_BOUND('',#8247,.F.);
#8247 = EDGE_LOOP('',(#8248,#8283,#8311,#8339));
#8248 = ORIENTED_EDGE('',*,*,#8249,.F.);
#8249 = EDGE_CURVE('',#8250,#8252,#8254,.T.);
#8250 = VERTEX_POINT('',#8251);
#8251 = CARTESIAN_POINT('',(-9.1,-4.74,-5.E-03));
#8252 = VERTEX_POINT('',#8253);
#8253 = CARTESIAN_POINT('',(-9.1,-4.74,0.845));
#8254 = SURFACE_CURVE('',#8255,(#8259,#8271),.PCURVE_S1.);
#8255 = LINE('',#8256,#8257);
#8256 = CARTESIAN_POINT('',(-9.1,-4.74,-5.E-03));
#8257 = VECTOR('',#8258,1.);
#8258 = DIRECTION('',(0.,0.,1.));
#8259 = PCURVE('',#8260,#8265);
#8260 = PLANE('',#8261);
#8261 = AXIS2_PLACEMENT_3D('',#8262,#8263,#8264);
#8262 = CARTESIAN_POINT('',(-9.1,-4.74,-5.E-03));
#8263 = DIRECTION('',(1.,0.,0.));
#8264 = DIRECTION('',(0.,0.,1.));
#8265 = DEFINITIONAL_REPRESENTATION('',(#8266),#8270);
#8266 = LINE('',#8267,#8268);
#8267 = CARTESIAN_POINT('',(0.,0.));
#8268 = VECTOR('',#8269,1.);
#8269 = DIRECTION('',(1.,0.));
#8270 = ( GEOMETRIC_REPRESENTATION_CONTEXT(2) 
PARAMETRIC_REPRESENTATION_CONTEXT() REPRESENTATION_CONTEXT('2D SPACE',''
  ) );
#8271 = PCURVE('',#8272,#8277);
#8272 = PLANE('',#8273);
#8273 = AXIS2_PLACEMENT_3D('',#8274,#8275,#8276);
#8274 = CARTESIAN_POINT('',(-9.1,-4.74,-5.E-03));
#8275 = DIRECTION('',(0.,1.,0.));
#8276 = DIRECTION('',(0.,0.,1.));
#8277 = DEFINITIONAL_REPRESENTATION('',(#8278),#8282);
#8278 = LINE('',#8279,#8280);
#8279 = CARTESIAN_POINT('',(0.,0.));
#8280 = VECTOR('',#8281,1.);
#8281 = DIRECTION('',(1.,0.));
#8282 = ( GEOMETRIC_REPRESENTATION_CONTEXT(2) 
PARAMETRIC_REPRESENTATION_CONTEXT() REPRESENTATION_CONTEXT('2D SPACE',''
  ) );
#8283 = ORIENTED_EDGE('',*,*,#8284,.T.);
#8284 = EDGE_CURVE('',#8250,#8285,#8287,.T.);
#8285 = VERTEX_POINT('',#8286);
#8286 = CARTESIAN_POINT('',(-9.1,-3.84,-5.E-03));
#8287 = SURFACE_CURVE('',#8288,(#8292,#8299),.PCURVE_S1.);
#8288 = LINE('',#8289,#8290);
#8289 = CARTESIAN_POINT('',(-9.1,-4.74,-5.E-03));
#8290 = VECTOR('',#8291,1.);
#8291 = DIRECTION('',(0.,1.,0.));
#8292 = PCURVE('',#8260,#8293);
#8293 = DEFINITIONAL_REPRESENTATION('',(#8294),#8298);
#8294 = LINE('',#8295,#8296);
#8295 = CARTESIAN_POINT('',(0.,0.));
#8296 = VECTOR('',#8297,1.);
#8297 = DIRECTION('',(0.,-1.));
#8298 = ( GEOMETRIC_REPRESENTATION_CONTEXT(2) 
PARAMETRIC_REPRESENTATION_CONTEXT() REPRESENTATION_CONTEXT('2D SPACE',''
  ) );
#8299 = PCURVE('',#8300,#8305);
#8300 = PLANE('',#8301);
#8301 = AXIS2_PLACEMENT_3D('',#8302,#8303,#8304);
#8302 = CARTESIAN_POINT('',(-9.1,-4.74,-5.E-03));
#8303 = DIRECTION('',(0.,0.,1.));
#8304 = DIRECTION('',(1.,0.,0.));
#8305 = DEFINITIONAL_REPRESENTATION('',(#8306),#8310);
#8306 = LINE('',#8307,#8308);
#8307 = CARTESIAN_POINT('',(0.,0.));
#8308 = VECTOR('',#8309,1.);
#8309 = DIRECTION('',(0.,1.));
#8310 = ( GEOMETRIC_REPRESENTATION_CONTEXT(2) 
PARAMETRIC_REPRESENTATION_CONTEXT() REPRESENTATION_CONTEXT('2D SPACE',''
  ) );
#8311 = ORIENTED_EDGE('',*,*,#8312,.T.);
#8312 = EDGE_CURVE('',#8285,#8313,#8315,.T.);
#8313 = VERTEX_POINT('',#8314);
#8314 = CARTESIAN_POINT('',(-9.1,-3.84,0.845));
#8315 = SURFACE_CURVE('',#8316,(#8320,#8327),.PCURVE_S1.);
#8316 = LINE('',#8317,#8318);
#8317 = CARTESIAN_POINT('',(-9.1,-3.84,-5.E-03));
#8318 = VECTOR('',#8319,1.);
#8319 = DIRECTION('',(0.,0.,1.));
#8320 = PCURVE('',#8260,#8321);
#8321 = DEFINITIONAL_REPRESENTATION('',(#8322),#8326);
#8322 = LINE('',#8323,#8324);
#8323 = CARTESIAN_POINT('',(0.,-0.9));
#8324 = VECTOR('',#8325,1.);
#8325 = DIRECTION('',(1.,0.));
#8326 = ( GEOMETRIC_REPRESENTATION_CONTEXT(2) 
PARAMETRIC_REPRESENTATION_CONTEXT() REPRESENTATION_CONTEXT('2D SPACE',''
  ) );
#8327 = PCURVE('',#8328,#8333);
#8328 = PLANE('',#8329);
#8329 = AXIS2_PLACEMENT_3D('',#8330,#8331,#8332);
#8330 = CARTESIAN_POINT('',(-9.1,-3.84,-5.E-03));
#8331 = DIRECTION('',(0.,1.,0.));
#8332 = DIRECTION('',(0.,0.,1.));
#8333 = DEFINITIONAL_REPRESENTATION('',(#8334),#8338);
#8334 = LINE('',#8335,#8336);
#8335 = CARTESIAN_POINT('',(0.,0.));
#8336 = VECTOR('',#8337,1.);
#8337 = DIRECTION('',(1.,0.));
#8338 = ( GEOMETRIC_REPRESENTATION_CONTEXT(2) 
PARAMETRIC_REPRESENTATION_CONTEXT() REPRESENTATION_CONTEXT('2D SPACE',''
  ) );
#8339 = ORIENTED_EDGE('',*,*,#8340,.F.);
#8340 = EDGE_CURVE('',#8252,#8313,#8341,.T.);
#8341 = SURFACE_CURVE('',#8342,(#8346,#8353),.PCURVE_S1.);
#8342 = LINE('',#8343,#8344);
#8343 = CARTESIAN_POINT('',(-9.1,-4.74,0.845));
#8344 = VECTOR('',#8345,1.);
#8345 = DIRECTION('',(0.,1.,0.));
#8346 = PCURVE('',#8260,#8347);
#8347 = DEFINITIONAL_REPRESENTATION('',(#8348),#8352);
#8348 = LINE('',#8349,#8350);
#8349 = CARTESIAN_POINT('',(0.85,0.));
#8350 = VECTOR('',#8351,1.);
#8351 = DIRECTION('',(0.,-1.));
#8352 = ( GEOMETRIC_REPRESENTATION_CONTEXT(2) 
PARAMETRIC_REPRESENTATION_CONTEXT() REPRESENTATION_CONTEXT('2D SPACE',''
  ) );
#8353 = PCURVE('',#8354,#8359);
#8354 = PLANE('',#8355);
#8355 = AXIS2_PLACEMENT_3D('',#8356,#8357,#8358);
#8356 = CARTESIAN_POINT('',(-9.1,-4.74,0.845));
#8357 = DIRECTION('',(0.,0.,1.));
#8358 = DIRECTION('',(1.,0.,0.));
#8359 = DEFINITIONAL_REPRESENTATION('',(#8360),#8364);
#8360 = LINE('',#8361,#8362);
#8361 = CARTESIAN_POINT('',(0.,0.));
#8362 = VECTOR('',#8363,1.);
#8363 = DIRECTION('',(0.,1.));
#8364 = ( GEOMETRIC_REPRESENTATION_CONTEXT(2) 
PARAMETRIC_REPRESENTATION_CONTEXT() REPRESENTATION_CONTEXT('2D SPACE',''
  ) );
#8365 = ADVANCED_FACE('',(#8366),#8380,.T.);
#8366 = FACE_BOUND('',#8367,.T.);
#8367 = EDGE_LOOP('',(#8368,#8398,#8421,#8444));
#8368 = ORIENTED_EDGE('',*,*,#8369,.F.);
#8369 = EDGE_CURVE('',#8370,#8372,#8374,.T.);
#8370 = VERTEX_POINT('',#8371);
#8371 = CARTESIAN_POINT('',(-8.8,-4.74,-5.E-03));
#8372 = VERTEX_POINT('',#8373);
#8373 = CARTESIAN_POINT('',(-8.8,-4.74,0.845));
#8374 = SURFACE_CURVE('',#8375,(#8379,#8391),.PCURVE_S1.);
#8375 = LINE('',#8376,#8377);
#8376 = CARTESIAN_POINT('',(-8.8,-4.74,-5.E-03));
#8377 = VECTOR('',#8378,1.);
#8378 = DIRECTION('',(0.,0.,1.));
#8379 = PCURVE('',#8380,#8385);
#8380 = PLANE('',#8381);
#8381 = AXIS2_PLACEMENT_3D('',#8382,#8383,#8384);
#8382 = CARTESIAN_POINT('',(-8.8,-4.74,-5.E-03));
#8383 = DIRECTION('',(1.,0.,0.));
#8384 = DIRECTION('',(0.,0.,1.));
#8385 = DEFINITIONAL_REPRESENTATION('',(#8386),#8390);
#8386 = LINE('',#8387,#8388);
#8387 = CARTESIAN_POINT('',(0.,0.));
#8388 = VECTOR('',#8389,1.);
#8389 = DIRECTION('',(1.,0.));
#8390 = ( GEOMETRIC_REPRESENTATION_CONTEXT(2) 
PARAMETRIC_REPRESENTATION_CONTEXT() REPRESENTATION_CONTEXT('2D SPACE',''
  ) );
#8391 = PCURVE('',#8272,#8392);
#8392 = DEFINITIONAL_REPRESENTATION('',(#8393),#8397);
#8393 = LINE('',#8394,#8395);
#8394 = CARTESIAN_POINT('',(0.,0.3));
#8395 = VECTOR('',#8396,1.);
#8396 = DIRECTION('',(1.,0.));
#8397 = ( GEOMETRIC_REPRESENTATION_CONTEXT(2) 
PARAMETRIC_REPRESENTATION_CONTEXT() REPRESENTATION_CONTEXT('2D SPACE',''
  ) );
#8398 = ORIENTED_EDGE('',*,*,#8399,.T.);
#8399 = EDGE_CURVE('',#8370,#8400,#8402,.T.);
#8400 = VERTEX_POINT('',#8401);
#8401 = CARTESIAN_POINT('',(-8.8,-3.84,-5.E-03));
#8402 = SURFACE_CURVE('',#8403,(#8407,#8414),.PCURVE_S1.);
#8403 = LINE('',#8404,#8405);
#8404 = CARTESIAN_POINT('',(-8.8,-4.74,-5.E-03));
#8405 = VECTOR('',#8406,1.);
#8406 = DIRECTION('',(0.,1.,0.));
#8407 = PCURVE('',#8380,#8408);
#8408 = DEFINITIONAL_REPRESENTATION('',(#8409),#8413);
#8409 = LINE('',#8410,#8411);
#8410 = CARTESIAN_POINT('',(0.,0.));
#8411 = VECTOR('',#8412,1.);
#8412 = DIRECTION('',(0.,-1.));
#8413 = ( GEOMETRIC_REPRESENTATION_CONTEXT(2) 
PARAMETRIC_REPRESENTATION_CONTEXT() REPRESENTATION_CONTEXT('2D SPACE',''
  ) );
#8414 = PCURVE('',#8300,#8415);
#8415 = DEFINITIONAL_REPRESENTATION('',(#8416),#8420);
#8416 = LINE('',#8417,#8418);
#8417 = CARTESIAN_POINT('',(0.3,0.));
#8418 = VECTOR('',#8419,1.);
#8419 = DIRECTION('',(0.,1.));
#8420 = ( GEOMETRIC_REPRESENTATION_CONTEXT(2) 
PARAMETRIC_REPRESENTATION_CONTEXT() REPRESENTATION_CONTEXT('2D SPACE',''
  ) );
#8421 = ORIENTED_EDGE('',*,*,#8422,.T.);
#8422 = EDGE_CURVE('',#8400,#8423,#8425,.T.);
#8423 = VERTEX_POINT('',#8424);
#8424 = CARTESIAN_POINT('',(-8.8,-3.84,0.845));
#8425 = SURFACE_CURVE('',#8426,(#8430,#8437),.PCURVE_S1.);
#8426 = LINE('',#8427,#8428);
#8427 = CARTESIAN_POINT('',(-8.8,-3.84,-5.E-03));
#8428 = VECTOR('',#8429,1.);
#8429 = DIRECTION('',(0.,0.,1.));
#8430 = PCURVE('',#8380,#8431);
#8431 = DEFINITIONAL_REPRESENTATION('',(#8432),#8436);
#8432 = LINE('',#8433,#8434);
#8433 = CARTESIAN_POINT('',(0.,-0.9));
#8434 = VECTOR('',#8435,1.);
#8435 = DIRECTION('',(1.,0.));
#8436 = ( GEOMETRIC_REPRESENTATION_CONTEXT(2) 
PARAMETRIC_REPRESENTATION_CONTEXT() REPRESENTATION_CONTEXT('2D SPACE',''
  ) );
#8437 = PCURVE('',#8328,#8438);
#8438 = DEFINITIONAL_REPRESENTATION('',(#8439),#8443);
#8439 = LINE('',#8440,#8441);
#8440 = CARTESIAN_POINT('',(0.,0.3));
#8441 = VECTOR('',#8442,1.);
#8442 = DIRECTION('',(1.,0.));
#8443 = ( GEOMETRIC_REPRESENTATION_CONTEXT(2) 
PARAMETRIC_REPRESENTATION_CONTEXT() REPRESENTATION_CONTEXT('2D SPACE',''
  ) );
#8444 = ORIENTED_EDGE('',*,*,#8445,.F.);
#8445 = EDGE_CURVE('',#8372,#8423,#8446,.T.);
#8446 = SURFACE_CURVE('',#8447,(#8451,#8458),.PCURVE_S1.);
#8447 = LINE('',#8448,#8449);
#8448 = CARTESIAN_POINT('',(-8.8,-4.74,0.845));
#8449 = VECTOR('',#8450,1.);
#8450 = DIRECTION('',(0.,1.,0.));
#8451 = PCURVE('',#8380,#8452);
#8452 = DEFINITIONAL_REPRESENTATION('',(#8453),#8457);
#8453 = LINE('',#8454,#8455);
#8454 = CARTESIAN_POINT('',(0.85,0.));
#8455 = VECTOR('',#8456,1.);
#8456 = DIRECTION('',(0.,-1.));
#8457 = ( GEOMETRIC_REPRESENTATION_CONTEXT(2) 
PARAMETRIC_REPRESENTATION_CONTEXT() REPRESENTATION_CONTEXT('2D SPACE',''
  ) );
#8458 = PCURVE('',#8354,#8459);
#8459 = DEFINITIONAL_REPRESENTATION('',(#8460),#8464);
#8460 = LINE('',#8461,#8462);
#8461 = CARTESIAN_POINT('',(0.3,0.));
#8462 = VECTOR('',#8463,1.);
#8463 = DIRECTION('',(0.,1.));
#8464 = ( GEOMETRIC_REPRESENTATION_CONTEXT(2) 
PARAMETRIC_REPRESENTATION_CONTEXT() REPRESENTATION_CONTEXT('2D SPACE',''
  ) );
#8465 = ADVANCED_FACE('',(#8466),#8272,.F.);
#8466 = FACE_BOUND('',#8467,.F.);
#8467 = EDGE_LOOP('',(#8468,#8489,#8490,#8511));
#8468 = ORIENTED_EDGE('',*,*,#8469,.F.);
#8469 = EDGE_CURVE('',#8250,#8370,#8470,.T.);
#8470 = SURFACE_CURVE('',#8471,(#8475,#8482),.PCURVE_S1.);
#8471 = LINE('',#8472,#8473);
#8472 = CARTESIAN_POINT('',(-9.1,-4.74,-5.E-03));
#8473 = VECTOR('',#8474,1.);
#8474 = DIRECTION('',(1.,0.,0.));
#8475 = PCURVE('',#8272,#8476);
#8476 = DEFINITIONAL_REPRESENTATION('',(#8477),#8481);
#8477 = LINE('',#8478,#8479);
#8478 = CARTESIAN_POINT('',(0.,0.));
#8479 = VECTOR('',#8480,1.);
#8480 = DIRECTION('',(0.,1.));
#8481 = ( GEOMETRIC_REPRESENTATION_CONTEXT(2) 
PARAMETRIC_REPRESENTATION_CONTEXT() REPRESENTATION_CONTEXT('2D SPACE',''
  ) );
#8482 = PCURVE('',#8300,#8483);
#8483 = DEFINITIONAL_REPRESENTATION('',(#8484),#8488);
#8484 = LINE('',#8485,#8486);
#8485 = CARTESIAN_POINT('',(0.,0.));
#8486 = VECTOR('',#8487,1.);
#8487 = DIRECTION('',(1.,0.));
#8488 = ( GEOMETRIC_REPRESENTATION_CONTEXT(2) 
PARAMETRIC_REPRESENTATION_CONTEXT() REPRESENTATION_CONTEXT('2D SPACE',''
  ) );
#8489 = ORIENTED_EDGE('',*,*,#8249,.T.);
#8490 = ORIENTED_EDGE('',*,*,#8491,.T.);
#8491 = EDGE_CURVE('',#8252,#8372,#8492,.T.);
#8492 = SURFACE_CURVE('',#8493,(#8497,#8504),.PCURVE_S1.);
#8493 = LINE('',#8494,#8495);
#8494 = CARTESIAN_POINT('',(-9.1,-4.74,0.845));
#8495 = VECTOR('',#8496,1.);
#8496 = DIRECTION('',(1.,0.,0.));
#8497 = PCURVE('',#8272,#8498);
#8498 = DEFINITIONAL_REPRESENTATION('',(#8499),#8503);
#8499 = LINE('',#8500,#8501);
#8500 = CARTESIAN_POINT('',(0.85,0.));
#8501 = VECTOR('',#8502,1.);
#8502 = DIRECTION('',(0.,1.));
#8503 = ( GEOMETRIC_REPRESENTATION_CONTEXT(2) 
PARAMETRIC_REPRESENTATION_CONTEXT() REPRESENTATION_CONTEXT('2D SPACE',''
  ) );
#8504 = PCURVE('',#8354,#8505);
#8505 = DEFINITIONAL_REPRESENTATION('',(#8506),#8510);
#8506 = LINE('',#8507,#8508);
#8507 = CARTESIAN_POINT('',(0.,0.));
#8508 = VECTOR('',#8509,1.);
#8509 = DIRECTION('',(1.,0.));
#8510 = ( GEOMETRIC_REPRESENTATION_CONTEXT(2) 
PARAMETRIC_REPRESENTATION_CONTEXT() REPRESENTATION_CONTEXT('2D SPACE',''
  ) );
#8511 = ORIENTED_EDGE('',*,*,#8369,.F.);
#8512 = ADVANCED_FACE('',(#8513),#8328,.T.);
#8513 = FACE_BOUND('',#8514,.T.);
#8514 = EDGE_LOOP('',(#8515,#8536,#8537,#8558));
#8515 = ORIENTED_EDGE('',*,*,#8516,.F.);
#8516 = EDGE_CURVE('',#8285,#8400,#8517,.T.);
#8517 = SURFACE_CURVE('',#8518,(#8522,#8529),.PCURVE_S1.);
#8518 = LINE('',#8519,#8520);
#8519 = CARTESIAN_POINT('',(-9.1,-3.84,-5.E-03));
#8520 = VECTOR('',#8521,1.);
#8521 = DIRECTION('',(1.,0.,0.));
#8522 = PCURVE('',#8328,#8523);
#8523 = DEFINITIONAL_REPRESENTATION('',(#8524),#8528);
#8524 = LINE('',#8525,#8526);
#8525 = CARTESIAN_POINT('',(0.,0.));
#8526 = VECTOR('',#8527,1.);
#8527 = DIRECTION('',(0.,1.));
#8528 = ( GEOMETRIC_REPRESENTATION_CONTEXT(2) 
PARAMETRIC_REPRESENTATION_CONTEXT() REPRESENTATION_CONTEXT('2D SPACE',''
  ) );
#8529 = PCURVE('',#8300,#8530);
#8530 = DEFINITIONAL_REPRESENTATION('',(#8531),#8535);
#8531 = LINE('',#8532,#8533);
#8532 = CARTESIAN_POINT('',(0.,0.9));
#8533 = VECTOR('',#8534,1.);
#8534 = DIRECTION('',(1.,0.));
#8535 = ( GEOMETRIC_REPRESENTATION_CONTEXT(2) 
PARAMETRIC_REPRESENTATION_CONTEXT() REPRESENTATION_CONTEXT('2D SPACE',''
  ) );
#8536 = ORIENTED_EDGE('',*,*,#8312,.T.);
#8537 = ORIENTED_EDGE('',*,*,#8538,.T.);
#8538 = EDGE_CURVE('',#8313,#8423,#8539,.T.);
#8539 = SURFACE_CURVE('',#8540,(#8544,#8551),.PCURVE_S1.);
#8540 = LINE('',#8541,#8542);
#8541 = CARTESIAN_POINT('',(-9.1,-3.84,0.845));
#8542 = VECTOR('',#8543,1.);
#8543 = DIRECTION('',(1.,0.,0.));
#8544 = PCURVE('',#8328,#8545);
#8545 = DEFINITIONAL_REPRESENTATION('',(#8546),#8550);
#8546 = LINE('',#8547,#8548);
#8547 = CARTESIAN_POINT('',(0.85,0.));
#8548 = VECTOR('',#8549,1.);
#8549 = DIRECTION('',(0.,1.));
#8550 = ( GEOMETRIC_REPRESENTATION_CONTEXT(2) 
PARAMETRIC_REPRESENTATION_CONTEXT() REPRESENTATION_CONTEXT('2D SPACE',''
  ) );
#8551 = PCURVE('',#8354,#8552);
#8552 = DEFINITIONAL_REPRESENTATION('',(#8553),#8557);
#8553 = LINE('',#8554,#8555);
#8554 = CARTESIAN_POINT('',(0.,0.9));
#8555 = VECTOR('',#8556,1.);
#8556 = DIRECTION('',(1.,0.));
#8557 = ( GEOMETRIC_REPRESENTATION_CONTEXT(2) 
PARAMETRIC_REPRESENTATION_CONTEXT() REPRESENTATION_CONTEXT('2D SPACE',''
  ) );
#8558 = ORIENTED_EDGE('',*,*,#8422,.F.);
#8559 = ADVANCED_FACE('',(#8560),#8300,.F.);
#8560 = FACE_BOUND('',#8561,.F.);
#8561 = EDGE_LOOP('',(#8562,#8563,#8564,#8565));
#8562 = ORIENTED_EDGE('',*,*,#8284,.F.);
#8563 = ORIENTED_EDGE('',*,*,#8469,.T.);
#8564 = ORIENTED_EDGE('',*,*,#8399,.T.);
#8565 = ORIENTED_EDGE('',*,*,#8516,.F.);
#8566 = ADVANCED_FACE('',(#8567),#8354,.T.);
#8567 = FACE_BOUND('',#8568,.T.);
#8568 = EDGE_LOOP('',(#8569,#8570,#8571,#8572));
#8569 = ORIENTED_EDGE('',*,*,#8340,.F.);
#8570 = ORIENTED_EDGE('',*,*,#8491,.T.);
#8571 = ORIENTED_EDGE('',*,*,#8445,.T.);
#8572 = ORIENTED_EDGE('',*,*,#8538,.F.);
#8573 = MANIFOLD_SOLID_BREP('',#8574);
#8574 = CLOSED_SHELL('',(#8575,#8695,#8795,#8842,#8889,#8896));
#8575 = ADVANCED_FACE('',(#8576),#8590,.F.);
#8576 = FACE_BOUND('',#8577,.F.);
#8577 = EDGE_LOOP('',(#8578,#8613,#8641,#8669));
#8578 = ORIENTED_EDGE('',*,*,#8579,.F.);
#8579 = EDGE_CURVE('',#8580,#8582,#8584,.T.);
#8580 = VERTEX_POINT('',#8581);
#8581 = CARTESIAN_POINT('',(8.8,-4.74,-5.E-03));
#8582 = VERTEX_POINT('',#8583);
#8583 = CARTESIAN_POINT('',(8.8,-4.74,0.845));
#8584 = SURFACE_CURVE('',#8585,(#8589,#8601),.PCURVE_S1.);
#8585 = LINE('',#8586,#8587);
#8586 = CARTESIAN_POINT('',(8.8,-4.74,-5.E-03));
#8587 = VECTOR('',#8588,1.);
#8588 = DIRECTION('',(0.,0.,1.));
#8589 = PCURVE('',#8590,#8595);
#8590 = PLANE('',#8591);
#8591 = AXIS2_PLACEMENT_3D('',#8592,#8593,#8594);
#8592 = CARTESIAN_POINT('',(8.8,-4.74,-5.E-03));
#8593 = DIRECTION('',(1.,0.,0.));
#8594 = DIRECTION('',(0.,0.,1.));
#8595 = DEFINITIONAL_REPRESENTATION('',(#8596),#8600);
#8596 = LINE('',#8597,#8598);
#8597 = CARTESIAN_POINT('',(0.,0.));
#8598 = VECTOR('',#8599,1.);
#8599 = DIRECTION('',(1.,0.));
#8600 = ( GEOMETRIC_REPRESENTATION_CONTEXT(2) 
PARAMETRIC_REPRESENTATION_CONTEXT() REPRESENTATION_CONTEXT('2D SPACE',''
  ) );
#8601 = PCURVE('',#8602,#8607);
#8602 = PLANE('',#8603);
#8603 = AXIS2_PLACEMENT_3D('',#8604,#8605,#8606);
#8604 = CARTESIAN_POINT('',(8.8,-4.74,-5.E-03));
#8605 = DIRECTION('',(0.,1.,0.));
#8606 = DIRECTION('',(0.,0.,1.));
#8607 = DEFINITIONAL_REPRESENTATION('',(#8608),#8612);
#8608 = LINE('',#8609,#8610);
#8609 = CARTESIAN_POINT('',(0.,0.));
#8610 = VECTOR('',#8611,1.);
#8611 = DIRECTION('',(1.,0.));
#8612 = ( GEOMETRIC_REPRESENTATION_CONTEXT(2) 
PARAMETRIC_REPRESENTATION_CONTEXT() REPRESENTATION_CONTEXT('2D SPACE',''
  ) );
#8613 = ORIENTED_EDGE('',*,*,#8614,.T.);
#8614 = EDGE_CURVE('',#8580,#8615,#8617,.T.);
#8615 = VERTEX_POINT('',#8616);
#8616 = CARTESIAN_POINT('',(8.8,-3.84,-5.E-03));
#8617 = SURFACE_CURVE('',#8618,(#8622,#8629),.PCURVE_S1.);
#8618 = LINE('',#8619,#8620);
#8619 = CARTESIAN_POINT('',(8.8,-4.74,-5.E-03));
#8620 = VECTOR('',#8621,1.);
#8621 = DIRECTION('',(0.,1.,0.));
#8622 = PCURVE('',#8590,#8623);
#8623 = DEFINITIONAL_REPRESENTATION('',(#8624),#8628);
#8624 = LINE('',#8625,#8626);
#8625 = CARTESIAN_POINT('',(0.,0.));
#8626 = VECTOR('',#8627,1.);
#8627 = DIRECTION('',(0.,-1.));
#8628 = ( GEOMETRIC_REPRESENTATION_CONTEXT(2) 
PARAMETRIC_REPRESENTATION_CONTEXT() REPRESENTATION_CONTEXT('2D SPACE',''
  ) );
#8629 = PCURVE('',#8630,#8635);
#8630 = PLANE('',#8631);
#8631 = AXIS2_PLACEMENT_3D('',#8632,#8633,#8634);
#8632 = CARTESIAN_POINT('',(8.8,-4.74,-5.E-03));
#8633 = DIRECTION('',(0.,0.,1.));
#8634 = DIRECTION('',(1.,0.,0.));
#8635 = DEFINITIONAL_REPRESENTATION('',(#8636),#8640);
#8636 = LINE('',#8637,#8638);
#8637 = CARTESIAN_POINT('',(0.,0.));
#8638 = VECTOR('',#8639,1.);
#8639 = DIRECTION('',(0.,1.));
#8640 = ( GEOMETRIC_REPRESENTATION_CONTEXT(2) 
PARAMETRIC_REPRESENTATION_CONTEXT() REPRESENTATION_CONTEXT('2D SPACE',''
  ) );
#8641 = ORIENTED_EDGE('',*,*,#8642,.T.);
#8642 = EDGE_CURVE('',#8615,#8643,#8645,.T.);
#8643 = VERTEX_POINT('',#8644);
#8644 = CARTESIAN_POINT('',(8.8,-3.84,0.845));
#8645 = SURFACE_CURVE('',#8646,(#8650,#8657),.PCURVE_S1.);
#8646 = LINE('',#8647,#8648);
#8647 = CARTESIAN_POINT('',(8.8,-3.84,-5.E-03));
#8648 = VECTOR('',#8649,1.);
#8649 = DIRECTION('',(0.,0.,1.));
#8650 = PCURVE('',#8590,#8651);
#8651 = DEFINITIONAL_REPRESENTATION('',(#8652),#8656);
#8652 = LINE('',#8653,#8654);
#8653 = CARTESIAN_POINT('',(0.,-0.9));
#8654 = VECTOR('',#8655,1.);
#8655 = DIRECTION('',(1.,0.));
#8656 = ( GEOMETRIC_REPRESENTATION_CONTEXT(2) 
PARAMETRIC_REPRESENTATION_CONTEXT() REPRESENTATION_CONTEXT('2D SPACE',''
  ) );
#8657 = PCURVE('',#8658,#8663);
#8658 = PLANE('',#8659);
#8659 = AXIS2_PLACEMENT_3D('',#8660,#8661,#8662);
#8660 = CARTESIAN_POINT('',(8.8,-3.84,-5.E-03));
#8661 = DIRECTION('',(0.,1.,0.));
#8662 = DIRECTION('',(0.,0.,1.));
#8663 = DEFINITIONAL_REPRESENTATION('',(#8664),#8668);
#8664 = LINE('',#8665,#8666);
#8665 = CARTESIAN_POINT('',(0.,0.));
#8666 = VECTOR('',#8667,1.);
#8667 = DIRECTION('',(1.,0.));
#8668 = ( GEOMETRIC_REPRESENTATION_CONTEXT(2) 
PARAMETRIC_REPRESENTATION_CONTEXT() REPRESENTATION_CONTEXT('2D SPACE',''
  ) );
#8669 = ORIENTED_EDGE('',*,*,#8670,.F.);
#8670 = EDGE_CURVE('',#8582,#8643,#8671,.T.);
#8671 = SURFACE_CURVE('',#8672,(#8676,#8683),.PCURVE_S1.);
#8672 = LINE('',#8673,#8674);
#8673 = CARTESIAN_POINT('',(8.8,-4.74,0.845));
#8674 = VECTOR('',#8675,1.);
#8675 = DIRECTION('',(0.,1.,0.));
#8676 = PCURVE('',#8590,#8677);
#8677 = DEFINITIONAL_REPRESENTATION('',(#8678),#8682);
#8678 = LINE('',#8679,#8680);
#8679 = CARTESIAN_POINT('',(0.85,0.));
#8680 = VECTOR('',#8681,1.);
#8681 = DIRECTION('',(0.,-1.));
#8682 = ( GEOMETRIC_REPRESENTATION_CONTEXT(2) 
PARAMETRIC_REPRESENTATION_CONTEXT() REPRESENTATION_CONTEXT('2D SPACE',''
  ) );
#8683 = PCURVE('',#8684,#8689);
#8684 = PLANE('',#8685);
#8685 = AXIS2_PLACEMENT_3D('',#8686,#8687,#8688);
#8686 = CARTESIAN_POINT('',(8.8,-4.74,0.845));
#8687 = DIRECTION('',(0.,0.,1.));
#8688 = DIRECTION('',(1.,0.,0.));
#8689 = DEFINITIONAL_REPRESENTATION('',(#8690),#8694);
#8690 = LINE('',#8691,#8692);
#8691 = CARTESIAN_POINT('',(0.,0.));
#8692 = VECTOR('',#8693,1.);
#8693 = DIRECTION('',(0.,1.));
#8694 = ( GEOMETRIC_REPRESENTATION_CONTEXT(2) 
PARAMETRIC_REPRESENTATION_CONTEXT() REPRESENTATION_CONTEXT('2D SPACE',''
  ) );
#8695 = ADVANCED_FACE('',(#8696),#8710,.T.);
#8696 = FACE_BOUND('',#8697,.T.);
#8697 = EDGE_LOOP('',(#8698,#8728,#8751,#8774));
#8698 = ORIENTED_EDGE('',*,*,#8699,.F.);
#8699 = EDGE_CURVE('',#8700,#8702,#8704,.T.);
#8700 = VERTEX_POINT('',#8701);
#8701 = CARTESIAN_POINT('',(9.1,-4.74,-5.E-03));
#8702 = VERTEX_POINT('',#8703);
#8703 = CARTESIAN_POINT('',(9.1,-4.74,0.845));
#8704 = SURFACE_CURVE('',#8705,(#8709,#8721),.PCURVE_S1.);
#8705 = LINE('',#8706,#8707);
#8706 = CARTESIAN_POINT('',(9.1,-4.74,-5.E-03));
#8707 = VECTOR('',#8708,1.);
#8708 = DIRECTION('',(0.,0.,1.));
#8709 = PCURVE('',#8710,#8715);
#8710 = PLANE('',#8711);
#8711 = AXIS2_PLACEMENT_3D('',#8712,#8713,#8714);
#8712 = CARTESIAN_POINT('',(9.1,-4.74,-5.E-03));
#8713 = DIRECTION('',(1.,0.,0.));
#8714 = DIRECTION('',(0.,0.,1.));
#8715 = DEFINITIONAL_REPRESENTATION('',(#8716),#8720);
#8716 = LINE('',#8717,#8718);
#8717 = CARTESIAN_POINT('',(0.,0.));
#8718 = VECTOR('',#8719,1.);
#8719 = DIRECTION('',(1.,0.));
#8720 = ( GEOMETRIC_REPRESENTATION_CONTEXT(2) 
PARAMETRIC_REPRESENTATION_CONTEXT() REPRESENTATION_CONTEXT('2D SPACE',''
  ) );
#8721 = PCURVE('',#8602,#8722);
#8722 = DEFINITIONAL_REPRESENTATION('',(#8723),#8727);
#8723 = LINE('',#8724,#8725);
#8724 = CARTESIAN_POINT('',(0.,0.3));
#8725 = VECTOR('',#8726,1.);
#8726 = DIRECTION('',(1.,0.));
#8727 = ( GEOMETRIC_REPRESENTATION_CONTEXT(2) 
PARAMETRIC_REPRESENTATION_CONTEXT() REPRESENTATION_CONTEXT('2D SPACE',''
  ) );
#8728 = ORIENTED_EDGE('',*,*,#8729,.T.);
#8729 = EDGE_CURVE('',#8700,#8730,#8732,.T.);
#8730 = VERTEX_POINT('',#8731);
#8731 = CARTESIAN_POINT('',(9.1,-3.84,-5.E-03));
#8732 = SURFACE_CURVE('',#8733,(#8737,#8744),.PCURVE_S1.);
#8733 = LINE('',#8734,#8735);
#8734 = CARTESIAN_POINT('',(9.1,-4.74,-5.E-03));
#8735 = VECTOR('',#8736,1.);
#8736 = DIRECTION('',(0.,1.,0.));
#8737 = PCURVE('',#8710,#8738);
#8738 = DEFINITIONAL_REPRESENTATION('',(#8739),#8743);
#8739 = LINE('',#8740,#8741);
#8740 = CARTESIAN_POINT('',(0.,0.));
#8741 = VECTOR('',#8742,1.);
#8742 = DIRECTION('',(0.,-1.));
#8743 = ( GEOMETRIC_REPRESENTATION_CONTEXT(2) 
PARAMETRIC_REPRESENTATION_CONTEXT() REPRESENTATION_CONTEXT('2D SPACE',''
  ) );
#8744 = PCURVE('',#8630,#8745);
#8745 = DEFINITIONAL_REPRESENTATION('',(#8746),#8750);
#8746 = LINE('',#8747,#8748);
#8747 = CARTESIAN_POINT('',(0.3,0.));
#8748 = VECTOR('',#8749,1.);
#8749 = DIRECTION('',(0.,1.));
#8750 = ( GEOMETRIC_REPRESENTATION_CONTEXT(2) 
PARAMETRIC_REPRESENTATION_CONTEXT() REPRESENTATION_CONTEXT('2D SPACE',''
  ) );
#8751 = ORIENTED_EDGE('',*,*,#8752,.T.);
#8752 = EDGE_CURVE('',#8730,#8753,#8755,.T.);
#8753 = VERTEX_POINT('',#8754);
#8754 = CARTESIAN_POINT('',(9.1,-3.84,0.845));
#8755 = SURFACE_CURVE('',#8756,(#8760,#8767),.PCURVE_S1.);
#8756 = LINE('',#8757,#8758);
#8757 = CARTESIAN_POINT('',(9.1,-3.84,-5.E-03));
#8758 = VECTOR('',#8759,1.);
#8759 = DIRECTION('',(0.,0.,1.));
#8760 = PCURVE('',#8710,#8761);
#8761 = DEFINITIONAL_REPRESENTATION('',(#8762),#8766);
#8762 = LINE('',#8763,#8764);
#8763 = CARTESIAN_POINT('',(0.,-0.9));
#8764 = VECTOR('',#8765,1.);
#8765 = DIRECTION('',(1.,0.));
#8766 = ( GEOMETRIC_REPRESENTATION_CONTEXT(2) 
PARAMETRIC_REPRESENTATION_CONTEXT() REPRESENTATION_CONTEXT('2D SPACE',''
  ) );
#8767 = PCURVE('',#8658,#8768);
#8768 = DEFINITIONAL_REPRESENTATION('',(#8769),#8773);
#8769 = LINE('',#8770,#8771);
#8770 = CARTESIAN_POINT('',(0.,0.3));
#8771 = VECTOR('',#8772,1.);
#8772 = DIRECTION('',(1.,0.));
#8773 = ( GEOMETRIC_REPRESENTATION_CONTEXT(2) 
PARAMETRIC_REPRESENTATION_CONTEXT() REPRESENTATION_CONTEXT('2D SPACE',''
  ) );
#8774 = ORIENTED_EDGE('',*,*,#8775,.F.);
#8775 = EDGE_CURVE('',#8702,#8753,#8776,.T.);
#8776 = SURFACE_CURVE('',#8777,(#8781,#8788),.PCURVE_S1.);
#8777 = LINE('',#8778,#8779);
#8778 = CARTESIAN_POINT('',(9.1,-4.74,0.845));
#8779 = VECTOR('',#8780,1.);
#8780 = DIRECTION('',(0.,1.,0.));
#8781 = PCURVE('',#8710,#8782);
#8782 = DEFINITIONAL_REPRESENTATION('',(#8783),#8787);
#8783 = LINE('',#8784,#8785);
#8784 = CARTESIAN_POINT('',(0.85,0.));
#8785 = VECTOR('',#8786,1.);
#8786 = DIRECTION('',(0.,-1.));
#8787 = ( GEOMETRIC_REPRESENTATION_CONTEXT(2) 
PARAMETRIC_REPRESENTATION_CONTEXT() REPRESENTATION_CONTEXT('2D SPACE',''
  ) );
#8788 = PCURVE('',#8684,#8789);
#8789 = DEFINITIONAL_REPRESENTATION('',(#8790),#8794);
#8790 = LINE('',#8791,#8792);
#8791 = CARTESIAN_POINT('',(0.3,0.));
#8792 = VECTOR('',#8793,1.);
#8793 = DIRECTION('',(0.,1.));
#8794 = ( GEOMETRIC_REPRESENTATION_CONTEXT(2) 
PARAMETRIC_REPRESENTATION_CONTEXT() REPRESENTATION_CONTEXT('2D SPACE',''
  ) );
#8795 = ADVANCED_FACE('',(#8796),#8602,.F.);
#8796 = FACE_BOUND('',#8797,.F.);
#8797 = EDGE_LOOP('',(#8798,#8819,#8820,#8841));
#8798 = ORIENTED_EDGE('',*,*,#8799,.F.);
#8799 = EDGE_CURVE('',#8580,#8700,#8800,.T.);
#8800 = SURFACE_CURVE('',#8801,(#8805,#8812),.PCURVE_S1.);
#8801 = LINE('',#8802,#8803);
#8802 = CARTESIAN_POINT('',(8.8,-4.74,-5.E-03));
#8803 = VECTOR('',#8804,1.);
#8804 = DIRECTION('',(1.,0.,0.));
#8805 = PCURVE('',#8602,#8806);
#8806 = DEFINITIONAL_REPRESENTATION('',(#8807),#8811);
#8807 = LINE('',#8808,#8809);
#8808 = CARTESIAN_POINT('',(0.,0.));
#8809 = VECTOR('',#8810,1.);
#8810 = DIRECTION('',(0.,1.));
#8811 = ( GEOMETRIC_REPRESENTATION_CONTEXT(2) 
PARAMETRIC_REPRESENTATION_CONTEXT() REPRESENTATION_CONTEXT('2D SPACE',''
  ) );
#8812 = PCURVE('',#8630,#8813);
#8813 = DEFINITIONAL_REPRESENTATION('',(#8814),#8818);
#8814 = LINE('',#8815,#8816);
#8815 = CARTESIAN_POINT('',(0.,0.));
#8816 = VECTOR('',#8817,1.);
#8817 = DIRECTION('',(1.,0.));
#8818 = ( GEOMETRIC_REPRESENTATION_CONTEXT(2) 
PARAMETRIC_REPRESENTATION_CONTEXT() REPRESENTATION_CONTEXT('2D SPACE',''
  ) );
#8819 = ORIENTED_EDGE('',*,*,#8579,.T.);
#8820 = ORIENTED_EDGE('',*,*,#8821,.T.);
#8821 = EDGE_CURVE('',#8582,#8702,#8822,.T.);
#8822 = SURFACE_CURVE('',#8823,(#8827,#8834),.PCURVE_S1.);
#8823 = LINE('',#8824,#8825);
#8824 = CARTESIAN_POINT('',(8.8,-4.74,0.845));
#8825 = VECTOR('',#8826,1.);
#8826 = DIRECTION('',(1.,0.,0.));
#8827 = PCURVE('',#8602,#8828);
#8828 = DEFINITIONAL_REPRESENTATION('',(#8829),#8833);
#8829 = LINE('',#8830,#8831);
#8830 = CARTESIAN_POINT('',(0.85,0.));
#8831 = VECTOR('',#8832,1.);
#8832 = DIRECTION('',(0.,1.));
#8833 = ( GEOMETRIC_REPRESENTATION_CONTEXT(2) 
PARAMETRIC_REPRESENTATION_CONTEXT() REPRESENTATION_CONTEXT('2D SPACE',''
  ) );
#8834 = PCURVE('',#8684,#8835);
#8835 = DEFINITIONAL_REPRESENTATION('',(#8836),#8840);
#8836 = LINE('',#8837,#8838);
#8837 = CARTESIAN_POINT('',(0.,0.));
#8838 = VECTOR('',#8839,1.);
#8839 = DIRECTION('',(1.,0.));
#8840 = ( GEOMETRIC_REPRESENTATION_CONTEXT(2) 
PARAMETRIC_REPRESENTATION_CONTEXT() REPRESENTATION_CONTEXT('2D SPACE',''
  ) );
#8841 = ORIENTED_EDGE('',*,*,#8699,.F.);
#8842 = ADVANCED_FACE('',(#8843),#8658,.T.);
#8843 = FACE_BOUND('',#8844,.T.);
#8844 = EDGE_LOOP('',(#8845,#8866,#8867,#8888));
#8845 = ORIENTED_EDGE('',*,*,#8846,.F.);
#8846 = EDGE_CURVE('',#8615,#8730,#8847,.T.);
#8847 = SURFACE_CURVE('',#8848,(#8852,#8859),.PCURVE_S1.);
#8848 = LINE('',#8849,#8850);
#8849 = CARTESIAN_POINT('',(8.8,-3.84,-5.E-03));
#8850 = VECTOR('',#8851,1.);
#8851 = DIRECTION('',(1.,0.,0.));
#8852 = PCURVE('',#8658,#8853);
#8853 = DEFINITIONAL_REPRESENTATION('',(#8854),#8858);
#8854 = LINE('',#8855,#8856);
#8855 = CARTESIAN_POINT('',(0.,0.));
#8856 = VECTOR('',#8857,1.);
#8857 = DIRECTION('',(0.,1.));
#8858 = ( GEOMETRIC_REPRESENTATION_CONTEXT(2) 
PARAMETRIC_REPRESENTATION_CONTEXT() REPRESENTATION_CONTEXT('2D SPACE',''
  ) );
#8859 = PCURVE('',#8630,#8860);
#8860 = DEFINITIONAL_REPRESENTATION('',(#8861),#8865);
#8861 = LINE('',#8862,#8863);
#8862 = CARTESIAN_POINT('',(0.,0.9));
#8863 = VECTOR('',#8864,1.);
#8864 = DIRECTION('',(1.,0.));
#8865 = ( GEOMETRIC_REPRESENTATION_CONTEXT(2) 
PARAMETRIC_REPRESENTATION_CONTEXT() REPRESENTATION_CONTEXT('2D SPACE',''
  ) );
#8866 = ORIENTED_EDGE('',*,*,#8642,.T.);
#8867 = ORIENTED_EDGE('',*,*,#8868,.T.);
#8868 = EDGE_CURVE('',#8643,#8753,#8869,.T.);
#8869 = SURFACE_CURVE('',#8870,(#8874,#8881),.PCURVE_S1.);
#8870 = LINE('',#8871,#8872);
#8871 = CARTESIAN_POINT('',(8.8,-3.84,0.845));
#8872 = VECTOR('',#8873,1.);
#8873 = DIRECTION('',(1.,0.,0.));
#8874 = PCURVE('',#8658,#8875);
#8875 = DEFINITIONAL_REPRESENTATION('',(#8876),#8880);
#8876 = LINE('',#8877,#8878);
#8877 = CARTESIAN_POINT('',(0.85,0.));
#8878 = VECTOR('',#8879,1.);
#8879 = DIRECTION('',(0.,1.));
#8880 = ( GEOMETRIC_REPRESENTATION_CONTEXT(2) 
PARAMETRIC_REPRESENTATION_CONTEXT() REPRESENTATION_CONTEXT('2D SPACE',''
  ) );
#8881 = PCURVE('',#8684,#8882);
#8882 = DEFINITIONAL_REPRESENTATION('',(#8883),#8887);
#8883 = LINE('',#8884,#8885);
#8884 = CARTESIAN_POINT('',(0.,0.9));
#8885 = VECTOR('',#8886,1.);
#8886 = DIRECTION('',(1.,0.));
#8887 = ( GEOMETRIC_REPRESENTATION_CONTEXT(2) 
PARAMETRIC_REPRESENTATION_CONTEXT() REPRESENTATION_CONTEXT('2D SPACE',''
  ) );
#8888 = ORIENTED_EDGE('',*,*,#8752,.F.);
#8889 = ADVANCED_FACE('',(#8890),#8630,.F.);
#8890 = FACE_BOUND('',#8891,.F.);
#8891 = EDGE_LOOP('',(#8892,#8893,#8894,#8895));
#8892 = ORIENTED_EDGE('',*,*,#8614,.F.);
#8893 = ORIENTED_EDGE('',*,*,#8799,.T.);
#8894 = ORIENTED_EDGE('',*,*,#8729,.T.);
#8895 = ORIENTED_EDGE('',*,*,#8846,.F.);
#8896 = ADVANCED_FACE('',(#8897),#8684,.T.);
#8897 = FACE_BOUND('',#8898,.T.);
#8898 = EDGE_LOOP('',(#8899,#8900,#8901,#8902));
#8899 = ORIENTED_EDGE('',*,*,#8670,.F.);
#8900 = ORIENTED_EDGE('',*,*,#8821,.T.);
#8901 = ORIENTED_EDGE('',*,*,#8775,.T.);
#8902 = ORIENTED_EDGE('',*,*,#8868,.F.);
#8903 = MANIFOLD_SOLID_BREP('',#8904);
#8904 = CLOSED_SHELL('',(#8905,#9025,#9125,#9172,#9219,#9226));
#8905 = ADVANCED_FACE('',(#8906),#8920,.F.);
#8906 = FACE_BOUND('',#8907,.F.);
#8907 = EDGE_LOOP('',(#8908,#8943,#8971,#8999));
#8908 = ORIENTED_EDGE('',*,*,#8909,.F.);
#8909 = EDGE_CURVE('',#8910,#8912,#8914,.T.);
#8910 = VERTEX_POINT('',#8911);
#8911 = CARTESIAN_POINT('',(-9.1,-6.01,-5.E-03));
#8912 = VERTEX_POINT('',#8913);
#8913 = CARTESIAN_POINT('',(-9.1,-6.01,0.845));
#8914 = SURFACE_CURVE('',#8915,(#8919,#8931),.PCURVE_S1.);
#8915 = LINE('',#8916,#8917);
#8916 = CARTESIAN_POINT('',(-9.1,-6.01,-5.E-03));
#8917 = VECTOR('',#8918,1.);
#8918 = DIRECTION('',(0.,0.,1.));
#8919 = PCURVE('',#8920,#8925);
#8920 = PLANE('',#8921);
#8921 = AXIS2_PLACEMENT_3D('',#8922,#8923,#8924);
#8922 = CARTESIAN_POINT('',(-9.1,-6.01,-5.E-03));
#8923 = DIRECTION('',(1.,0.,0.));
#8924 = DIRECTION('',(0.,0.,1.));
#8925 = DEFINITIONAL_REPRESENTATION('',(#8926),#8930);
#8926 = LINE('',#8927,#8928);
#8927 = CARTESIAN_POINT('',(0.,0.));
#8928 = VECTOR('',#8929,1.);
#8929 = DIRECTION('',(1.,0.));
#8930 = ( GEOMETRIC_REPRESENTATION_CONTEXT(2) 
PARAMETRIC_REPRESENTATION_CONTEXT() REPRESENTATION_CONTEXT('2D SPACE',''
  ) );
#8931 = PCURVE('',#8932,#8937);
#8932 = PLANE('',#8933);
#8933 = AXIS2_PLACEMENT_3D('',#8934,#8935,#8936);
#8934 = CARTESIAN_POINT('',(-9.1,-6.01,-5.E-03));
#8935 = DIRECTION('',(0.,1.,0.));
#8936 = DIRECTION('',(0.,0.,1.));
#8937 = DEFINITIONAL_REPRESENTATION('',(#8938),#8942);
#8938 = LINE('',#8939,#8940);
#8939 = CARTESIAN_POINT('',(0.,0.));
#8940 = VECTOR('',#8941,1.);
#8941 = DIRECTION('',(1.,0.));
#8942 = ( GEOMETRIC_REPRESENTATION_CONTEXT(2) 
PARAMETRIC_REPRESENTATION_CONTEXT() REPRESENTATION_CONTEXT('2D SPACE',''
  ) );
#8943 = ORIENTED_EDGE('',*,*,#8944,.T.);
#8944 = EDGE_CURVE('',#8910,#8945,#8947,.T.);
#8945 = VERTEX_POINT('',#8946);
#8946 = CARTESIAN_POINT('',(-9.1,-5.11,-5.E-03));
#8947 = SURFACE_CURVE('',#8948,(#8952,#8959),.PCURVE_S1.);
#8948 = LINE('',#8949,#8950);
#8949 = CARTESIAN_POINT('',(-9.1,-6.01,-5.E-03));
#8950 = VECTOR('',#8951,1.);
#8951 = DIRECTION('',(0.,1.,0.));
#8952 = PCURVE('',#8920,#8953);
#8953 = DEFINITIONAL_REPRESENTATION('',(#8954),#8958);
#8954 = LINE('',#8955,#8956);
#8955 = CARTESIAN_POINT('',(0.,0.));
#8956 = VECTOR('',#8957,1.);
#8957 = DIRECTION('',(0.,-1.));
#8958 = ( GEOMETRIC_REPRESENTATION_CONTEXT(2) 
PARAMETRIC_REPRESENTATION_CONTEXT() REPRESENTATION_CONTEXT('2D SPACE',''
  ) );
#8959 = PCURVE('',#8960,#8965);
#8960 = PLANE('',#8961);
#8961 = AXIS2_PLACEMENT_3D('',#8962,#8963,#8964);
#8962 = CARTESIAN_POINT('',(-9.1,-6.01,-5.E-03));
#8963 = DIRECTION('',(0.,0.,1.));
#8964 = DIRECTION('',(1.,0.,0.));
#8965 = DEFINITIONAL_REPRESENTATION('',(#8966),#8970);
#8966 = LINE('',#8967,#8968);
#8967 = CARTESIAN_POINT('',(0.,0.));
#8968 = VECTOR('',#8969,1.);
#8969 = DIRECTION('',(0.,1.));
#8970 = ( GEOMETRIC_REPRESENTATION_CONTEXT(2) 
PARAMETRIC_REPRESENTATION_CONTEXT() REPRESENTATION_CONTEXT('2D SPACE',''
  ) );
#8971 = ORIENTED_EDGE('',*,*,#8972,.T.);
#8972 = EDGE_CURVE('',#8945,#8973,#8975,.T.);
#8973 = VERTEX_POINT('',#8974);
#8974 = CARTESIAN_POINT('',(-9.1,-5.11,0.845));
#8975 = SURFACE_CURVE('',#8976,(#8980,#8987),.PCURVE_S1.);
#8976 = LINE('',#8977,#8978);
#8977 = CARTESIAN_POINT('',(-9.1,-5.11,-5.E-03));
#8978 = VECTOR('',#8979,1.);
#8979 = DIRECTION('',(0.,0.,1.));
#8980 = PCURVE('',#8920,#8981);
#8981 = DEFINITIONAL_REPRESENTATION('',(#8982),#8986);
#8982 = LINE('',#8983,#8984);
#8983 = CARTESIAN_POINT('',(0.,-0.9));
#8984 = VECTOR('',#8985,1.);
#8985 = DIRECTION('',(1.,0.));
#8986 = ( GEOMETRIC_REPRESENTATION_CONTEXT(2) 
PARAMETRIC_REPRESENTATION_CONTEXT() REPRESENTATION_CONTEXT('2D SPACE',''
  ) );
#8987 = PCURVE('',#8988,#8993);
#8988 = PLANE('',#8989);
#8989 = AXIS2_PLACEMENT_3D('',#8990,#8991,#8992);
#8990 = CARTESIAN_POINT('',(-9.1,-5.11,-5.E-03));
#8991 = DIRECTION('',(0.,1.,0.));
#8992 = DIRECTION('',(0.,0.,1.));
#8993 = DEFINITIONAL_REPRESENTATION('',(#8994),#8998);
#8994 = LINE('',#8995,#8996);
#8995 = CARTESIAN_POINT('',(0.,0.));
#8996 = VECTOR('',#8997,1.);
#8997 = DIRECTION('',(1.,0.));
#8998 = ( GEOMETRIC_REPRESENTATION_CONTEXT(2) 
PARAMETRIC_REPRESENTATION_CONTEXT() REPRESENTATION_CONTEXT('2D SPACE',''
  ) );
#8999 = ORIENTED_EDGE('',*,*,#9000,.F.);
#9000 = EDGE_CURVE('',#8912,#8973,#9001,.T.);
#9001 = SURFACE_CURVE('',#9002,(#9006,#9013),.PCURVE_S1.);
#9002 = LINE('',#9003,#9004);
#9003 = CARTESIAN_POINT('',(-9.1,-6.01,0.845));
#9004 = VECTOR('',#9005,1.);
#9005 = DIRECTION('',(0.,1.,0.));
#9006 = PCURVE('',#8920,#9007);
#9007 = DEFINITIONAL_REPRESENTATION('',(#9008),#9012);
#9008 = LINE('',#9009,#9010);
#9009 = CARTESIAN_POINT('',(0.85,0.));
#9010 = VECTOR('',#9011,1.);
#9011 = DIRECTION('',(0.,-1.));
#9012 = ( GEOMETRIC_REPRESENTATION_CONTEXT(2) 
PARAMETRIC_REPRESENTATION_CONTEXT() REPRESENTATION_CONTEXT('2D SPACE',''
  ) );
#9013 = PCURVE('',#9014,#9019);
#9014 = PLANE('',#9015);
#9015 = AXIS2_PLACEMENT_3D('',#9016,#9017,#9018);
#9016 = CARTESIAN_POINT('',(-9.1,-6.01,0.845));
#9017 = DIRECTION('',(0.,0.,1.));
#9018 = DIRECTION('',(1.,0.,0.));
#9019 = DEFINITIONAL_REPRESENTATION('',(#9020),#9024);
#9020 = LINE('',#9021,#9022);
#9021 = CARTESIAN_POINT('',(0.,0.));
#9022 = VECTOR('',#9023,1.);
#9023 = DIRECTION('',(0.,1.));
#9024 = ( GEOMETRIC_REPRESENTATION_CONTEXT(2) 
PARAMETRIC_REPRESENTATION_CONTEXT() REPRESENTATION_CONTEXT('2D SPACE',''
  ) );
#9025 = ADVANCED_FACE('',(#9026),#9040,.T.);
#9026 = FACE_BOUND('',#9027,.T.);
#9027 = EDGE_LOOP('',(#9028,#9058,#9081,#9104));
#9028 = ORIENTED_EDGE('',*,*,#9029,.F.);
#9029 = EDGE_CURVE('',#9030,#9032,#9034,.T.);
#9030 = VERTEX_POINT('',#9031);
#9031 = CARTESIAN_POINT('',(-8.8,-6.01,-5.E-03));
#9032 = VERTEX_POINT('',#9033);
#9033 = CARTESIAN_POINT('',(-8.8,-6.01,0.845));
#9034 = SURFACE_CURVE('',#9035,(#9039,#9051),.PCURVE_S1.);
#9035 = LINE('',#9036,#9037);
#9036 = CARTESIAN_POINT('',(-8.8,-6.01,-5.E-03));
#9037 = VECTOR('',#9038,1.);
#9038 = DIRECTION('',(0.,0.,1.));
#9039 = PCURVE('',#9040,#9045);
#9040 = PLANE('',#9041);
#9041 = AXIS2_PLACEMENT_3D('',#9042,#9043,#9044);
#9042 = CARTESIAN_POINT('',(-8.8,-6.01,-5.E-03));
#9043 = DIRECTION('',(1.,0.,0.));
#9044 = DIRECTION('',(0.,0.,1.));
#9045 = DEFINITIONAL_REPRESENTATION('',(#9046),#9050);
#9046 = LINE('',#9047,#9048);
#9047 = CARTESIAN_POINT('',(0.,0.));
#9048 = VECTOR('',#9049,1.);
#9049 = DIRECTION('',(1.,0.));
#9050 = ( GEOMETRIC_REPRESENTATION_CONTEXT(2) 
PARAMETRIC_REPRESENTATION_CONTEXT() REPRESENTATION_CONTEXT('2D SPACE',''
  ) );
#9051 = PCURVE('',#8932,#9052);
#9052 = DEFINITIONAL_REPRESENTATION('',(#9053),#9057);
#9053 = LINE('',#9054,#9055);
#9054 = CARTESIAN_POINT('',(0.,0.3));
#9055 = VECTOR('',#9056,1.);
#9056 = DIRECTION('',(1.,0.));
#9057 = ( GEOMETRIC_REPRESENTATION_CONTEXT(2) 
PARAMETRIC_REPRESENTATION_CONTEXT() REPRESENTATION_CONTEXT('2D SPACE',''
  ) );
#9058 = ORIENTED_EDGE('',*,*,#9059,.T.);
#9059 = EDGE_CURVE('',#9030,#9060,#9062,.T.);
#9060 = VERTEX_POINT('',#9061);
#9061 = CARTESIAN_POINT('',(-8.8,-5.11,-5.E-03));
#9062 = SURFACE_CURVE('',#9063,(#9067,#9074),.PCURVE_S1.);
#9063 = LINE('',#9064,#9065);
#9064 = CARTESIAN_POINT('',(-8.8,-6.01,-5.E-03));
#9065 = VECTOR('',#9066,1.);
#9066 = DIRECTION('',(0.,1.,0.));
#9067 = PCURVE('',#9040,#9068);
#9068 = DEFINITIONAL_REPRESENTATION('',(#9069),#9073);
#9069 = LINE('',#9070,#9071);
#9070 = CARTESIAN_POINT('',(0.,0.));
#9071 = VECTOR('',#9072,1.);
#9072 = DIRECTION('',(0.,-1.));
#9073 = ( GEOMETRIC_REPRESENTATION_CONTEXT(2) 
PARAMETRIC_REPRESENTATION_CONTEXT() REPRESENTATION_CONTEXT('2D SPACE',''
  ) );
#9074 = PCURVE('',#8960,#9075);
#9075 = DEFINITIONAL_REPRESENTATION('',(#9076),#9080);
#9076 = LINE('',#9077,#9078);
#9077 = CARTESIAN_POINT('',(0.3,0.));
#9078 = VECTOR('',#9079,1.);
#9079 = DIRECTION('',(0.,1.));
#9080 = ( GEOMETRIC_REPRESENTATION_CONTEXT(2) 
PARAMETRIC_REPRESENTATION_CONTEXT() REPRESENTATION_CONTEXT('2D SPACE',''
  ) );
#9081 = ORIENTED_EDGE('',*,*,#9082,.T.);
#9082 = EDGE_CURVE('',#9060,#9083,#9085,.T.);
#9083 = VERTEX_POINT('',#9084);
#9084 = CARTESIAN_POINT('',(-8.8,-5.11,0.845));
#9085 = SURFACE_CURVE('',#9086,(#9090,#9097),.PCURVE_S1.);
#9086 = LINE('',#9087,#9088);
#9087 = CARTESIAN_POINT('',(-8.8,-5.11,-5.E-03));
#9088 = VECTOR('',#9089,1.);
#9089 = DIRECTION('',(0.,0.,1.));
#9090 = PCURVE('',#9040,#9091);
#9091 = DEFINITIONAL_REPRESENTATION('',(#9092),#9096);
#9092 = LINE('',#9093,#9094);
#9093 = CARTESIAN_POINT('',(0.,-0.9));
#9094 = VECTOR('',#9095,1.);
#9095 = DIRECTION('',(1.,0.));
#9096 = ( GEOMETRIC_REPRESENTATION_CONTEXT(2) 
PARAMETRIC_REPRESENTATION_CONTEXT() REPRESENTATION_CONTEXT('2D SPACE',''
  ) );
#9097 = PCURVE('',#8988,#9098);
#9098 = DEFINITIONAL_REPRESENTATION('',(#9099),#9103);
#9099 = LINE('',#9100,#9101);
#9100 = CARTESIAN_POINT('',(0.,0.3));
#9101 = VECTOR('',#9102,1.);
#9102 = DIRECTION('',(1.,0.));
#9103 = ( GEOMETRIC_REPRESENTATION_CONTEXT(2) 
PARAMETRIC_REPRESENTATION_CONTEXT() REPRESENTATION_CONTEXT('2D SPACE',''
  ) );
#9104 = ORIENTED_EDGE('',*,*,#9105,.F.);
#9105 = EDGE_CURVE('',#9032,#9083,#9106,.T.);
#9106 = SURFACE_CURVE('',#9107,(#9111,#9118),.PCURVE_S1.);
#9107 = LINE('',#9108,#9109);
#9108 = CARTESIAN_POINT('',(-8.8,-6.01,0.845));
#9109 = VECTOR('',#9110,1.);
#9110 = DIRECTION('',(0.,1.,0.));
#9111 = PCURVE('',#9040,#9112);
#9112 = DEFINITIONAL_REPRESENTATION('',(#9113),#9117);
#9113 = LINE('',#9114,#9115);
#9114 = CARTESIAN_POINT('',(0.85,0.));
#9115 = VECTOR('',#9116,1.);
#9116 = DIRECTION('',(0.,-1.));
#9117 = ( GEOMETRIC_REPRESENTATION_CONTEXT(2) 
PARAMETRIC_REPRESENTATION_CONTEXT() REPRESENTATION_CONTEXT('2D SPACE',''
  ) );
#9118 = PCURVE('',#9014,#9119);
#9119 = DEFINITIONAL_REPRESENTATION('',(#9120),#9124);
#9120 = LINE('',#9121,#9122);
#9121 = CARTESIAN_POINT('',(0.3,0.));
#9122 = VECTOR('',#9123,1.);
#9123 = DIRECTION('',(0.,1.));
#9124 = ( GEOMETRIC_REPRESENTATION_CONTEXT(2) 
PARAMETRIC_REPRESENTATION_CONTEXT() REPRESENTATION_CONTEXT('2D SPACE',''
  ) );
#9125 = ADVANCED_FACE('',(#9126),#8932,.F.);
#9126 = FACE_BOUND('',#9127,.F.);
#9127 = EDGE_LOOP('',(#9128,#9149,#9150,#9171));
#9128 = ORIENTED_EDGE('',*,*,#9129,.F.);
#9129 = EDGE_CURVE('',#8910,#9030,#9130,.T.);
#9130 = SURFACE_CURVE('',#9131,(#9135,#9142),.PCURVE_S1.);
#9131 = LINE('',#9132,#9133);
#9132 = CARTESIAN_POINT('',(-9.1,-6.01,-5.E-03));
#9133 = VECTOR('',#9134,1.);
#9134 = DIRECTION('',(1.,0.,0.));
#9135 = PCURVE('',#8932,#9136);
#9136 = DEFINITIONAL_REPRESENTATION('',(#9137),#9141);
#9137 = LINE('',#9138,#9139);
#9138 = CARTESIAN_POINT('',(0.,0.));
#9139 = VECTOR('',#9140,1.);
#9140 = DIRECTION('',(0.,1.));
#9141 = ( GEOMETRIC_REPRESENTATION_CONTEXT(2) 
PARAMETRIC_REPRESENTATION_CONTEXT() REPRESENTATION_CONTEXT('2D SPACE',''
  ) );
#9142 = PCURVE('',#8960,#9143);
#9143 = DEFINITIONAL_REPRESENTATION('',(#9144),#9148);
#9144 = LINE('',#9145,#9146);
#9145 = CARTESIAN_POINT('',(0.,0.));
#9146 = VECTOR('',#9147,1.);
#9147 = DIRECTION('',(1.,0.));
#9148 = ( GEOMETRIC_REPRESENTATION_CONTEXT(2) 
PARAMETRIC_REPRESENTATION_CONTEXT() REPRESENTATION_CONTEXT('2D SPACE',''
  ) );
#9149 = ORIENTED_EDGE('',*,*,#8909,.T.);
#9150 = ORIENTED_EDGE('',*,*,#9151,.T.);
#9151 = EDGE_CURVE('',#8912,#9032,#9152,.T.);
#9152 = SURFACE_CURVE('',#9153,(#9157,#9164),.PCURVE_S1.);
#9153 = LINE('',#9154,#9155);
#9154 = CARTESIAN_POINT('',(-9.1,-6.01,0.845));
#9155 = VECTOR('',#9156,1.);
#9156 = DIRECTION('',(1.,0.,0.));
#9157 = PCURVE('',#8932,#9158);
#9158 = DEFINITIONAL_REPRESENTATION('',(#9159),#9163);
#9159 = LINE('',#9160,#9161);
#9160 = CARTESIAN_POINT('',(0.85,0.));
#9161 = VECTOR('',#9162,1.);
#9162 = DIRECTION('',(0.,1.));
#9163 = ( GEOMETRIC_REPRESENTATION_CONTEXT(2) 
PARAMETRIC_REPRESENTATION_CONTEXT() REPRESENTATION_CONTEXT('2D SPACE',''
  ) );
#9164 = PCURVE('',#9014,#9165);
#9165 = DEFINITIONAL_REPRESENTATION('',(#9166),#9170);
#9166 = LINE('',#9167,#9168);
#9167 = CARTESIAN_POINT('',(0.,0.));
#9168 = VECTOR('',#9169,1.);
#9169 = DIRECTION('',(1.,0.));
#9170 = ( GEOMETRIC_REPRESENTATION_CONTEXT(2) 
PARAMETRIC_REPRESENTATION_CONTEXT() REPRESENTATION_CONTEXT('2D SPACE',''
  ) );
#9171 = ORIENTED_EDGE('',*,*,#9029,.F.);
#9172 = ADVANCED_FACE('',(#9173),#8988,.T.);
#9173 = FACE_BOUND('',#9174,.T.);
#9174 = EDGE_LOOP('',(#9175,#9196,#9197,#9218));
#9175 = ORIENTED_EDGE('',*,*,#9176,.F.);
#9176 = EDGE_CURVE('',#8945,#9060,#9177,.T.);
#9177 = SURFACE_CURVE('',#9178,(#9182,#9189),.PCURVE_S1.);
#9178 = LINE('',#9179,#9180);
#9179 = CARTESIAN_POINT('',(-9.1,-5.11,-5.E-03));
#9180 = VECTOR('',#9181,1.);
#9181 = DIRECTION('',(1.,0.,0.));
#9182 = PCURVE('',#8988,#9183);
#9183 = DEFINITIONAL_REPRESENTATION('',(#9184),#9188);
#9184 = LINE('',#9185,#9186);
#9185 = CARTESIAN_POINT('',(0.,0.));
#9186 = VECTOR('',#9187,1.);
#9187 = DIRECTION('',(0.,1.));
#9188 = ( GEOMETRIC_REPRESENTATION_CONTEXT(2) 
PARAMETRIC_REPRESENTATION_CONTEXT() REPRESENTATION_CONTEXT('2D SPACE',''
  ) );
#9189 = PCURVE('',#8960,#9190);
#9190 = DEFINITIONAL_REPRESENTATION('',(#9191),#9195);
#9191 = LINE('',#9192,#9193);
#9192 = CARTESIAN_POINT('',(0.,0.9));
#9193 = VECTOR('',#9194,1.);
#9194 = DIRECTION('',(1.,0.));
#9195 = ( GEOMETRIC_REPRESENTATION_CONTEXT(2) 
PARAMETRIC_REPRESENTATION_CONTEXT() REPRESENTATION_CONTEXT('2D SPACE',''
  ) );
#9196 = ORIENTED_EDGE('',*,*,#8972,.T.);
#9197 = ORIENTED_EDGE('',*,*,#9198,.T.);
#9198 = EDGE_CURVE('',#8973,#9083,#9199,.T.);
#9199 = SURFACE_CURVE('',#9200,(#9204,#9211),.PCURVE_S1.);
#9200 = LINE('',#9201,#9202);
#9201 = CARTESIAN_POINT('',(-9.1,-5.11,0.845));
#9202 = VECTOR('',#9203,1.);
#9203 = DIRECTION('',(1.,0.,0.));
#9204 = PCURVE('',#8988,#9205);
#9205 = DEFINITIONAL_REPRESENTATION('',(#9206),#9210);
#9206 = LINE('',#9207,#9208);
#9207 = CARTESIAN_POINT('',(0.85,0.));
#9208 = VECTOR('',#9209,1.);
#9209 = DIRECTION('',(0.,1.));
#9210 = ( GEOMETRIC_REPRESENTATION_CONTEXT(2) 
PARAMETRIC_REPRESENTATION_CONTEXT() REPRESENTATION_CONTEXT('2D SPACE',''
  ) );
#9211 = PCURVE('',#9014,#9212);
#9212 = DEFINITIONAL_REPRESENTATION('',(#9213),#9217);
#9213 = LINE('',#9214,#9215);
#9214 = CARTESIAN_POINT('',(0.,0.9));
#9215 = VECTOR('',#9216,1.);
#9216 = DIRECTION('',(1.,0.));
#9217 = ( GEOMETRIC_REPRESENTATION_CONTEXT(2) 
PARAMETRIC_REPRESENTATION_CONTEXT() REPRESENTATION_CONTEXT('2D SPACE',''
  ) );
#9218 = ORIENTED_EDGE('',*,*,#9082,.F.);
#9219 = ADVANCED_FACE('',(#9220),#8960,.F.);
#9220 = FACE_BOUND('',#9221,.F.);
#9221 = EDGE_LOOP('',(#9222,#9223,#9224,#9225));
#9222 = ORIENTED_EDGE('',*,*,#8944,.F.);
#9223 = ORIENTED_EDGE('',*,*,#9129,.T.);
#9224 = ORIENTED_EDGE('',*,*,#9059,.T.);
#9225 = ORIENTED_EDGE('',*,*,#9176,.F.);
#9226 = ADVANCED_FACE('',(#9227),#9014,.T.);
#9227 = FACE_BOUND('',#9228,.T.);
#9228 = EDGE_LOOP('',(#9229,#9230,#9231,#9232));
#9229 = ORIENTED_EDGE('',*,*,#9000,.F.);
#9230 = ORIENTED_EDGE('',*,*,#9151,.T.);
#9231 = ORIENTED_EDGE('',*,*,#9105,.T.);
#9232 = ORIENTED_EDGE('',*,*,#9198,.F.);
#9233 = MANIFOLD_SOLID_BREP('',#9234);
#9234 = CLOSED_SHELL('',(#9235,#9355,#9455,#9502,#9549,#9556));
#9235 = ADVANCED_FACE('',(#9236),#9250,.F.);
#9236 = FACE_BOUND('',#9237,.F.);
#9237 = EDGE_LOOP('',(#9238,#9273,#9301,#9329));
#9238 = ORIENTED_EDGE('',*,*,#9239,.F.);
#9239 = EDGE_CURVE('',#9240,#9242,#9244,.T.);
#9240 = VERTEX_POINT('',#9241);
#9241 = CARTESIAN_POINT('',(8.8,-6.01,-5.E-03));
#9242 = VERTEX_POINT('',#9243);
#9243 = CARTESIAN_POINT('',(8.8,-6.01,0.845));
#9244 = SURFACE_CURVE('',#9245,(#9249,#9261),.PCURVE_S1.);
#9245 = LINE('',#9246,#9247);
#9246 = CARTESIAN_POINT('',(8.8,-6.01,-5.E-03));
#9247 = VECTOR('',#9248,1.);
#9248 = DIRECTION('',(0.,0.,1.));
#9249 = PCURVE('',#9250,#9255);
#9250 = PLANE('',#9251);
#9251 = AXIS2_PLACEMENT_3D('',#9252,#9253,#9254);
#9252 = CARTESIAN_POINT('',(8.8,-6.01,-5.E-03));
#9253 = DIRECTION('',(1.,0.,0.));
#9254 = DIRECTION('',(0.,0.,1.));
#9255 = DEFINITIONAL_REPRESENTATION('',(#9256),#9260);
#9256 = LINE('',#9257,#9258);
#9257 = CARTESIAN_POINT('',(0.,0.));
#9258 = VECTOR('',#9259,1.);
#9259 = DIRECTION('',(1.,0.));
#9260 = ( GEOMETRIC_REPRESENTATION_CONTEXT(2) 
PARAMETRIC_REPRESENTATION_CONTEXT() REPRESENTATION_CONTEXT('2D SPACE',''
  ) );
#9261 = PCURVE('',#9262,#9267);
#9262 = PLANE('',#9263);
#9263 = AXIS2_PLACEMENT_3D('',#9264,#9265,#9266);
#9264 = CARTESIAN_POINT('',(8.8,-6.01,-5.E-03));
#9265 = DIRECTION('',(0.,1.,0.));
#9266 = DIRECTION('',(0.,0.,1.));
#9267 = DEFINITIONAL_REPRESENTATION('',(#9268),#9272);
#9268 = LINE('',#9269,#9270);
#9269 = CARTESIAN_POINT('',(0.,0.));
#9270 = VECTOR('',#9271,1.);
#9271 = DIRECTION('',(1.,0.));
#9272 = ( GEOMETRIC_REPRESENTATION_CONTEXT(2) 
PARAMETRIC_REPRESENTATION_CONTEXT() REPRESENTATION_CONTEXT('2D SPACE',''
  ) );
#9273 = ORIENTED_EDGE('',*,*,#9274,.T.);
#9274 = EDGE_CURVE('',#9240,#9275,#9277,.T.);
#9275 = VERTEX_POINT('',#9276);
#9276 = CARTESIAN_POINT('',(8.8,-5.11,-5.E-03));
#9277 = SURFACE_CURVE('',#9278,(#9282,#9289),.PCURVE_S1.);
#9278 = LINE('',#9279,#9280);
#9279 = CARTESIAN_POINT('',(8.8,-6.01,-5.E-03));
#9280 = VECTOR('',#9281,1.);
#9281 = DIRECTION('',(0.,1.,0.));
#9282 = PCURVE('',#9250,#9283);
#9283 = DEFINITIONAL_REPRESENTATION('',(#9284),#9288);
#9284 = LINE('',#9285,#9286);
#9285 = CARTESIAN_POINT('',(0.,0.));
#9286 = VECTOR('',#9287,1.);
#9287 = DIRECTION('',(0.,-1.));
#9288 = ( GEOMETRIC_REPRESENTATION_CONTEXT(2) 
PARAMETRIC_REPRESENTATION_CONTEXT() REPRESENTATION_CONTEXT('2D SPACE',''
  ) );
#9289 = PCURVE('',#9290,#9295);
#9290 = PLANE('',#9291);
#9291 = AXIS2_PLACEMENT_3D('',#9292,#9293,#9294);
#9292 = CARTESIAN_POINT('',(8.8,-6.01,-5.E-03));
#9293 = DIRECTION('',(0.,0.,1.));
#9294 = DIRECTION('',(1.,0.,0.));
#9295 = DEFINITIONAL_REPRESENTATION('',(#9296),#9300);
#9296 = LINE('',#9297,#9298);
#9297 = CARTESIAN_POINT('',(0.,0.));
#9298 = VECTOR('',#9299,1.);
#9299 = DIRECTION('',(0.,1.));
#9300 = ( GEOMETRIC_REPRESENTATION_CONTEXT(2) 
PARAMETRIC_REPRESENTATION_CONTEXT() REPRESENTATION_CONTEXT('2D SPACE',''
  ) );
#9301 = ORIENTED_EDGE('',*,*,#9302,.T.);
#9302 = EDGE_CURVE('',#9275,#9303,#9305,.T.);
#9303 = VERTEX_POINT('',#9304);
#9304 = CARTESIAN_POINT('',(8.8,-5.11,0.845));
#9305 = SURFACE_CURVE('',#9306,(#9310,#9317),.PCURVE_S1.);
#9306 = LINE('',#9307,#9308);
#9307 = CARTESIAN_POINT('',(8.8,-5.11,-5.E-03));
#9308 = VECTOR('',#9309,1.);
#9309 = DIRECTION('',(0.,0.,1.));
#9310 = PCURVE('',#9250,#9311);
#9311 = DEFINITIONAL_REPRESENTATION('',(#9312),#9316);
#9312 = LINE('',#9313,#9314);
#9313 = CARTESIAN_POINT('',(0.,-0.9));
#9314 = VECTOR('',#9315,1.);
#9315 = DIRECTION('',(1.,0.));
#9316 = ( GEOMETRIC_REPRESENTATION_CONTEXT(2) 
PARAMETRIC_REPRESENTATION_CONTEXT() REPRESENTATION_CONTEXT('2D SPACE',''
  ) );
#9317 = PCURVE('',#9318,#9323);
#9318 = PLANE('',#9319);
#9319 = AXIS2_PLACEMENT_3D('',#9320,#9321,#9322);
#9320 = CARTESIAN_POINT('',(8.8,-5.11,-5.E-03));
#9321 = DIRECTION('',(0.,1.,0.));
#9322 = DIRECTION('',(0.,0.,1.));
#9323 = DEFINITIONAL_REPRESENTATION('',(#9324),#9328);
#9324 = LINE('',#9325,#9326);
#9325 = CARTESIAN_POINT('',(0.,0.));
#9326 = VECTOR('',#9327,1.);
#9327 = DIRECTION('',(1.,0.));
#9328 = ( GEOMETRIC_REPRESENTATION_CONTEXT(2) 
PARAMETRIC_REPRESENTATION_CONTEXT() REPRESENTATION_CONTEXT('2D SPACE',''
  ) );
#9329 = ORIENTED_EDGE('',*,*,#9330,.F.);
#9330 = EDGE_CURVE('',#9242,#9303,#9331,.T.);
#9331 = SURFACE_CURVE('',#9332,(#9336,#9343),.PCURVE_S1.);
#9332 = LINE('',#9333,#9334);
#9333 = CARTESIAN_POINT('',(8.8,-6.01,0.845));
#9334 = VECTOR('',#9335,1.);
#9335 = DIRECTION('',(0.,1.,0.));
#9336 = PCURVE('',#9250,#9337);
#9337 = DEFINITIONAL_REPRESENTATION('',(#9338),#9342);
#9338 = LINE('',#9339,#9340);
#9339 = CARTESIAN_POINT('',(0.85,0.));
#9340 = VECTOR('',#9341,1.);
#9341 = DIRECTION('',(0.,-1.));
#9342 = ( GEOMETRIC_REPRESENTATION_CONTEXT(2) 
PARAMETRIC_REPRESENTATION_CONTEXT() REPRESENTATION_CONTEXT('2D SPACE',''
  ) );
#9343 = PCURVE('',#9344,#9349);
#9344 = PLANE('',#9345);
#9345 = AXIS2_PLACEMENT_3D('',#9346,#9347,#9348);
#9346 = CARTESIAN_POINT('',(8.8,-6.01,0.845));
#9347 = DIRECTION('',(0.,0.,1.));
#9348 = DIRECTION('',(1.,0.,0.));
#9349 = DEFINITIONAL_REPRESENTATION('',(#9350),#9354);
#9350 = LINE('',#9351,#9352);
#9351 = CARTESIAN_POINT('',(0.,0.));
#9352 = VECTOR('',#9353,1.);
#9353 = DIRECTION('',(0.,1.));
#9354 = ( GEOMETRIC_REPRESENTATION_CONTEXT(2) 
PARAMETRIC_REPRESENTATION_CONTEXT() REPRESENTATION_CONTEXT('2D SPACE',''
  ) );
#9355 = ADVANCED_FACE('',(#9356),#9370,.T.);
#9356 = FACE_BOUND('',#9357,.T.);
#9357 = EDGE_LOOP('',(#9358,#9388,#9411,#9434));
#9358 = ORIENTED_EDGE('',*,*,#9359,.F.);
#9359 = EDGE_CURVE('',#9360,#9362,#9364,.T.);
#9360 = VERTEX_POINT('',#9361);
#9361 = CARTESIAN_POINT('',(9.1,-6.01,-5.E-03));
#9362 = VERTEX_POINT('',#9363);
#9363 = CARTESIAN_POINT('',(9.1,-6.01,0.845));
#9364 = SURFACE_CURVE('',#9365,(#9369,#9381),.PCURVE_S1.);
#9365 = LINE('',#9366,#9367);
#9366 = CARTESIAN_POINT('',(9.1,-6.01,-5.E-03));
#9367 = VECTOR('',#9368,1.);
#9368 = DIRECTION('',(0.,0.,1.));
#9369 = PCURVE('',#9370,#9375);
#9370 = PLANE('',#9371);
#9371 = AXIS2_PLACEMENT_3D('',#9372,#9373,#9374);
#9372 = CARTESIAN_POINT('',(9.1,-6.01,-5.E-03));
#9373 = DIRECTION('',(1.,0.,0.));
#9374 = DIRECTION('',(0.,0.,1.));
#9375 = DEFINITIONAL_REPRESENTATION('',(#9376),#9380);
#9376 = LINE('',#9377,#9378);
#9377 = CARTESIAN_POINT('',(0.,0.));
#9378 = VECTOR('',#9379,1.);
#9379 = DIRECTION('',(1.,0.));
#9380 = ( GEOMETRIC_REPRESENTATION_CONTEXT(2) 
PARAMETRIC_REPRESENTATION_CONTEXT() REPRESENTATION_CONTEXT('2D SPACE',''
  ) );
#9381 = PCURVE('',#9262,#9382);
#9382 = DEFINITIONAL_REPRESENTATION('',(#9383),#9387);
#9383 = LINE('',#9384,#9385);
#9384 = CARTESIAN_POINT('',(0.,0.3));
#9385 = VECTOR('',#9386,1.);
#9386 = DIRECTION('',(1.,0.));
#9387 = ( GEOMETRIC_REPRESENTATION_CONTEXT(2) 
PARAMETRIC_REPRESENTATION_CONTEXT() REPRESENTATION_CONTEXT('2D SPACE',''
  ) );
#9388 = ORIENTED_EDGE('',*,*,#9389,.T.);
#9389 = EDGE_CURVE('',#9360,#9390,#9392,.T.);
#9390 = VERTEX_POINT('',#9391);
#9391 = CARTESIAN_POINT('',(9.1,-5.11,-5.E-03));
#9392 = SURFACE_CURVE('',#9393,(#9397,#9404),.PCURVE_S1.);
#9393 = LINE('',#9394,#9395);
#9394 = CARTESIAN_POINT('',(9.1,-6.01,-5.E-03));
#9395 = VECTOR('',#9396,1.);
#9396 = DIRECTION('',(0.,1.,0.));
#9397 = PCURVE('',#9370,#9398);
#9398 = DEFINITIONAL_REPRESENTATION('',(#9399),#9403);
#9399 = LINE('',#9400,#9401);
#9400 = CARTESIAN_POINT('',(0.,0.));
#9401 = VECTOR('',#9402,1.);
#9402 = DIRECTION('',(0.,-1.));
#9403 = ( GEOMETRIC_REPRESENTATION_CONTEXT(2) 
PARAMETRIC_REPRESENTATION_CONTEXT() REPRESENTATION_CONTEXT('2D SPACE',''
  ) );
#9404 = PCURVE('',#9290,#9405);
#9405 = DEFINITIONAL_REPRESENTATION('',(#9406),#9410);
#9406 = LINE('',#9407,#9408);
#9407 = CARTESIAN_POINT('',(0.3,0.));
#9408 = VECTOR('',#9409,1.);
#9409 = DIRECTION('',(0.,1.));
#9410 = ( GEOMETRIC_REPRESENTATION_CONTEXT(2) 
PARAMETRIC_REPRESENTATION_CONTEXT() REPRESENTATION_CONTEXT('2D SPACE',''
  ) );
#9411 = ORIENTED_EDGE('',*,*,#9412,.T.);
#9412 = EDGE_CURVE('',#9390,#9413,#9415,.T.);
#9413 = VERTEX_POINT('',#9414);
#9414 = CARTESIAN_POINT('',(9.1,-5.11,0.845));
#9415 = SURFACE_CURVE('',#9416,(#9420,#9427),.PCURVE_S1.);
#9416 = LINE('',#9417,#9418);
#9417 = CARTESIAN_POINT('',(9.1,-5.11,-5.E-03));
#9418 = VECTOR('',#9419,1.);
#9419 = DIRECTION('',(0.,0.,1.));
#9420 = PCURVE('',#9370,#9421);
#9421 = DEFINITIONAL_REPRESENTATION('',(#9422),#9426);
#9422 = LINE('',#9423,#9424);
#9423 = CARTESIAN_POINT('',(0.,-0.9));
#9424 = VECTOR('',#9425,1.);
#9425 = DIRECTION('',(1.,0.));
#9426 = ( GEOMETRIC_REPRESENTATION_CONTEXT(2) 
PARAMETRIC_REPRESENTATION_CONTEXT() REPRESENTATION_CONTEXT('2D SPACE',''
  ) );
#9427 = PCURVE('',#9318,#9428);
#9428 = DEFINITIONAL_REPRESENTATION('',(#9429),#9433);
#9429 = LINE('',#9430,#9431);
#9430 = CARTESIAN_POINT('',(0.,0.3));
#9431 = VECTOR('',#9432,1.);
#9432 = DIRECTION('',(1.,0.));
#9433 = ( GEOMETRIC_REPRESENTATION_CONTEXT(2) 
PARAMETRIC_REPRESENTATION_CONTEXT() REPRESENTATION_CONTEXT('2D SPACE',''
  ) );
#9434 = ORIENTED_EDGE('',*,*,#9435,.F.);
#9435 = EDGE_CURVE('',#9362,#9413,#9436,.T.);
#9436 = SURFACE_CURVE('',#9437,(#9441,#9448),.PCURVE_S1.);
#9437 = LINE('',#9438,#9439);
#9438 = CARTESIAN_POINT('',(9.1,-6.01,0.845));
#9439 = VECTOR('',#9440,1.);
#9440 = DIRECTION('',(0.,1.,0.));
#9441 = PCURVE('',#9370,#9442);
#9442 = DEFINITIONAL_REPRESENTATION('',(#9443),#9447);
#9443 = LINE('',#9444,#9445);
#9444 = CARTESIAN_POINT('',(0.85,0.));
#9445 = VECTOR('',#9446,1.);
#9446 = DIRECTION('',(0.,-1.));
#9447 = ( GEOMETRIC_REPRESENTATION_CONTEXT(2) 
PARAMETRIC_REPRESENTATION_CONTEXT() REPRESENTATION_CONTEXT('2D SPACE',''
  ) );
#9448 = PCURVE('',#9344,#9449);
#9449 = DEFINITIONAL_REPRESENTATION('',(#9450),#9454);
#9450 = LINE('',#9451,#9452);
#9451 = CARTESIAN_POINT('',(0.3,0.));
#9452 = VECTOR('',#9453,1.);
#9453 = DIRECTION('',(0.,1.));
#9454 = ( GEOMETRIC_REPRESENTATION_CONTEXT(2) 
PARAMETRIC_REPRESENTATION_CONTEXT() REPRESENTATION_CONTEXT('2D SPACE',''
  ) );
#9455 = ADVANCED_FACE('',(#9456),#9262,.F.);
#9456 = FACE_BOUND('',#9457,.F.);
#9457 = EDGE_LOOP('',(#9458,#9479,#9480,#9501));
#9458 = ORIENTED_EDGE('',*,*,#9459,.F.);
#9459 = EDGE_CURVE('',#9240,#9360,#9460,.T.);
#9460 = SURFACE_CURVE('',#9461,(#9465,#9472),.PCURVE_S1.);
#9461 = LINE('',#9462,#9463);
#9462 = CARTESIAN_POINT('',(8.8,-6.01,-5.E-03));
#9463 = VECTOR('',#9464,1.);
#9464 = DIRECTION('',(1.,0.,0.));
#9465 = PCURVE('',#9262,#9466);
#9466 = DEFINITIONAL_REPRESENTATION('',(#9467),#9471);
#9467 = LINE('',#9468,#9469);
#9468 = CARTESIAN_POINT('',(0.,0.));
#9469 = VECTOR('',#9470,1.);
#9470 = DIRECTION('',(0.,1.));
#9471 = ( GEOMETRIC_REPRESENTATION_CONTEXT(2) 
PARAMETRIC_REPRESENTATION_CONTEXT() REPRESENTATION_CONTEXT('2D SPACE',''
  ) );
#9472 = PCURVE('',#9290,#9473);
#9473 = DEFINITIONAL_REPRESENTATION('',(#9474),#9478);
#9474 = LINE('',#9475,#9476);
#9475 = CARTESIAN_POINT('',(0.,0.));
#9476 = VECTOR('',#9477,1.);
#9477 = DIRECTION('',(1.,0.));
#9478 = ( GEOMETRIC_REPRESENTATION_CONTEXT(2) 
PARAMETRIC_REPRESENTATION_CONTEXT() REPRESENTATION_CONTEXT('2D SPACE',''
  ) );
#9479 = ORIENTED_EDGE('',*,*,#9239,.T.);
#9480 = ORIENTED_EDGE('',*,*,#9481,.T.);
#9481 = EDGE_CURVE('',#9242,#9362,#9482,.T.);
#9482 = SURFACE_CURVE('',#9483,(#9487,#9494),.PCURVE_S1.);
#9483 = LINE('',#9484,#9485);
#9484 = CARTESIAN_POINT('',(8.8,-6.01,0.845));
#9485 = VECTOR('',#9486,1.);
#9486 = DIRECTION('',(1.,0.,0.));
#9487 = PCURVE('',#9262,#9488);
#9488 = DEFINITIONAL_REPRESENTATION('',(#9489),#9493);
#9489 = LINE('',#9490,#9491);
#9490 = CARTESIAN_POINT('',(0.85,0.));
#9491 = VECTOR('',#9492,1.);
#9492 = DIRECTION('',(0.,1.));
#9493 = ( GEOMETRIC_REPRESENTATION_CONTEXT(2) 
PARAMETRIC_REPRESENTATION_CONTEXT() REPRESENTATION_CONTEXT('2D SPACE',''
  ) );
#9494 = PCURVE('',#9344,#9495);
#9495 = DEFINITIONAL_REPRESENTATION('',(#9496),#9500);
#9496 = LINE('',#9497,#9498);
#9497 = CARTESIAN_POINT('',(0.,0.));
#9498 = VECTOR('',#9499,1.);
#9499 = DIRECTION('',(1.,0.));
#9500 = ( GEOMETRIC_REPRESENTATION_CONTEXT(2) 
PARAMETRIC_REPRESENTATION_CONTEXT() REPRESENTATION_CONTEXT('2D SPACE',''
  ) );
#9501 = ORIENTED_EDGE('',*,*,#9359,.F.);
#9502 = ADVANCED_FACE('',(#9503),#9318,.T.);
#9503 = FACE_BOUND('',#9504,.T.);
#9504 = EDGE_LOOP('',(#9505,#9526,#9527,#9548));
#9505 = ORIENTED_EDGE('',*,*,#9506,.F.);
#9506 = EDGE_CURVE('',#9275,#9390,#9507,.T.);
#9507 = SURFACE_CURVE('',#9508,(#9512,#9519),.PCURVE_S1.);
#9508 = LINE('',#9509,#9510);
#9509 = CARTESIAN_POINT('',(8.8,-5.11,-5.E-03));
#9510 = VECTOR('',#9511,1.);
#9511 = DIRECTION('',(1.,0.,0.));
#9512 = PCURVE('',#9318,#9513);
#9513 = DEFINITIONAL_REPRESENTATION('',(#9514),#9518);
#9514 = LINE('',#9515,#9516);
#9515 = CARTESIAN_POINT('',(0.,0.));
#9516 = VECTOR('',#9517,1.);
#9517 = DIRECTION('',(0.,1.));
#9518 = ( GEOMETRIC_REPRESENTATION_CONTEXT(2) 
PARAMETRIC_REPRESENTATION_CONTEXT() REPRESENTATION_CONTEXT('2D SPACE',''
  ) );
#9519 = PCURVE('',#9290,#9520);
#9520 = DEFINITIONAL_REPRESENTATION('',(#9521),#9525);
#9521 = LINE('',#9522,#9523);
#9522 = CARTESIAN_POINT('',(0.,0.9));
#9523 = VECTOR('',#9524,1.);
#9524 = DIRECTION('',(1.,0.));
#9525 = ( GEOMETRIC_REPRESENTATION_CONTEXT(2) 
PARAMETRIC_REPRESENTATION_CONTEXT() REPRESENTATION_CONTEXT('2D SPACE',''
  ) );
#9526 = ORIENTED_EDGE('',*,*,#9302,.T.);
#9527 = ORIENTED_EDGE('',*,*,#9528,.T.);
#9528 = EDGE_CURVE('',#9303,#9413,#9529,.T.);
#9529 = SURFACE_CURVE('',#9530,(#9534,#9541),.PCURVE_S1.);
#9530 = LINE('',#9531,#9532);
#9531 = CARTESIAN_POINT('',(8.8,-5.11,0.845));
#9532 = VECTOR('',#9533,1.);
#9533 = DIRECTION('',(1.,0.,0.));
#9534 = PCURVE('',#9318,#9535);
#9535 = DEFINITIONAL_REPRESENTATION('',(#9536),#9540);
#9536 = LINE('',#9537,#9538);
#9537 = CARTESIAN_POINT('',(0.85,0.));
#9538 = VECTOR('',#9539,1.);
#9539 = DIRECTION('',(0.,1.));
#9540 = ( GEOMETRIC_REPRESENTATION_CONTEXT(2) 
PARAMETRIC_REPRESENTATION_CONTEXT() REPRESENTATION_CONTEXT('2D SPACE',''
  ) );
#9541 = PCURVE('',#9344,#9542);
#9542 = DEFINITIONAL_REPRESENTATION('',(#9543),#9547);
#9543 = LINE('',#9544,#9545);
#9544 = CARTESIAN_POINT('',(0.,0.9));
#9545 = VECTOR('',#9546,1.);
#9546 = DIRECTION('',(1.,0.));
#9547 = ( GEOMETRIC_REPRESENTATION_CONTEXT(2) 
PARAMETRIC_REPRESENTATION_CONTEXT() REPRESENTATION_CONTEXT('2D SPACE',''
  ) );
#9548 = ORIENTED_EDGE('',*,*,#9412,.F.);
#9549 = ADVANCED_FACE('',(#9550),#9290,.F.);
#9550 = FACE_BOUND('',#9551,.F.);
#9551 = EDGE_LOOP('',(#9552,#9553,#9554,#9555));
#9552 = ORIENTED_EDGE('',*,*,#9274,.F.);
#9553 = ORIENTED_EDGE('',*,*,#9459,.T.);
#9554 = ORIENTED_EDGE('',*,*,#9389,.T.);
#9555 = ORIENTED_EDGE('',*,*,#9506,.F.);
#9556 = ADVANCED_FACE('',(#9557),#9344,.T.);
#9557 = FACE_BOUND('',#9558,.T.);
#9558 = EDGE_LOOP('',(#9559,#9560,#9561,#9562));
#9559 = ORIENTED_EDGE('',*,*,#9330,.F.);
#9560 = ORIENTED_EDGE('',*,*,#9481,.T.);
#9561 = ORIENTED_EDGE('',*,*,#9435,.T.);
#9562 = ORIENTED_EDGE('',*,*,#9528,.F.);
#9563 = MANIFOLD_SOLID_BREP('',#9564);
#9564 = CLOSED_SHELL('',(#9565,#9685,#9785,#9832,#9879,#9886));
#9565 = ADVANCED_FACE('',(#9566),#9580,.F.);
#9566 = FACE_BOUND('',#9567,.F.);
#9567 = EDGE_LOOP('',(#9568,#9603,#9631,#9659));
#9568 = ORIENTED_EDGE('',*,*,#9569,.F.);
#9569 = EDGE_CURVE('',#9570,#9572,#9574,.T.);
#9570 = VERTEX_POINT('',#9571);
#9571 = CARTESIAN_POINT('',(-9.1,-7.28,-5.E-03));
#9572 = VERTEX_POINT('',#9573);
#9573 = CARTESIAN_POINT('',(-9.1,-7.28,0.845));
#9574 = SURFACE_CURVE('',#9575,(#9579,#9591),.PCURVE_S1.);
#9575 = LINE('',#9576,#9577);
#9576 = CARTESIAN_POINT('',(-9.1,-7.28,-5.E-03));
#9577 = VECTOR('',#9578,1.);
#9578 = DIRECTION('',(0.,0.,1.));
#9579 = PCURVE('',#9580,#9585);
#9580 = PLANE('',#9581);
#9581 = AXIS2_PLACEMENT_3D('',#9582,#9583,#9584);
#9582 = CARTESIAN_POINT('',(-9.1,-7.28,-5.E-03));
#9583 = DIRECTION('',(1.,0.,0.));
#9584 = DIRECTION('',(0.,0.,1.));
#9585 = DEFINITIONAL_REPRESENTATION('',(#9586),#9590);
#9586 = LINE('',#9587,#9588);
#9587 = CARTESIAN_POINT('',(0.,0.));
#9588 = VECTOR('',#9589,1.);
#9589 = DIRECTION('',(1.,0.));
#9590 = ( GEOMETRIC_REPRESENTATION_CONTEXT(2) 
PARAMETRIC_REPRESENTATION_CONTEXT() REPRESENTATION_CONTEXT('2D SPACE',''
  ) );
#9591 = PCURVE('',#9592,#9597);
#9592 = PLANE('',#9593);
#9593 = AXIS2_PLACEMENT_3D('',#9594,#9595,#9596);
#9594 = CARTESIAN_POINT('',(-9.1,-7.28,-5.E-03));
#9595 = DIRECTION('',(0.,1.,0.));
#9596 = DIRECTION('',(0.,0.,1.));
#9597 = DEFINITIONAL_REPRESENTATION('',(#9598),#9602);
#9598 = LINE('',#9599,#9600);
#9599 = CARTESIAN_POINT('',(0.,0.));
#9600 = VECTOR('',#9601,1.);
#9601 = DIRECTION('',(1.,0.));
#9602 = ( GEOMETRIC_REPRESENTATION_CONTEXT(2) 
PARAMETRIC_REPRESENTATION_CONTEXT() REPRESENTATION_CONTEXT('2D SPACE',''
  ) );
#9603 = ORIENTED_EDGE('',*,*,#9604,.T.);
#9604 = EDGE_CURVE('',#9570,#9605,#9607,.T.);
#9605 = VERTEX_POINT('',#9606);
#9606 = CARTESIAN_POINT('',(-9.1,-6.38,-5.E-03));
#9607 = SURFACE_CURVE('',#9608,(#9612,#9619),.PCURVE_S1.);
#9608 = LINE('',#9609,#9610);
#9609 = CARTESIAN_POINT('',(-9.1,-7.28,-5.E-03));
#9610 = VECTOR('',#9611,1.);
#9611 = DIRECTION('',(0.,1.,0.));
#9612 = PCURVE('',#9580,#9613);
#9613 = DEFINITIONAL_REPRESENTATION('',(#9614),#9618);
#9614 = LINE('',#9615,#9616);
#9615 = CARTESIAN_POINT('',(0.,0.));
#9616 = VECTOR('',#9617,1.);
#9617 = DIRECTION('',(0.,-1.));
#9618 = ( GEOMETRIC_REPRESENTATION_CONTEXT(2) 
PARAMETRIC_REPRESENTATION_CONTEXT() REPRESENTATION_CONTEXT('2D SPACE',''
  ) );
#9619 = PCURVE('',#9620,#9625);
#9620 = PLANE('',#9621);
#9621 = AXIS2_PLACEMENT_3D('',#9622,#9623,#9624);
#9622 = CARTESIAN_POINT('',(-9.1,-7.28,-5.E-03));
#9623 = DIRECTION('',(0.,0.,1.));
#9624 = DIRECTION('',(1.,0.,0.));
#9625 = DEFINITIONAL_REPRESENTATION('',(#9626),#9630);
#9626 = LINE('',#9627,#9628);
#9627 = CARTESIAN_POINT('',(0.,0.));
#9628 = VECTOR('',#9629,1.);
#9629 = DIRECTION('',(0.,1.));
#9630 = ( GEOMETRIC_REPRESENTATION_CONTEXT(2) 
PARAMETRIC_REPRESENTATION_CONTEXT() REPRESENTATION_CONTEXT('2D SPACE',''
  ) );
#9631 = ORIENTED_EDGE('',*,*,#9632,.T.);
#9632 = EDGE_CURVE('',#9605,#9633,#9635,.T.);
#9633 = VERTEX_POINT('',#9634);
#9634 = CARTESIAN_POINT('',(-9.1,-6.38,0.845));
#9635 = SURFACE_CURVE('',#9636,(#9640,#9647),.PCURVE_S1.);
#9636 = LINE('',#9637,#9638);
#9637 = CARTESIAN_POINT('',(-9.1,-6.38,-5.E-03));
#9638 = VECTOR('',#9639,1.);
#9639 = DIRECTION('',(0.,0.,1.));
#9640 = PCURVE('',#9580,#9641);
#9641 = DEFINITIONAL_REPRESENTATION('',(#9642),#9646);
#9642 = LINE('',#9643,#9644);
#9643 = CARTESIAN_POINT('',(0.,-0.9));
#9644 = VECTOR('',#9645,1.);
#9645 = DIRECTION('',(1.,0.));
#9646 = ( GEOMETRIC_REPRESENTATION_CONTEXT(2) 
PARAMETRIC_REPRESENTATION_CONTEXT() REPRESENTATION_CONTEXT('2D SPACE',''
  ) );
#9647 = PCURVE('',#9648,#9653);
#9648 = PLANE('',#9649);
#9649 = AXIS2_PLACEMENT_3D('',#9650,#9651,#9652);
#9650 = CARTESIAN_POINT('',(-9.1,-6.38,-5.E-03));
#9651 = DIRECTION('',(0.,1.,0.));
#9652 = DIRECTION('',(0.,0.,1.));
#9653 = DEFINITIONAL_REPRESENTATION('',(#9654),#9658);
#9654 = LINE('',#9655,#9656);
#9655 = CARTESIAN_POINT('',(0.,0.));
#9656 = VECTOR('',#9657,1.);
#9657 = DIRECTION('',(1.,0.));
#9658 = ( GEOMETRIC_REPRESENTATION_CONTEXT(2) 
PARAMETRIC_REPRESENTATION_CONTEXT() REPRESENTATION_CONTEXT('2D SPACE',''
  ) );
#9659 = ORIENTED_EDGE('',*,*,#9660,.F.);
#9660 = EDGE_CURVE('',#9572,#9633,#9661,.T.);
#9661 = SURFACE_CURVE('',#9662,(#9666,#9673),.PCURVE_S1.);
#9662 = LINE('',#9663,#9664);
#9663 = CARTESIAN_POINT('',(-9.1,-7.28,0.845));
#9664 = VECTOR('',#9665,1.);
#9665 = DIRECTION('',(0.,1.,0.));
#9666 = PCURVE('',#9580,#9667);
#9667 = DEFINITIONAL_REPRESENTATION('',(#9668),#9672);
#9668 = LINE('',#9669,#9670);
#9669 = CARTESIAN_POINT('',(0.85,0.));
#9670 = VECTOR('',#9671,1.);
#9671 = DIRECTION('',(0.,-1.));
#9672 = ( GEOMETRIC_REPRESENTATION_CONTEXT(2) 
PARAMETRIC_REPRESENTATION_CONTEXT() REPRESENTATION_CONTEXT('2D SPACE',''
  ) );
#9673 = PCURVE('',#9674,#9679);
#9674 = PLANE('',#9675);
#9675 = AXIS2_PLACEMENT_3D('',#9676,#9677,#9678);
#9676 = CARTESIAN_POINT('',(-9.1,-7.28,0.845));
#9677 = DIRECTION('',(0.,0.,1.));
#9678 = DIRECTION('',(1.,0.,0.));
#9679 = DEFINITIONAL_REPRESENTATION('',(#9680),#9684);
#9680 = LINE('',#9681,#9682);
#9681 = CARTESIAN_POINT('',(0.,0.));
#9682 = VECTOR('',#9683,1.);
#9683 = DIRECTION('',(0.,1.));
#9684 = ( GEOMETRIC_REPRESENTATION_CONTEXT(2) 
PARAMETRIC_REPRESENTATION_CONTEXT() REPRESENTATION_CONTEXT('2D SPACE',''
  ) );
#9685 = ADVANCED_FACE('',(#9686),#9700,.T.);
#9686 = FACE_BOUND('',#9687,.T.);
#9687 = EDGE_LOOP('',(#9688,#9718,#9741,#9764));
#9688 = ORIENTED_EDGE('',*,*,#9689,.F.);
#9689 = EDGE_CURVE('',#9690,#9692,#9694,.T.);
#9690 = VERTEX_POINT('',#9691);
#9691 = CARTESIAN_POINT('',(-8.8,-7.28,-5.E-03));
#9692 = VERTEX_POINT('',#9693);
#9693 = CARTESIAN_POINT('',(-8.8,-7.28,0.845));
#9694 = SURFACE_CURVE('',#9695,(#9699,#9711),.PCURVE_S1.);
#9695 = LINE('',#9696,#9697);
#9696 = CARTESIAN_POINT('',(-8.8,-7.28,-5.E-03));
#9697 = VECTOR('',#9698,1.);
#9698 = DIRECTION('',(0.,0.,1.));
#9699 = PCURVE('',#9700,#9705);
#9700 = PLANE('',#9701);
#9701 = AXIS2_PLACEMENT_3D('',#9702,#9703,#9704);
#9702 = CARTESIAN_POINT('',(-8.8,-7.28,-5.E-03));
#9703 = DIRECTION('',(1.,0.,0.));
#9704 = DIRECTION('',(0.,0.,1.));
#9705 = DEFINITIONAL_REPRESENTATION('',(#9706),#9710);
#9706 = LINE('',#9707,#9708);
#9707 = CARTESIAN_POINT('',(0.,0.));
#9708 = VECTOR('',#9709,1.);
#9709 = DIRECTION('',(1.,0.));
#9710 = ( GEOMETRIC_REPRESENTATION_CONTEXT(2) 
PARAMETRIC_REPRESENTATION_CONTEXT() REPRESENTATION_CONTEXT('2D SPACE',''
  ) );
#9711 = PCURVE('',#9592,#9712);
#9712 = DEFINITIONAL_REPRESENTATION('',(#9713),#9717);
#9713 = LINE('',#9714,#9715);
#9714 = CARTESIAN_POINT('',(0.,0.3));
#9715 = VECTOR('',#9716,1.);
#9716 = DIRECTION('',(1.,0.));
#9717 = ( GEOMETRIC_REPRESENTATION_CONTEXT(2) 
PARAMETRIC_REPRESENTATION_CONTEXT() REPRESENTATION_CONTEXT('2D SPACE',''
  ) );
#9718 = ORIENTED_EDGE('',*,*,#9719,.T.);
#9719 = EDGE_CURVE('',#9690,#9720,#9722,.T.);
#9720 = VERTEX_POINT('',#9721);
#9721 = CARTESIAN_POINT('',(-8.8,-6.38,-5.E-03));
#9722 = SURFACE_CURVE('',#9723,(#9727,#9734),.PCURVE_S1.);
#9723 = LINE('',#9724,#9725);
#9724 = CARTESIAN_POINT('',(-8.8,-7.28,-5.E-03));
#9725 = VECTOR('',#9726,1.);
#9726 = DIRECTION('',(0.,1.,0.));
#9727 = PCURVE('',#9700,#9728);
#9728 = DEFINITIONAL_REPRESENTATION('',(#9729),#9733);
#9729 = LINE('',#9730,#9731);
#9730 = CARTESIAN_POINT('',(0.,0.));
#9731 = VECTOR('',#9732,1.);
#9732 = DIRECTION('',(0.,-1.));
#9733 = ( GEOMETRIC_REPRESENTATION_CONTEXT(2) 
PARAMETRIC_REPRESENTATION_CONTEXT() REPRESENTATION_CONTEXT('2D SPACE',''
  ) );
#9734 = PCURVE('',#9620,#9735);
#9735 = DEFINITIONAL_REPRESENTATION('',(#9736),#9740);
#9736 = LINE('',#9737,#9738);
#9737 = CARTESIAN_POINT('',(0.3,0.));
#9738 = VECTOR('',#9739,1.);
#9739 = DIRECTION('',(0.,1.));
#9740 = ( GEOMETRIC_REPRESENTATION_CONTEXT(2) 
PARAMETRIC_REPRESENTATION_CONTEXT() REPRESENTATION_CONTEXT('2D SPACE',''
  ) );
#9741 = ORIENTED_EDGE('',*,*,#9742,.T.);
#9742 = EDGE_CURVE('',#9720,#9743,#9745,.T.);
#9743 = VERTEX_POINT('',#9744);
#9744 = CARTESIAN_POINT('',(-8.8,-6.38,0.845));
#9745 = SURFACE_CURVE('',#9746,(#9750,#9757),.PCURVE_S1.);
#9746 = LINE('',#9747,#9748);
#9747 = CARTESIAN_POINT('',(-8.8,-6.38,-5.E-03));
#9748 = VECTOR('',#9749,1.);
#9749 = DIRECTION('',(0.,0.,1.));
#9750 = PCURVE('',#9700,#9751);
#9751 = DEFINITIONAL_REPRESENTATION('',(#9752),#9756);
#9752 = LINE('',#9753,#9754);
#9753 = CARTESIAN_POINT('',(0.,-0.9));
#9754 = VECTOR('',#9755,1.);
#9755 = DIRECTION('',(1.,0.));
#9756 = ( GEOMETRIC_REPRESENTATION_CONTEXT(2) 
PARAMETRIC_REPRESENTATION_CONTEXT() REPRESENTATION_CONTEXT('2D SPACE',''
  ) );
#9757 = PCURVE('',#9648,#9758);
#9758 = DEFINITIONAL_REPRESENTATION('',(#9759),#9763);
#9759 = LINE('',#9760,#9761);
#9760 = CARTESIAN_POINT('',(0.,0.3));
#9761 = VECTOR('',#9762,1.);
#9762 = DIRECTION('',(1.,0.));
#9763 = ( GEOMETRIC_REPRESENTATION_CONTEXT(2) 
PARAMETRIC_REPRESENTATION_CONTEXT() REPRESENTATION_CONTEXT('2D SPACE',''
  ) );
#9764 = ORIENTED_EDGE('',*,*,#9765,.F.);
#9765 = EDGE_CURVE('',#9692,#9743,#9766,.T.);
#9766 = SURFACE_CURVE('',#9767,(#9771,#9778),.PCURVE_S1.);
#9767 = LINE('',#9768,#9769);
#9768 = CARTESIAN_POINT('',(-8.8,-7.28,0.845));
#9769 = VECTOR('',#9770,1.);
#9770 = DIRECTION('',(0.,1.,0.));
#9771 = PCURVE('',#9700,#9772);
#9772 = DEFINITIONAL_REPRESENTATION('',(#9773),#9777);
#9773 = LINE('',#9774,#9775);
#9774 = CARTESIAN_POINT('',(0.85,0.));
#9775 = VECTOR('',#9776,1.);
#9776 = DIRECTION('',(0.,-1.));
#9777 = ( GEOMETRIC_REPRESENTATION_CONTEXT(2) 
PARAMETRIC_REPRESENTATION_CONTEXT() REPRESENTATION_CONTEXT('2D SPACE',''
  ) );
#9778 = PCURVE('',#9674,#9779);
#9779 = DEFINITIONAL_REPRESENTATION('',(#9780),#9784);
#9780 = LINE('',#9781,#9782);
#9781 = CARTESIAN_POINT('',(0.3,0.));
#9782 = VECTOR('',#9783,1.);
#9783 = DIRECTION('',(0.,1.));
#9784 = ( GEOMETRIC_REPRESENTATION_CONTEXT(2) 
PARAMETRIC_REPRESENTATION_CONTEXT() REPRESENTATION_CONTEXT('2D SPACE',''
  ) );
#9785 = ADVANCED_FACE('',(#9786),#9592,.F.);
#9786 = FACE_BOUND('',#9787,.F.);
#9787 = EDGE_LOOP('',(#9788,#9809,#9810,#9831));
#9788 = ORIENTED_EDGE('',*,*,#9789,.F.);
#9789 = EDGE_CURVE('',#9570,#9690,#9790,.T.);
#9790 = SURFACE_CURVE('',#9791,(#9795,#9802),.PCURVE_S1.);
#9791 = LINE('',#9792,#9793);
#9792 = CARTESIAN_POINT('',(-9.1,-7.28,-5.E-03));
#9793 = VECTOR('',#9794,1.);
#9794 = DIRECTION('',(1.,0.,0.));
#9795 = PCURVE('',#9592,#9796);
#9796 = DEFINITIONAL_REPRESENTATION('',(#9797),#9801);
#9797 = LINE('',#9798,#9799);
#9798 = CARTESIAN_POINT('',(0.,0.));
#9799 = VECTOR('',#9800,1.);
#9800 = DIRECTION('',(0.,1.));
#9801 = ( GEOMETRIC_REPRESENTATION_CONTEXT(2) 
PARAMETRIC_REPRESENTATION_CONTEXT() REPRESENTATION_CONTEXT('2D SPACE',''
  ) );
#9802 = PCURVE('',#9620,#9803);
#9803 = DEFINITIONAL_REPRESENTATION('',(#9804),#9808);
#9804 = LINE('',#9805,#9806);
#9805 = CARTESIAN_POINT('',(0.,0.));
#9806 = VECTOR('',#9807,1.);
#9807 = DIRECTION('',(1.,0.));
#9808 = ( GEOMETRIC_REPRESENTATION_CONTEXT(2) 
PARAMETRIC_REPRESENTATION_CONTEXT() REPRESENTATION_CONTEXT('2D SPACE',''
  ) );
#9809 = ORIENTED_EDGE('',*,*,#9569,.T.);
#9810 = ORIENTED_EDGE('',*,*,#9811,.T.);
#9811 = EDGE_CURVE('',#9572,#9692,#9812,.T.);
#9812 = SURFACE_CURVE('',#9813,(#9817,#9824),.PCURVE_S1.);
#9813 = LINE('',#9814,#9815);
#9814 = CARTESIAN_POINT('',(-9.1,-7.28,0.845));
#9815 = VECTOR('',#9816,1.);
#9816 = DIRECTION('',(1.,0.,0.));
#9817 = PCURVE('',#9592,#9818);
#9818 = DEFINITIONAL_REPRESENTATION('',(#9819),#9823);
#9819 = LINE('',#9820,#9821);
#9820 = CARTESIAN_POINT('',(0.85,0.));
#9821 = VECTOR('',#9822,1.);
#9822 = DIRECTION('',(0.,1.));
#9823 = ( GEOMETRIC_REPRESENTATION_CONTEXT(2) 
PARAMETRIC_REPRESENTATION_CONTEXT() REPRESENTATION_CONTEXT('2D SPACE',''
  ) );
#9824 = PCURVE('',#9674,#9825);
#9825 = DEFINITIONAL_REPRESENTATION('',(#9826),#9830);
#9826 = LINE('',#9827,#9828);
#9827 = CARTESIAN_POINT('',(0.,0.));
#9828 = VECTOR('',#9829,1.);
#9829 = DIRECTION('',(1.,0.));
#9830 = ( GEOMETRIC_REPRESENTATION_CONTEXT(2) 
PARAMETRIC_REPRESENTATION_CONTEXT() REPRESENTATION_CONTEXT('2D SPACE',''
  ) );
#9831 = ORIENTED_EDGE('',*,*,#9689,.F.);
#9832 = ADVANCED_FACE('',(#9833),#9648,.T.);
#9833 = FACE_BOUND('',#9834,.T.);
#9834 = EDGE_LOOP('',(#9835,#9856,#9857,#9878));
#9835 = ORIENTED_EDGE('',*,*,#9836,.F.);
#9836 = EDGE_CURVE('',#9605,#9720,#9837,.T.);
#9837 = SURFACE_CURVE('',#9838,(#9842,#9849),.PCURVE_S1.);
#9838 = LINE('',#9839,#9840);
#9839 = CARTESIAN_POINT('',(-9.1,-6.38,-5.E-03));
#9840 = VECTOR('',#9841,1.);
#9841 = DIRECTION('',(1.,0.,0.));
#9842 = PCURVE('',#9648,#9843);
#9843 = DEFINITIONAL_REPRESENTATION('',(#9844),#9848);
#9844 = LINE('',#9845,#9846);
#9845 = CARTESIAN_POINT('',(0.,0.));
#9846 = VECTOR('',#9847,1.);
#9847 = DIRECTION('',(0.,1.));
#9848 = ( GEOMETRIC_REPRESENTATION_CONTEXT(2) 
PARAMETRIC_REPRESENTATION_CONTEXT() REPRESENTATION_CONTEXT('2D SPACE',''
  ) );
#9849 = PCURVE('',#9620,#9850);
#9850 = DEFINITIONAL_REPRESENTATION('',(#9851),#9855);
#9851 = LINE('',#9852,#9853);
#9852 = CARTESIAN_POINT('',(0.,0.9));
#9853 = VECTOR('',#9854,1.);
#9854 = DIRECTION('',(1.,0.));
#9855 = ( GEOMETRIC_REPRESENTATION_CONTEXT(2) 
PARAMETRIC_REPRESENTATION_CONTEXT() REPRESENTATION_CONTEXT('2D SPACE',''
  ) );
#9856 = ORIENTED_EDGE('',*,*,#9632,.T.);
#9857 = ORIENTED_EDGE('',*,*,#9858,.T.);
#9858 = EDGE_CURVE('',#9633,#9743,#9859,.T.);
#9859 = SURFACE_CURVE('',#9860,(#9864,#9871),.PCURVE_S1.);
#9860 = LINE('',#9861,#9862);
#9861 = CARTESIAN_POINT('',(-9.1,-6.38,0.845));
#9862 = VECTOR('',#9863,1.);
#9863 = DIRECTION('',(1.,0.,0.));
#9864 = PCURVE('',#9648,#9865);
#9865 = DEFINITIONAL_REPRESENTATION('',(#9866),#9870);
#9866 = LINE('',#9867,#9868);
#9867 = CARTESIAN_POINT('',(0.85,0.));
#9868 = VECTOR('',#9869,1.);
#9869 = DIRECTION('',(0.,1.));
#9870 = ( GEOMETRIC_REPRESENTATION_CONTEXT(2) 
PARAMETRIC_REPRESENTATION_CONTEXT() REPRESENTATION_CONTEXT('2D SPACE',''
  ) );
#9871 = PCURVE('',#9674,#9872);
#9872 = DEFINITIONAL_REPRESENTATION('',(#9873),#9877);
#9873 = LINE('',#9874,#9875);
#9874 = CARTESIAN_POINT('',(0.,0.9));
#9875 = VECTOR('',#9876,1.);
#9876 = DIRECTION('',(1.,0.));
#9877 = ( GEOMETRIC_REPRESENTATION_CONTEXT(2) 
PARAMETRIC_REPRESENTATION_CONTEXT() REPRESENTATION_CONTEXT('2D SPACE',''
  ) );
#9878 = ORIENTED_EDGE('',*,*,#9742,.F.);
#9879 = ADVANCED_FACE('',(#9880),#9620,.F.);
#9880 = FACE_BOUND('',#9881,.F.);
#9881 = EDGE_LOOP('',(#9882,#9883,#9884,#9885));
#9882 = ORIENTED_EDGE('',*,*,#9604,.F.);
#9883 = ORIENTED_EDGE('',*,*,#9789,.T.);
#9884 = ORIENTED_EDGE('',*,*,#9719,.T.);
#9885 = ORIENTED_EDGE('',*,*,#9836,.F.);
#9886 = ADVANCED_FACE('',(#9887),#9674,.T.);
#9887 = FACE_BOUND('',#9888,.T.);
#9888 = EDGE_LOOP('',(#9889,#9890,#9891,#9892));
#9889 = ORIENTED_EDGE('',*,*,#9660,.F.);
#9890 = ORIENTED_EDGE('',*,*,#9811,.T.);
#9891 = ORIENTED_EDGE('',*,*,#9765,.T.);
#9892 = ORIENTED_EDGE('',*,*,#9858,.F.);
#9893 = MANIFOLD_SOLID_BREP('',#9894);
#9894 = CLOSED_SHELL('',(#9895,#10015,#10115,#10162,#10209,#10216));
#9895 = ADVANCED_FACE('',(#9896),#9910,.F.);
#9896 = FACE_BOUND('',#9897,.F.);
#9897 = EDGE_LOOP('',(#9898,#9933,#9961,#9989));
#9898 = ORIENTED_EDGE('',*,*,#9899,.F.);
#9899 = EDGE_CURVE('',#9900,#9902,#9904,.T.);
#9900 = VERTEX_POINT('',#9901);
#9901 = CARTESIAN_POINT('',(8.8,-7.28,-5.E-03));
#9902 = VERTEX_POINT('',#9903);
#9903 = CARTESIAN_POINT('',(8.8,-7.28,0.845));
#9904 = SURFACE_CURVE('',#9905,(#9909,#9921),.PCURVE_S1.);
#9905 = LINE('',#9906,#9907);
#9906 = CARTESIAN_POINT('',(8.8,-7.28,-5.E-03));
#9907 = VECTOR('',#9908,1.);
#9908 = DIRECTION('',(0.,0.,1.));
#9909 = PCURVE('',#9910,#9915);
#9910 = PLANE('',#9911);
#9911 = AXIS2_PLACEMENT_3D('',#9912,#9913,#9914);
#9912 = CARTESIAN_POINT('',(8.8,-7.28,-5.E-03));
#9913 = DIRECTION('',(1.,0.,0.));
#9914 = DIRECTION('',(0.,0.,1.));
#9915 = DEFINITIONAL_REPRESENTATION('',(#9916),#9920);
#9916 = LINE('',#9917,#9918);
#9917 = CARTESIAN_POINT('',(0.,0.));
#9918 = VECTOR('',#9919,1.);
#9919 = DIRECTION('',(1.,0.));
#9920 = ( GEOMETRIC_REPRESENTATION_CONTEXT(2) 
PARAMETRIC_REPRESENTATION_CONTEXT() REPRESENTATION_CONTEXT('2D SPACE',''
  ) );
#9921 = PCURVE('',#9922,#9927);
#9922 = PLANE('',#9923);
#9923 = AXIS2_PLACEMENT_3D('',#9924,#9925,#9926);
#9924 = CARTESIAN_POINT('',(8.8,-7.28,-5.E-03));
#9925 = DIRECTION('',(0.,1.,0.));
#9926 = DIRECTION('',(0.,0.,1.));
#9927 = DEFINITIONAL_REPRESENTATION('',(#9928),#9932);
#9928 = LINE('',#9929,#9930);
#9929 = CARTESIAN_POINT('',(0.,0.));
#9930 = VECTOR('',#9931,1.);
#9931 = DIRECTION('',(1.,0.));
#9932 = ( GEOMETRIC_REPRESENTATION_CONTEXT(2) 
PARAMETRIC_REPRESENTATION_CONTEXT() REPRESENTATION_CONTEXT('2D SPACE',''
  ) );
#9933 = ORIENTED_EDGE('',*,*,#9934,.T.);
#9934 = EDGE_CURVE('',#9900,#9935,#9937,.T.);
#9935 = VERTEX_POINT('',#9936);
#9936 = CARTESIAN_POINT('',(8.8,-6.38,-5.E-03));
#9937 = SURFACE_CURVE('',#9938,(#9942,#9949),.PCURVE_S1.);
#9938 = LINE('',#9939,#9940);
#9939 = CARTESIAN_POINT('',(8.8,-7.28,-5.E-03));
#9940 = VECTOR('',#9941,1.);
#9941 = DIRECTION('',(0.,1.,0.));
#9942 = PCURVE('',#9910,#9943);
#9943 = DEFINITIONAL_REPRESENTATION('',(#9944),#9948);
#9944 = LINE('',#9945,#9946);
#9945 = CARTESIAN_POINT('',(0.,0.));
#9946 = VECTOR('',#9947,1.);
#9947 = DIRECTION('',(0.,-1.));
#9948 = ( GEOMETRIC_REPRESENTATION_CONTEXT(2) 
PARAMETRIC_REPRESENTATION_CONTEXT() REPRESENTATION_CONTEXT('2D SPACE',''
  ) );
#9949 = PCURVE('',#9950,#9955);
#9950 = PLANE('',#9951);
#9951 = AXIS2_PLACEMENT_3D('',#9952,#9953,#9954);
#9952 = CARTESIAN_POINT('',(8.8,-7.28,-5.E-03));
#9953 = DIRECTION('',(0.,0.,1.));
#9954 = DIRECTION('',(1.,0.,0.));
#9955 = DEFINITIONAL_REPRESENTATION('',(#9956),#9960);
#9956 = LINE('',#9957,#9958);
#9957 = CARTESIAN_POINT('',(0.,0.));
#9958 = VECTOR('',#9959,1.);
#9959 = DIRECTION('',(0.,1.));
#9960 = ( GEOMETRIC_REPRESENTATION_CONTEXT(2) 
PARAMETRIC_REPRESENTATION_CONTEXT() REPRESENTATION_CONTEXT('2D SPACE',''
  ) );
#9961 = ORIENTED_EDGE('',*,*,#9962,.T.);
#9962 = EDGE_CURVE('',#9935,#9963,#9965,.T.);
#9963 = VERTEX_POINT('',#9964);
#9964 = CARTESIAN_POINT('',(8.8,-6.38,0.845));
#9965 = SURFACE_CURVE('',#9966,(#9970,#9977),.PCURVE_S1.);
#9966 = LINE('',#9967,#9968);
#9967 = CARTESIAN_POINT('',(8.8,-6.38,-5.E-03));
#9968 = VECTOR('',#9969,1.);
#9969 = DIRECTION('',(0.,0.,1.));
#9970 = PCURVE('',#9910,#9971);
#9971 = DEFINITIONAL_REPRESENTATION('',(#9972),#9976);
#9972 = LINE('',#9973,#9974);
#9973 = CARTESIAN_POINT('',(0.,-0.9));
#9974 = VECTOR('',#9975,1.);
#9975 = DIRECTION('',(1.,0.));
#9976 = ( GEOMETRIC_REPRESENTATION_CONTEXT(2) 
PARAMETRIC_REPRESENTATION_CONTEXT() REPRESENTATION_CONTEXT('2D SPACE',''
  ) );
#9977 = PCURVE('',#9978,#9983);
#9978 = PLANE('',#9979);
#9979 = AXIS2_PLACEMENT_3D('',#9980,#9981,#9982);
#9980 = CARTESIAN_POINT('',(8.8,-6.38,-5.E-03));
#9981 = DIRECTION('',(0.,1.,0.));
#9982 = DIRECTION('',(0.,0.,1.));
#9983 = DEFINITIONAL_REPRESENTATION('',(#9984),#9988);
#9984 = LINE('',#9985,#9986);
#9985 = CARTESIAN_POINT('',(0.,0.));
#9986 = VECTOR('',#9987,1.);
#9987 = DIRECTION('',(1.,0.));
#9988 = ( GEOMETRIC_REPRESENTATION_CONTEXT(2) 
PARAMETRIC_REPRESENTATION_CONTEXT() REPRESENTATION_CONTEXT('2D SPACE',''
  ) );
#9989 = ORIENTED_EDGE('',*,*,#9990,.F.);
#9990 = EDGE_CURVE('',#9902,#9963,#9991,.T.);
#9991 = SURFACE_CURVE('',#9992,(#9996,#10003),.PCURVE_S1.);
#9992 = LINE('',#9993,#9994);
#9993 = CARTESIAN_POINT('',(8.8,-7.28,0.845));
#9994 = VECTOR('',#9995,1.);
#9995 = DIRECTION('',(0.,1.,0.));
#9996 = PCURVE('',#9910,#9997);
#9997 = DEFINITIONAL_REPRESENTATION('',(#9998),#10002);
#9998 = LINE('',#9999,#10000);
#9999 = CARTESIAN_POINT('',(0.85,0.));
#10000 = VECTOR('',#10001,1.);
#10001 = DIRECTION('',(0.,-1.));
#10002 = ( GEOMETRIC_REPRESENTATION_CONTEXT(2) 
PARAMETRIC_REPRESENTATION_CONTEXT() REPRESENTATION_CONTEXT('2D SPACE',''
  ) );
#10003 = PCURVE('',#10004,#10009);
#10004 = PLANE('',#10005);
#10005 = AXIS2_PLACEMENT_3D('',#10006,#10007,#10008);
#10006 = CARTESIAN_POINT('',(8.8,-7.28,0.845));
#10007 = DIRECTION('',(0.,0.,1.));
#10008 = DIRECTION('',(1.,0.,0.));
#10009 = DEFINITIONAL_REPRESENTATION('',(#10010),#10014);
#10010 = LINE('',#10011,#10012);
#10011 = CARTESIAN_POINT('',(0.,0.));
#10012 = VECTOR('',#10013,1.);
#10013 = DIRECTION('',(0.,1.));
#10014 = ( GEOMETRIC_REPRESENTATION_CONTEXT(2) 
PARAMETRIC_REPRESENTATION_CONTEXT() REPRESENTATION_CONTEXT('2D SPACE',''
  ) );
#10015 = ADVANCED_FACE('',(#10016),#10030,.T.);
#10016 = FACE_BOUND('',#10017,.T.);
#10017 = EDGE_LOOP('',(#10018,#10048,#10071,#10094));
#10018 = ORIENTED_EDGE('',*,*,#10019,.F.);
#10019 = EDGE_CURVE('',#10020,#10022,#10024,.T.);
#10020 = VERTEX_POINT('',#10021);
#10021 = CARTESIAN_POINT('',(9.1,-7.28,-5.E-03));
#10022 = VERTEX_POINT('',#10023);
#10023 = CARTESIAN_POINT('',(9.1,-7.28,0.845));
#10024 = SURFACE_CURVE('',#10025,(#10029,#10041),.PCURVE_S1.);
#10025 = LINE('',#10026,#10027);
#10026 = CARTESIAN_POINT('',(9.1,-7.28,-5.E-03));
#10027 = VECTOR('',#10028,1.);
#10028 = DIRECTION('',(0.,0.,1.));
#10029 = PCURVE('',#10030,#10035);
#10030 = PLANE('',#10031);
#10031 = AXIS2_PLACEMENT_3D('',#10032,#10033,#10034);
#10032 = CARTESIAN_POINT('',(9.1,-7.28,-5.E-03));
#10033 = DIRECTION('',(1.,0.,0.));
#10034 = DIRECTION('',(0.,0.,1.));
#10035 = DEFINITIONAL_REPRESENTATION('',(#10036),#10040);
#10036 = LINE('',#10037,#10038);
#10037 = CARTESIAN_POINT('',(0.,0.));
#10038 = VECTOR('',#10039,1.);
#10039 = DIRECTION('',(1.,0.));
#10040 = ( GEOMETRIC_REPRESENTATION_CONTEXT(2) 
PARAMETRIC_REPRESENTATION_CONTEXT() REPRESENTATION_CONTEXT('2D SPACE',''
  ) );
#10041 = PCURVE('',#9922,#10042);
#10042 = DEFINITIONAL_REPRESENTATION('',(#10043),#10047);
#10043 = LINE('',#10044,#10045);
#10044 = CARTESIAN_POINT('',(0.,0.3));
#10045 = VECTOR('',#10046,1.);
#10046 = DIRECTION('',(1.,0.));
#10047 = ( GEOMETRIC_REPRESENTATION_CONTEXT(2) 
PARAMETRIC_REPRESENTATION_CONTEXT() REPRESENTATION_CONTEXT('2D SPACE',''
  ) );
#10048 = ORIENTED_EDGE('',*,*,#10049,.T.);
#10049 = EDGE_CURVE('',#10020,#10050,#10052,.T.);
#10050 = VERTEX_POINT('',#10051);
#10051 = CARTESIAN_POINT('',(9.1,-6.38,-5.E-03));
#10052 = SURFACE_CURVE('',#10053,(#10057,#10064),.PCURVE_S1.);
#10053 = LINE('',#10054,#10055);
#10054 = CARTESIAN_POINT('',(9.1,-7.28,-5.E-03));
#10055 = VECTOR('',#10056,1.);
#10056 = DIRECTION('',(0.,1.,0.));
#10057 = PCURVE('',#10030,#10058);
#10058 = DEFINITIONAL_REPRESENTATION('',(#10059),#10063);
#10059 = LINE('',#10060,#10061);
#10060 = CARTESIAN_POINT('',(0.,0.));
#10061 = VECTOR('',#10062,1.);
#10062 = DIRECTION('',(0.,-1.));
#10063 = ( GEOMETRIC_REPRESENTATION_CONTEXT(2) 
PARAMETRIC_REPRESENTATION_CONTEXT() REPRESENTATION_CONTEXT('2D SPACE',''
  ) );
#10064 = PCURVE('',#9950,#10065);
#10065 = DEFINITIONAL_REPRESENTATION('',(#10066),#10070);
#10066 = LINE('',#10067,#10068);
#10067 = CARTESIAN_POINT('',(0.3,0.));
#10068 = VECTOR('',#10069,1.);
#10069 = DIRECTION('',(0.,1.));
#10070 = ( GEOMETRIC_REPRESENTATION_CONTEXT(2) 
PARAMETRIC_REPRESENTATION_CONTEXT() REPRESENTATION_CONTEXT('2D SPACE',''
  ) );
#10071 = ORIENTED_EDGE('',*,*,#10072,.T.);
#10072 = EDGE_CURVE('',#10050,#10073,#10075,.T.);
#10073 = VERTEX_POINT('',#10074);
#10074 = CARTESIAN_POINT('',(9.1,-6.38,0.845));
#10075 = SURFACE_CURVE('',#10076,(#10080,#10087),.PCURVE_S1.);
#10076 = LINE('',#10077,#10078);
#10077 = CARTESIAN_POINT('',(9.1,-6.38,-5.E-03));
#10078 = VECTOR('',#10079,1.);
#10079 = DIRECTION('',(0.,0.,1.));
#10080 = PCURVE('',#10030,#10081);
#10081 = DEFINITIONAL_REPRESENTATION('',(#10082),#10086);
#10082 = LINE('',#10083,#10084);
#10083 = CARTESIAN_POINT('',(0.,-0.9));
#10084 = VECTOR('',#10085,1.);
#10085 = DIRECTION('',(1.,0.));
#10086 = ( GEOMETRIC_REPRESENTATION_CONTEXT(2) 
PARAMETRIC_REPRESENTATION_CONTEXT() REPRESENTATION_CONTEXT('2D SPACE',''
  ) );
#10087 = PCURVE('',#9978,#10088);
#10088 = DEFINITIONAL_REPRESENTATION('',(#10089),#10093);
#10089 = LINE('',#10090,#10091);
#10090 = CARTESIAN_POINT('',(0.,0.3));
#10091 = VECTOR('',#10092,1.);
#10092 = DIRECTION('',(1.,0.));
#10093 = ( GEOMETRIC_REPRESENTATION_CONTEXT(2) 
PARAMETRIC_REPRESENTATION_CONTEXT() REPRESENTATION_CONTEXT('2D SPACE',''
  ) );
#10094 = ORIENTED_EDGE('',*,*,#10095,.F.);
#10095 = EDGE_CURVE('',#10022,#10073,#10096,.T.);
#10096 = SURFACE_CURVE('',#10097,(#10101,#10108),.PCURVE_S1.);
#10097 = LINE('',#10098,#10099);
#10098 = CARTESIAN_POINT('',(9.1,-7.28,0.845));
#10099 = VECTOR('',#10100,1.);
#10100 = DIRECTION('',(0.,1.,0.));
#10101 = PCURVE('',#10030,#10102);
#10102 = DEFINITIONAL_REPRESENTATION('',(#10103),#10107);
#10103 = LINE('',#10104,#10105);
#10104 = CARTESIAN_POINT('',(0.85,0.));
#10105 = VECTOR('',#10106,1.);
#10106 = DIRECTION('',(0.,-1.));
#10107 = ( GEOMETRIC_REPRESENTATION_CONTEXT(2) 
PARAMETRIC_REPRESENTATION_CONTEXT() REPRESENTATION_CONTEXT('2D SPACE',''
  ) );
#10108 = PCURVE('',#10004,#10109);
#10109 = DEFINITIONAL_REPRESENTATION('',(#10110),#10114);
#10110 = LINE('',#10111,#10112);
#10111 = CARTESIAN_POINT('',(0.3,0.));
#10112 = VECTOR('',#10113,1.);
#10113 = DIRECTION('',(0.,1.));
#10114 = ( GEOMETRIC_REPRESENTATION_CONTEXT(2) 
PARAMETRIC_REPRESENTATION_CONTEXT() REPRESENTATION_CONTEXT('2D SPACE',''
  ) );
#10115 = ADVANCED_FACE('',(#10116),#9922,.F.);
#10116 = FACE_BOUND('',#10117,.F.);
#10117 = EDGE_LOOP('',(#10118,#10139,#10140,#10161));
#10118 = ORIENTED_EDGE('',*,*,#10119,.F.);
#10119 = EDGE_CURVE('',#9900,#10020,#10120,.T.);
#10120 = SURFACE_CURVE('',#10121,(#10125,#10132),.PCURVE_S1.);
#10121 = LINE('',#10122,#10123);
#10122 = CARTESIAN_POINT('',(8.8,-7.28,-5.E-03));
#10123 = VECTOR('',#10124,1.);
#10124 = DIRECTION('',(1.,0.,0.));
#10125 = PCURVE('',#9922,#10126);
#10126 = DEFINITIONAL_REPRESENTATION('',(#10127),#10131);
#10127 = LINE('',#10128,#10129);
#10128 = CARTESIAN_POINT('',(0.,0.));
#10129 = VECTOR('',#10130,1.);
#10130 = DIRECTION('',(0.,1.));
#10131 = ( GEOMETRIC_REPRESENTATION_CONTEXT(2) 
PARAMETRIC_REPRESENTATION_CONTEXT() REPRESENTATION_CONTEXT('2D SPACE',''
  ) );
#10132 = PCURVE('',#9950,#10133);
#10133 = DEFINITIONAL_REPRESENTATION('',(#10134),#10138);
#10134 = LINE('',#10135,#10136);
#10135 = CARTESIAN_POINT('',(0.,0.));
#10136 = VECTOR('',#10137,1.);
#10137 = DIRECTION('',(1.,0.));
#10138 = ( GEOMETRIC_REPRESENTATION_CONTEXT(2) 
PARAMETRIC_REPRESENTATION_CONTEXT() REPRESENTATION_CONTEXT('2D SPACE',''
  ) );
#10139 = ORIENTED_EDGE('',*,*,#9899,.T.);
#10140 = ORIENTED_EDGE('',*,*,#10141,.T.);
#10141 = EDGE_CURVE('',#9902,#10022,#10142,.T.);
#10142 = SURFACE_CURVE('',#10143,(#10147,#10154),.PCURVE_S1.);
#10143 = LINE('',#10144,#10145);
#10144 = CARTESIAN_POINT('',(8.8,-7.28,0.845));
#10145 = VECTOR('',#10146,1.);
#10146 = DIRECTION('',(1.,0.,0.));
#10147 = PCURVE('',#9922,#10148);
#10148 = DEFINITIONAL_REPRESENTATION('',(#10149),#10153);
#10149 = LINE('',#10150,#10151);
#10150 = CARTESIAN_POINT('',(0.85,0.));
#10151 = VECTOR('',#10152,1.);
#10152 = DIRECTION('',(0.,1.));
#10153 = ( GEOMETRIC_REPRESENTATION_CONTEXT(2) 
PARAMETRIC_REPRESENTATION_CONTEXT() REPRESENTATION_CONTEXT('2D SPACE',''
  ) );
#10154 = PCURVE('',#10004,#10155);
#10155 = DEFINITIONAL_REPRESENTATION('',(#10156),#10160);
#10156 = LINE('',#10157,#10158);
#10157 = CARTESIAN_POINT('',(0.,0.));
#10158 = VECTOR('',#10159,1.);
#10159 = DIRECTION('',(1.,0.));
#10160 = ( GEOMETRIC_REPRESENTATION_CONTEXT(2) 
PARAMETRIC_REPRESENTATION_CONTEXT() REPRESENTATION_CONTEXT('2D SPACE',''
  ) );
#10161 = ORIENTED_EDGE('',*,*,#10019,.F.);
#10162 = ADVANCED_FACE('',(#10163),#9978,.T.);
#10163 = FACE_BOUND('',#10164,.T.);
#10164 = EDGE_LOOP('',(#10165,#10186,#10187,#10208));
#10165 = ORIENTED_EDGE('',*,*,#10166,.F.);
#10166 = EDGE_CURVE('',#9935,#10050,#10167,.T.);
#10167 = SURFACE_CURVE('',#10168,(#10172,#10179),.PCURVE_S1.);
#10168 = LINE('',#10169,#10170);
#10169 = CARTESIAN_POINT('',(8.8,-6.38,-5.E-03));
#10170 = VECTOR('',#10171,1.);
#10171 = DIRECTION('',(1.,0.,0.));
#10172 = PCURVE('',#9978,#10173);
#10173 = DEFINITIONAL_REPRESENTATION('',(#10174),#10178);
#10174 = LINE('',#10175,#10176);
#10175 = CARTESIAN_POINT('',(0.,0.));
#10176 = VECTOR('',#10177,1.);
#10177 = DIRECTION('',(0.,1.));
#10178 = ( GEOMETRIC_REPRESENTATION_CONTEXT(2) 
PARAMETRIC_REPRESENTATION_CONTEXT() REPRESENTATION_CONTEXT('2D SPACE',''
  ) );
#10179 = PCURVE('',#9950,#10180);
#10180 = DEFINITIONAL_REPRESENTATION('',(#10181),#10185);
#10181 = LINE('',#10182,#10183);
#10182 = CARTESIAN_POINT('',(0.,0.9));
#10183 = VECTOR('',#10184,1.);
#10184 = DIRECTION('',(1.,0.));
#10185 = ( GEOMETRIC_REPRESENTATION_CONTEXT(2) 
PARAMETRIC_REPRESENTATION_CONTEXT() REPRESENTATION_CONTEXT('2D SPACE',''
  ) );
#10186 = ORIENTED_EDGE('',*,*,#9962,.T.);
#10187 = ORIENTED_EDGE('',*,*,#10188,.T.);
#10188 = EDGE_CURVE('',#9963,#10073,#10189,.T.);
#10189 = SURFACE_CURVE('',#10190,(#10194,#10201),.PCURVE_S1.);
#10190 = LINE('',#10191,#10192);
#10191 = CARTESIAN_POINT('',(8.8,-6.38,0.845));
#10192 = VECTOR('',#10193,1.);
#10193 = DIRECTION('',(1.,0.,0.));
#10194 = PCURVE('',#9978,#10195);
#10195 = DEFINITIONAL_REPRESENTATION('',(#10196),#10200);
#10196 = LINE('',#10197,#10198);
#10197 = CARTESIAN_POINT('',(0.85,0.));
#10198 = VECTOR('',#10199,1.);
#10199 = DIRECTION('',(0.,1.));
#10200 = ( GEOMETRIC_REPRESENTATION_CONTEXT(2) 
PARAMETRIC_REPRESENTATION_CONTEXT() REPRESENTATION_CONTEXT('2D SPACE',''
  ) );
#10201 = PCURVE('',#10004,#10202);
#10202 = DEFINITIONAL_REPRESENTATION('',(#10203),#10207);
#10203 = LINE('',#10204,#10205);
#10204 = CARTESIAN_POINT('',(0.,0.9));
#10205 = VECTOR('',#10206,1.);
#10206 = DIRECTION('',(1.,0.));
#10207 = ( GEOMETRIC_REPRESENTATION_CONTEXT(2) 
PARAMETRIC_REPRESENTATION_CONTEXT() REPRESENTATION_CONTEXT('2D SPACE',''
  ) );
#10208 = ORIENTED_EDGE('',*,*,#10072,.F.);
#10209 = ADVANCED_FACE('',(#10210),#9950,.F.);
#10210 = FACE_BOUND('',#10211,.F.);
#10211 = EDGE_LOOP('',(#10212,#10213,#10214,#10215));
#10212 = ORIENTED_EDGE('',*,*,#9934,.F.);
#10213 = ORIENTED_EDGE('',*,*,#10119,.T.);
#10214 = ORIENTED_EDGE('',*,*,#10049,.T.);
#10215 = ORIENTED_EDGE('',*,*,#10166,.F.);
#10216 = ADVANCED_FACE('',(#10217),#10004,.T.);
#10217 = FACE_BOUND('',#10218,.T.);
#10218 = EDGE_LOOP('',(#10219,#10220,#10221,#10222));
#10219 = ORIENTED_EDGE('',*,*,#9990,.F.);
#10220 = ORIENTED_EDGE('',*,*,#10141,.T.);
#10221 = ORIENTED_EDGE('',*,*,#10095,.T.);
#10222 = ORIENTED_EDGE('',*,*,#10188,.F.);
#10223 = MANIFOLD_SOLID_BREP('',#10224);
#10224 = CLOSED_SHELL('',(#10225,#10345,#10445,#10492,#10539,#10546));
#10225 = ADVANCED_FACE('',(#10226),#10240,.F.);
#10226 = FACE_BOUND('',#10227,.F.);
#10227 = EDGE_LOOP('',(#10228,#10263,#10291,#10319));
#10228 = ORIENTED_EDGE('',*,*,#10229,.F.);
#10229 = EDGE_CURVE('',#10230,#10232,#10234,.T.);
#10230 = VERTEX_POINT('',#10231);
#10231 = CARTESIAN_POINT('',(-9.1,-8.55,-5.E-03));
#10232 = VERTEX_POINT('',#10233);
#10233 = CARTESIAN_POINT('',(-9.1,-8.55,0.845));
#10234 = SURFACE_CURVE('',#10235,(#10239,#10251),.PCURVE_S1.);
#10235 = LINE('',#10236,#10237);
#10236 = CARTESIAN_POINT('',(-9.1,-8.55,-5.E-03));
#10237 = VECTOR('',#10238,1.);
#10238 = DIRECTION('',(0.,0.,1.));
#10239 = PCURVE('',#10240,#10245);
#10240 = PLANE('',#10241);
#10241 = AXIS2_PLACEMENT_3D('',#10242,#10243,#10244);
#10242 = CARTESIAN_POINT('',(-9.1,-8.55,-5.E-03));
#10243 = DIRECTION('',(1.,0.,0.));
#10244 = DIRECTION('',(0.,0.,1.));
#10245 = DEFINITIONAL_REPRESENTATION('',(#10246),#10250);
#10246 = LINE('',#10247,#10248);
#10247 = CARTESIAN_POINT('',(0.,0.));
#10248 = VECTOR('',#10249,1.);
#10249 = DIRECTION('',(1.,0.));
#10250 = ( GEOMETRIC_REPRESENTATION_CONTEXT(2) 
PARAMETRIC_REPRESENTATION_CONTEXT() REPRESENTATION_CONTEXT('2D SPACE',''
  ) );
#10251 = PCURVE('',#10252,#10257);
#10252 = PLANE('',#10253);
#10253 = AXIS2_PLACEMENT_3D('',#10254,#10255,#10256);
#10254 = CARTESIAN_POINT('',(-9.1,-8.55,-5.E-03));
#10255 = DIRECTION('',(0.,1.,0.));
#10256 = DIRECTION('',(0.,0.,1.));
#10257 = DEFINITIONAL_REPRESENTATION('',(#10258),#10262);
#10258 = LINE('',#10259,#10260);
#10259 = CARTESIAN_POINT('',(0.,0.));
#10260 = VECTOR('',#10261,1.);
#10261 = DIRECTION('',(1.,0.));
#10262 = ( GEOMETRIC_REPRESENTATION_CONTEXT(2) 
PARAMETRIC_REPRESENTATION_CONTEXT() REPRESENTATION_CONTEXT('2D SPACE',''
  ) );
#10263 = ORIENTED_EDGE('',*,*,#10264,.T.);
#10264 = EDGE_CURVE('',#10230,#10265,#10267,.T.);
#10265 = VERTEX_POINT('',#10266);
#10266 = CARTESIAN_POINT('',(-9.1,-7.65,-5.E-03));
#10267 = SURFACE_CURVE('',#10268,(#10272,#10279),.PCURVE_S1.);
#10268 = LINE('',#10269,#10270);
#10269 = CARTESIAN_POINT('',(-9.1,-8.55,-5.E-03));
#10270 = VECTOR('',#10271,1.);
#10271 = DIRECTION('',(0.,1.,0.));
#10272 = PCURVE('',#10240,#10273);
#10273 = DEFINITIONAL_REPRESENTATION('',(#10274),#10278);
#10274 = LINE('',#10275,#10276);
#10275 = CARTESIAN_POINT('',(0.,0.));
#10276 = VECTOR('',#10277,1.);
#10277 = DIRECTION('',(0.,-1.));
#10278 = ( GEOMETRIC_REPRESENTATION_CONTEXT(2) 
PARAMETRIC_REPRESENTATION_CONTEXT() REPRESENTATION_CONTEXT('2D SPACE',''
  ) );
#10279 = PCURVE('',#10280,#10285);
#10280 = PLANE('',#10281);
#10281 = AXIS2_PLACEMENT_3D('',#10282,#10283,#10284);
#10282 = CARTESIAN_POINT('',(-9.1,-8.55,-5.E-03));
#10283 = DIRECTION('',(0.,0.,1.));
#10284 = DIRECTION('',(1.,0.,0.));
#10285 = DEFINITIONAL_REPRESENTATION('',(#10286),#10290);
#10286 = LINE('',#10287,#10288);
#10287 = CARTESIAN_POINT('',(0.,0.));
#10288 = VECTOR('',#10289,1.);
#10289 = DIRECTION('',(0.,1.));
#10290 = ( GEOMETRIC_REPRESENTATION_CONTEXT(2) 
PARAMETRIC_REPRESENTATION_CONTEXT() REPRESENTATION_CONTEXT('2D SPACE',''
  ) );
#10291 = ORIENTED_EDGE('',*,*,#10292,.T.);
#10292 = EDGE_CURVE('',#10265,#10293,#10295,.T.);
#10293 = VERTEX_POINT('',#10294);
#10294 = CARTESIAN_POINT('',(-9.1,-7.65,0.845));
#10295 = SURFACE_CURVE('',#10296,(#10300,#10307),.PCURVE_S1.);
#10296 = LINE('',#10297,#10298);
#10297 = CARTESIAN_POINT('',(-9.1,-7.65,-5.E-03));
#10298 = VECTOR('',#10299,1.);
#10299 = DIRECTION('',(0.,0.,1.));
#10300 = PCURVE('',#10240,#10301);
#10301 = DEFINITIONAL_REPRESENTATION('',(#10302),#10306);
#10302 = LINE('',#10303,#10304);
#10303 = CARTESIAN_POINT('',(0.,-0.9));
#10304 = VECTOR('',#10305,1.);
#10305 = DIRECTION('',(1.,0.));
#10306 = ( GEOMETRIC_REPRESENTATION_CONTEXT(2) 
PARAMETRIC_REPRESENTATION_CONTEXT() REPRESENTATION_CONTEXT('2D SPACE',''
  ) );
#10307 = PCURVE('',#10308,#10313);
#10308 = PLANE('',#10309);
#10309 = AXIS2_PLACEMENT_3D('',#10310,#10311,#10312);
#10310 = CARTESIAN_POINT('',(-9.1,-7.65,-5.E-03));
#10311 = DIRECTION('',(0.,1.,0.));
#10312 = DIRECTION('',(0.,0.,1.));
#10313 = DEFINITIONAL_REPRESENTATION('',(#10314),#10318);
#10314 = LINE('',#10315,#10316);
#10315 = CARTESIAN_POINT('',(0.,0.));
#10316 = VECTOR('',#10317,1.);
#10317 = DIRECTION('',(1.,0.));
#10318 = ( GEOMETRIC_REPRESENTATION_CONTEXT(2) 
PARAMETRIC_REPRESENTATION_CONTEXT() REPRESENTATION_CONTEXT('2D SPACE',''
  ) );
#10319 = ORIENTED_EDGE('',*,*,#10320,.F.);
#10320 = EDGE_CURVE('',#10232,#10293,#10321,.T.);
#10321 = SURFACE_CURVE('',#10322,(#10326,#10333),.PCURVE_S1.);
#10322 = LINE('',#10323,#10324);
#10323 = CARTESIAN_POINT('',(-9.1,-8.55,0.845));
#10324 = VECTOR('',#10325,1.);
#10325 = DIRECTION('',(0.,1.,0.));
#10326 = PCURVE('',#10240,#10327);
#10327 = DEFINITIONAL_REPRESENTATION('',(#10328),#10332);
#10328 = LINE('',#10329,#10330);
#10329 = CARTESIAN_POINT('',(0.85,0.));
#10330 = VECTOR('',#10331,1.);
#10331 = DIRECTION('',(0.,-1.));
#10332 = ( GEOMETRIC_REPRESENTATION_CONTEXT(2) 
PARAMETRIC_REPRESENTATION_CONTEXT() REPRESENTATION_CONTEXT('2D SPACE',''
  ) );
#10333 = PCURVE('',#10334,#10339);
#10334 = PLANE('',#10335);
#10335 = AXIS2_PLACEMENT_3D('',#10336,#10337,#10338);
#10336 = CARTESIAN_POINT('',(-9.1,-8.55,0.845));
#10337 = DIRECTION('',(0.,0.,1.));
#10338 = DIRECTION('',(1.,0.,0.));
#10339 = DEFINITIONAL_REPRESENTATION('',(#10340),#10344);
#10340 = LINE('',#10341,#10342);
#10341 = CARTESIAN_POINT('',(0.,0.));
#10342 = VECTOR('',#10343,1.);
#10343 = DIRECTION('',(0.,1.));
#10344 = ( GEOMETRIC_REPRESENTATION_CONTEXT(2) 
PARAMETRIC_REPRESENTATION_CONTEXT() REPRESENTATION_CONTEXT('2D SPACE',''
  ) );
#10345 = ADVANCED_FACE('',(#10346),#10360,.T.);
#10346 = FACE_BOUND('',#10347,.T.);
#10347 = EDGE_LOOP('',(#10348,#10378,#10401,#10424));
#10348 = ORIENTED_EDGE('',*,*,#10349,.F.);
#10349 = EDGE_CURVE('',#10350,#10352,#10354,.T.);
#10350 = VERTEX_POINT('',#10351);
#10351 = CARTESIAN_POINT('',(-8.8,-8.55,-5.E-03));
#10352 = VERTEX_POINT('',#10353);
#10353 = CARTESIAN_POINT('',(-8.8,-8.55,0.845));
#10354 = SURFACE_CURVE('',#10355,(#10359,#10371),.PCURVE_S1.);
#10355 = LINE('',#10356,#10357);
#10356 = CARTESIAN_POINT('',(-8.8,-8.55,-5.E-03));
#10357 = VECTOR('',#10358,1.);
#10358 = DIRECTION('',(0.,0.,1.));
#10359 = PCURVE('',#10360,#10365);
#10360 = PLANE('',#10361);
#10361 = AXIS2_PLACEMENT_3D('',#10362,#10363,#10364);
#10362 = CARTESIAN_POINT('',(-8.8,-8.55,-5.E-03));
#10363 = DIRECTION('',(1.,0.,0.));
#10364 = DIRECTION('',(0.,0.,1.));
#10365 = DEFINITIONAL_REPRESENTATION('',(#10366),#10370);
#10366 = LINE('',#10367,#10368);
#10367 = CARTESIAN_POINT('',(0.,0.));
#10368 = VECTOR('',#10369,1.);
#10369 = DIRECTION('',(1.,0.));
#10370 = ( GEOMETRIC_REPRESENTATION_CONTEXT(2) 
PARAMETRIC_REPRESENTATION_CONTEXT() REPRESENTATION_CONTEXT('2D SPACE',''
  ) );
#10371 = PCURVE('',#10252,#10372);
#10372 = DEFINITIONAL_REPRESENTATION('',(#10373),#10377);
#10373 = LINE('',#10374,#10375);
#10374 = CARTESIAN_POINT('',(0.,0.3));
#10375 = VECTOR('',#10376,1.);
#10376 = DIRECTION('',(1.,0.));
#10377 = ( GEOMETRIC_REPRESENTATION_CONTEXT(2) 
PARAMETRIC_REPRESENTATION_CONTEXT() REPRESENTATION_CONTEXT('2D SPACE',''
  ) );
#10378 = ORIENTED_EDGE('',*,*,#10379,.T.);
#10379 = EDGE_CURVE('',#10350,#10380,#10382,.T.);
#10380 = VERTEX_POINT('',#10381);
#10381 = CARTESIAN_POINT('',(-8.8,-7.65,-5.E-03));
#10382 = SURFACE_CURVE('',#10383,(#10387,#10394),.PCURVE_S1.);
#10383 = LINE('',#10384,#10385);
#10384 = CARTESIAN_POINT('',(-8.8,-8.55,-5.E-03));
#10385 = VECTOR('',#10386,1.);
#10386 = DIRECTION('',(0.,1.,0.));
#10387 = PCURVE('',#10360,#10388);
#10388 = DEFINITIONAL_REPRESENTATION('',(#10389),#10393);
#10389 = LINE('',#10390,#10391);
#10390 = CARTESIAN_POINT('',(0.,0.));
#10391 = VECTOR('',#10392,1.);
#10392 = DIRECTION('',(0.,-1.));
#10393 = ( GEOMETRIC_REPRESENTATION_CONTEXT(2) 
PARAMETRIC_REPRESENTATION_CONTEXT() REPRESENTATION_CONTEXT('2D SPACE',''
  ) );
#10394 = PCURVE('',#10280,#10395);
#10395 = DEFINITIONAL_REPRESENTATION('',(#10396),#10400);
#10396 = LINE('',#10397,#10398);
#10397 = CARTESIAN_POINT('',(0.3,0.));
#10398 = VECTOR('',#10399,1.);
#10399 = DIRECTION('',(0.,1.));
#10400 = ( GEOMETRIC_REPRESENTATION_CONTEXT(2) 
PARAMETRIC_REPRESENTATION_CONTEXT() REPRESENTATION_CONTEXT('2D SPACE',''
  ) );
#10401 = ORIENTED_EDGE('',*,*,#10402,.T.);
#10402 = EDGE_CURVE('',#10380,#10403,#10405,.T.);
#10403 = VERTEX_POINT('',#10404);
#10404 = CARTESIAN_POINT('',(-8.8,-7.65,0.845));
#10405 = SURFACE_CURVE('',#10406,(#10410,#10417),.PCURVE_S1.);
#10406 = LINE('',#10407,#10408);
#10407 = CARTESIAN_POINT('',(-8.8,-7.65,-5.E-03));
#10408 = VECTOR('',#10409,1.);
#10409 = DIRECTION('',(0.,0.,1.));
#10410 = PCURVE('',#10360,#10411);
#10411 = DEFINITIONAL_REPRESENTATION('',(#10412),#10416);
#10412 = LINE('',#10413,#10414);
#10413 = CARTESIAN_POINT('',(0.,-0.9));
#10414 = VECTOR('',#10415,1.);
#10415 = DIRECTION('',(1.,0.));
#10416 = ( GEOMETRIC_REPRESENTATION_CONTEXT(2) 
PARAMETRIC_REPRESENTATION_CONTEXT() REPRESENTATION_CONTEXT('2D SPACE',''
  ) );
#10417 = PCURVE('',#10308,#10418);
#10418 = DEFINITIONAL_REPRESENTATION('',(#10419),#10423);
#10419 = LINE('',#10420,#10421);
#10420 = CARTESIAN_POINT('',(0.,0.3));
#10421 = VECTOR('',#10422,1.);
#10422 = DIRECTION('',(1.,0.));
#10423 = ( GEOMETRIC_REPRESENTATION_CONTEXT(2) 
PARAMETRIC_REPRESENTATION_CONTEXT() REPRESENTATION_CONTEXT('2D SPACE',''
  ) );
#10424 = ORIENTED_EDGE('',*,*,#10425,.F.);
#10425 = EDGE_CURVE('',#10352,#10403,#10426,.T.);
#10426 = SURFACE_CURVE('',#10427,(#10431,#10438),.PCURVE_S1.);
#10427 = LINE('',#10428,#10429);
#10428 = CARTESIAN_POINT('',(-8.8,-8.55,0.845));
#10429 = VECTOR('',#10430,1.);
#10430 = DIRECTION('',(0.,1.,0.));
#10431 = PCURVE('',#10360,#10432);
#10432 = DEFINITIONAL_REPRESENTATION('',(#10433),#10437);
#10433 = LINE('',#10434,#10435);
#10434 = CARTESIAN_POINT('',(0.85,0.));
#10435 = VECTOR('',#10436,1.);
#10436 = DIRECTION('',(0.,-1.));
#10437 = ( GEOMETRIC_REPRESENTATION_CONTEXT(2) 
PARAMETRIC_REPRESENTATION_CONTEXT() REPRESENTATION_CONTEXT('2D SPACE',''
  ) );
#10438 = PCURVE('',#10334,#10439);
#10439 = DEFINITIONAL_REPRESENTATION('',(#10440),#10444);
#10440 = LINE('',#10441,#10442);
#10441 = CARTESIAN_POINT('',(0.3,0.));
#10442 = VECTOR('',#10443,1.);
#10443 = DIRECTION('',(0.,1.));
#10444 = ( GEOMETRIC_REPRESENTATION_CONTEXT(2) 
PARAMETRIC_REPRESENTATION_CONTEXT() REPRESENTATION_CONTEXT('2D SPACE',''
  ) );
#10445 = ADVANCED_FACE('',(#10446),#10252,.F.);
#10446 = FACE_BOUND('',#10447,.F.);
#10447 = EDGE_LOOP('',(#10448,#10469,#10470,#10491));
#10448 = ORIENTED_EDGE('',*,*,#10449,.F.);
#10449 = EDGE_CURVE('',#10230,#10350,#10450,.T.);
#10450 = SURFACE_CURVE('',#10451,(#10455,#10462),.PCURVE_S1.);
#10451 = LINE('',#10452,#10453);
#10452 = CARTESIAN_POINT('',(-9.1,-8.55,-5.E-03));
#10453 = VECTOR('',#10454,1.);
#10454 = DIRECTION('',(1.,0.,0.));
#10455 = PCURVE('',#10252,#10456);
#10456 = DEFINITIONAL_REPRESENTATION('',(#10457),#10461);
#10457 = LINE('',#10458,#10459);
#10458 = CARTESIAN_POINT('',(0.,0.));
#10459 = VECTOR('',#10460,1.);
#10460 = DIRECTION('',(0.,1.));
#10461 = ( GEOMETRIC_REPRESENTATION_CONTEXT(2) 
PARAMETRIC_REPRESENTATION_CONTEXT() REPRESENTATION_CONTEXT('2D SPACE',''
  ) );
#10462 = PCURVE('',#10280,#10463);
#10463 = DEFINITIONAL_REPRESENTATION('',(#10464),#10468);
#10464 = LINE('',#10465,#10466);
#10465 = CARTESIAN_POINT('',(0.,0.));
#10466 = VECTOR('',#10467,1.);
#10467 = DIRECTION('',(1.,0.));
#10468 = ( GEOMETRIC_REPRESENTATION_CONTEXT(2) 
PARAMETRIC_REPRESENTATION_CONTEXT() REPRESENTATION_CONTEXT('2D SPACE',''
  ) );
#10469 = ORIENTED_EDGE('',*,*,#10229,.T.);
#10470 = ORIENTED_EDGE('',*,*,#10471,.T.);
#10471 = EDGE_CURVE('',#10232,#10352,#10472,.T.);
#10472 = SURFACE_CURVE('',#10473,(#10477,#10484),.PCURVE_S1.);
#10473 = LINE('',#10474,#10475);
#10474 = CARTESIAN_POINT('',(-9.1,-8.55,0.845));
#10475 = VECTOR('',#10476,1.);
#10476 = DIRECTION('',(1.,0.,0.));
#10477 = PCURVE('',#10252,#10478);
#10478 = DEFINITIONAL_REPRESENTATION('',(#10479),#10483);
#10479 = LINE('',#10480,#10481);
#10480 = CARTESIAN_POINT('',(0.85,0.));
#10481 = VECTOR('',#10482,1.);
#10482 = DIRECTION('',(0.,1.));
#10483 = ( GEOMETRIC_REPRESENTATION_CONTEXT(2) 
PARAMETRIC_REPRESENTATION_CONTEXT() REPRESENTATION_CONTEXT('2D SPACE',''
  ) );
#10484 = PCURVE('',#10334,#10485);
#10485 = DEFINITIONAL_REPRESENTATION('',(#10486),#10490);
#10486 = LINE('',#10487,#10488);
#10487 = CARTESIAN_POINT('',(0.,0.));
#10488 = VECTOR('',#10489,1.);
#10489 = DIRECTION('',(1.,0.));
#10490 = ( GEOMETRIC_REPRESENTATION_CONTEXT(2) 
PARAMETRIC_REPRESENTATION_CONTEXT() REPRESENTATION_CONTEXT('2D SPACE',''
  ) );
#10491 = ORIENTED_EDGE('',*,*,#10349,.F.);
#10492 = ADVANCED_FACE('',(#10493),#10308,.T.);
#10493 = FACE_BOUND('',#10494,.T.);
#10494 = EDGE_LOOP('',(#10495,#10516,#10517,#10538));
#10495 = ORIENTED_EDGE('',*,*,#10496,.F.);
#10496 = EDGE_CURVE('',#10265,#10380,#10497,.T.);
#10497 = SURFACE_CURVE('',#10498,(#10502,#10509),.PCURVE_S1.);
#10498 = LINE('',#10499,#10500);
#10499 = CARTESIAN_POINT('',(-9.1,-7.65,-5.E-03));
#10500 = VECTOR('',#10501,1.);
#10501 = DIRECTION('',(1.,0.,0.));
#10502 = PCURVE('',#10308,#10503);
#10503 = DEFINITIONAL_REPRESENTATION('',(#10504),#10508);
#10504 = LINE('',#10505,#10506);
#10505 = CARTESIAN_POINT('',(0.,0.));
#10506 = VECTOR('',#10507,1.);
#10507 = DIRECTION('',(0.,1.));
#10508 = ( GEOMETRIC_REPRESENTATION_CONTEXT(2) 
PARAMETRIC_REPRESENTATION_CONTEXT() REPRESENTATION_CONTEXT('2D SPACE',''
  ) );
#10509 = PCURVE('',#10280,#10510);
#10510 = DEFINITIONAL_REPRESENTATION('',(#10511),#10515);
#10511 = LINE('',#10512,#10513);
#10512 = CARTESIAN_POINT('',(0.,0.9));
#10513 = VECTOR('',#10514,1.);
#10514 = DIRECTION('',(1.,0.));
#10515 = ( GEOMETRIC_REPRESENTATION_CONTEXT(2) 
PARAMETRIC_REPRESENTATION_CONTEXT() REPRESENTATION_CONTEXT('2D SPACE',''
  ) );
#10516 = ORIENTED_EDGE('',*,*,#10292,.T.);
#10517 = ORIENTED_EDGE('',*,*,#10518,.T.);
#10518 = EDGE_CURVE('',#10293,#10403,#10519,.T.);
#10519 = SURFACE_CURVE('',#10520,(#10524,#10531),.PCURVE_S1.);
#10520 = LINE('',#10521,#10522);
#10521 = CARTESIAN_POINT('',(-9.1,-7.65,0.845));
#10522 = VECTOR('',#10523,1.);
#10523 = DIRECTION('',(1.,0.,0.));
#10524 = PCURVE('',#10308,#10525);
#10525 = DEFINITIONAL_REPRESENTATION('',(#10526),#10530);
#10526 = LINE('',#10527,#10528);
#10527 = CARTESIAN_POINT('',(0.85,0.));
#10528 = VECTOR('',#10529,1.);
#10529 = DIRECTION('',(0.,1.));
#10530 = ( GEOMETRIC_REPRESENTATION_CONTEXT(2) 
PARAMETRIC_REPRESENTATION_CONTEXT() REPRESENTATION_CONTEXT('2D SPACE',''
  ) );
#10531 = PCURVE('',#10334,#10532);
#10532 = DEFINITIONAL_REPRESENTATION('',(#10533),#10537);
#10533 = LINE('',#10534,#10535);
#10534 = CARTESIAN_POINT('',(0.,0.9));
#10535 = VECTOR('',#10536,1.);
#10536 = DIRECTION('',(1.,0.));
#10537 = ( GEOMETRIC_REPRESENTATION_CONTEXT(2) 
PARAMETRIC_REPRESENTATION_CONTEXT() REPRESENTATION_CONTEXT('2D SPACE',''
  ) );
#10538 = ORIENTED_EDGE('',*,*,#10402,.F.);
#10539 = ADVANCED_FACE('',(#10540),#10280,.F.);
#10540 = FACE_BOUND('',#10541,.F.);
#10541 = EDGE_LOOP('',(#10542,#10543,#10544,#10545));
#10542 = ORIENTED_EDGE('',*,*,#10264,.F.);
#10543 = ORIENTED_EDGE('',*,*,#10449,.T.);
#10544 = ORIENTED_EDGE('',*,*,#10379,.T.);
#10545 = ORIENTED_EDGE('',*,*,#10496,.F.);
#10546 = ADVANCED_FACE('',(#10547),#10334,.T.);
#10547 = FACE_BOUND('',#10548,.T.);
#10548 = EDGE_LOOP('',(#10549,#10550,#10551,#10552));
#10549 = ORIENTED_EDGE('',*,*,#10320,.F.);
#10550 = ORIENTED_EDGE('',*,*,#10471,.T.);
#10551 = ORIENTED_EDGE('',*,*,#10425,.T.);
#10552 = ORIENTED_EDGE('',*,*,#10518,.F.);
#10553 = MANIFOLD_SOLID_BREP('',#10554);
#10554 = CLOSED_SHELL('',(#10555,#10675,#10775,#10822,#10869,#10876));
#10555 = ADVANCED_FACE('',(#10556),#10570,.F.);
#10556 = FACE_BOUND('',#10557,.F.);
#10557 = EDGE_LOOP('',(#10558,#10593,#10621,#10649));
#10558 = ORIENTED_EDGE('',*,*,#10559,.F.);
#10559 = EDGE_CURVE('',#10560,#10562,#10564,.T.);
#10560 = VERTEX_POINT('',#10561);
#10561 = CARTESIAN_POINT('',(8.8,-8.55,-5.E-03));
#10562 = VERTEX_POINT('',#10563);
#10563 = CARTESIAN_POINT('',(8.8,-8.55,0.845));
#10564 = SURFACE_CURVE('',#10565,(#10569,#10581),.PCURVE_S1.);
#10565 = LINE('',#10566,#10567);
#10566 = CARTESIAN_POINT('',(8.8,-8.55,-5.E-03));
#10567 = VECTOR('',#10568,1.);
#10568 = DIRECTION('',(0.,0.,1.));
#10569 = PCURVE('',#10570,#10575);
#10570 = PLANE('',#10571);
#10571 = AXIS2_PLACEMENT_3D('',#10572,#10573,#10574);
#10572 = CARTESIAN_POINT('',(8.8,-8.55,-5.E-03));
#10573 = DIRECTION('',(1.,0.,0.));
#10574 = DIRECTION('',(0.,0.,1.));
#10575 = DEFINITIONAL_REPRESENTATION('',(#10576),#10580);
#10576 = LINE('',#10577,#10578);
#10577 = CARTESIAN_POINT('',(0.,0.));
#10578 = VECTOR('',#10579,1.);
#10579 = DIRECTION('',(1.,0.));
#10580 = ( GEOMETRIC_REPRESENTATION_CONTEXT(2) 
PARAMETRIC_REPRESENTATION_CONTEXT() REPRESENTATION_CONTEXT('2D SPACE',''
  ) );
#10581 = PCURVE('',#10582,#10587);
#10582 = PLANE('',#10583);
#10583 = AXIS2_PLACEMENT_3D('',#10584,#10585,#10586);
#10584 = CARTESIAN_POINT('',(8.8,-8.55,-5.E-03));
#10585 = DIRECTION('',(0.,1.,0.));
#10586 = DIRECTION('',(0.,0.,1.));
#10587 = DEFINITIONAL_REPRESENTATION('',(#10588),#10592);
#10588 = LINE('',#10589,#10590);
#10589 = CARTESIAN_POINT('',(0.,0.));
#10590 = VECTOR('',#10591,1.);
#10591 = DIRECTION('',(1.,0.));
#10592 = ( GEOMETRIC_REPRESENTATION_CONTEXT(2) 
PARAMETRIC_REPRESENTATION_CONTEXT() REPRESENTATION_CONTEXT('2D SPACE',''
  ) );
#10593 = ORIENTED_EDGE('',*,*,#10594,.T.);
#10594 = EDGE_CURVE('',#10560,#10595,#10597,.T.);
#10595 = VERTEX_POINT('',#10596);
#10596 = CARTESIAN_POINT('',(8.8,-7.65,-5.E-03));
#10597 = SURFACE_CURVE('',#10598,(#10602,#10609),.PCURVE_S1.);
#10598 = LINE('',#10599,#10600);
#10599 = CARTESIAN_POINT('',(8.8,-8.55,-5.E-03));
#10600 = VECTOR('',#10601,1.);
#10601 = DIRECTION('',(0.,1.,0.));
#10602 = PCURVE('',#10570,#10603);
#10603 = DEFINITIONAL_REPRESENTATION('',(#10604),#10608);
#10604 = LINE('',#10605,#10606);
#10605 = CARTESIAN_POINT('',(0.,0.));
#10606 = VECTOR('',#10607,1.);
#10607 = DIRECTION('',(0.,-1.));
#10608 = ( GEOMETRIC_REPRESENTATION_CONTEXT(2) 
PARAMETRIC_REPRESENTATION_CONTEXT() REPRESENTATION_CONTEXT('2D SPACE',''
  ) );
#10609 = PCURVE('',#10610,#10615);
#10610 = PLANE('',#10611);
#10611 = AXIS2_PLACEMENT_3D('',#10612,#10613,#10614);
#10612 = CARTESIAN_POINT('',(8.8,-8.55,-5.E-03));
#10613 = DIRECTION('',(0.,0.,1.));
#10614 = DIRECTION('',(1.,0.,0.));
#10615 = DEFINITIONAL_REPRESENTATION('',(#10616),#10620);
#10616 = LINE('',#10617,#10618);
#10617 = CARTESIAN_POINT('',(0.,0.));
#10618 = VECTOR('',#10619,1.);
#10619 = DIRECTION('',(0.,1.));
#10620 = ( GEOMETRIC_REPRESENTATION_CONTEXT(2) 
PARAMETRIC_REPRESENTATION_CONTEXT() REPRESENTATION_CONTEXT('2D SPACE',''
  ) );
#10621 = ORIENTED_EDGE('',*,*,#10622,.T.);
#10622 = EDGE_CURVE('',#10595,#10623,#10625,.T.);
#10623 = VERTEX_POINT('',#10624);
#10624 = CARTESIAN_POINT('',(8.8,-7.65,0.845));
#10625 = SURFACE_CURVE('',#10626,(#10630,#10637),.PCURVE_S1.);
#10626 = LINE('',#10627,#10628);
#10627 = CARTESIAN_POINT('',(8.8,-7.65,-5.E-03));
#10628 = VECTOR('',#10629,1.);
#10629 = DIRECTION('',(0.,0.,1.));
#10630 = PCURVE('',#10570,#10631);
#10631 = DEFINITIONAL_REPRESENTATION('',(#10632),#10636);
#10632 = LINE('',#10633,#10634);
#10633 = CARTESIAN_POINT('',(0.,-0.9));
#10634 = VECTOR('',#10635,1.);
#10635 = DIRECTION('',(1.,0.));
#10636 = ( GEOMETRIC_REPRESENTATION_CONTEXT(2) 
PARAMETRIC_REPRESENTATION_CONTEXT() REPRESENTATION_CONTEXT('2D SPACE',''
  ) );
#10637 = PCURVE('',#10638,#10643);
#10638 = PLANE('',#10639);
#10639 = AXIS2_PLACEMENT_3D('',#10640,#10641,#10642);
#10640 = CARTESIAN_POINT('',(8.8,-7.65,-5.E-03));
#10641 = DIRECTION('',(0.,1.,0.));
#10642 = DIRECTION('',(0.,0.,1.));
#10643 = DEFINITIONAL_REPRESENTATION('',(#10644),#10648);
#10644 = LINE('',#10645,#10646);
#10645 = CARTESIAN_POINT('',(0.,0.));
#10646 = VECTOR('',#10647,1.);
#10647 = DIRECTION('',(1.,0.));
#10648 = ( GEOMETRIC_REPRESENTATION_CONTEXT(2) 
PARAMETRIC_REPRESENTATION_CONTEXT() REPRESENTATION_CONTEXT('2D SPACE',''
  ) );
#10649 = ORIENTED_EDGE('',*,*,#10650,.F.);
#10650 = EDGE_CURVE('',#10562,#10623,#10651,.T.);
#10651 = SURFACE_CURVE('',#10652,(#10656,#10663),.PCURVE_S1.);
#10652 = LINE('',#10653,#10654);
#10653 = CARTESIAN_POINT('',(8.8,-8.55,0.845));
#10654 = VECTOR('',#10655,1.);
#10655 = DIRECTION('',(0.,1.,0.));
#10656 = PCURVE('',#10570,#10657);
#10657 = DEFINITIONAL_REPRESENTATION('',(#10658),#10662);
#10658 = LINE('',#10659,#10660);
#10659 = CARTESIAN_POINT('',(0.85,0.));
#10660 = VECTOR('',#10661,1.);
#10661 = DIRECTION('',(0.,-1.));
#10662 = ( GEOMETRIC_REPRESENTATION_CONTEXT(2) 
PARAMETRIC_REPRESENTATION_CONTEXT() REPRESENTATION_CONTEXT('2D SPACE',''
  ) );
#10663 = PCURVE('',#10664,#10669);
#10664 = PLANE('',#10665);
#10665 = AXIS2_PLACEMENT_3D('',#10666,#10667,#10668);
#10666 = CARTESIAN_POINT('',(8.8,-8.55,0.845));
#10667 = DIRECTION('',(0.,0.,1.));
#10668 = DIRECTION('',(1.,0.,0.));
#10669 = DEFINITIONAL_REPRESENTATION('',(#10670),#10674);
#10670 = LINE('',#10671,#10672);
#10671 = CARTESIAN_POINT('',(0.,0.));
#10672 = VECTOR('',#10673,1.);
#10673 = DIRECTION('',(0.,1.));
#10674 = ( GEOMETRIC_REPRESENTATION_CONTEXT(2) 
PARAMETRIC_REPRESENTATION_CONTEXT() REPRESENTATION_CONTEXT('2D SPACE',''
  ) );
#10675 = ADVANCED_FACE('',(#10676),#10690,.T.);
#10676 = FACE_BOUND('',#10677,.T.);
#10677 = EDGE_LOOP('',(#10678,#10708,#10731,#10754));
#10678 = ORIENTED_EDGE('',*,*,#10679,.F.);
#10679 = EDGE_CURVE('',#10680,#10682,#10684,.T.);
#10680 = VERTEX_POINT('',#10681);
#10681 = CARTESIAN_POINT('',(9.1,-8.55,-5.E-03));
#10682 = VERTEX_POINT('',#10683);
#10683 = CARTESIAN_POINT('',(9.1,-8.55,0.845));
#10684 = SURFACE_CURVE('',#10685,(#10689,#10701),.PCURVE_S1.);
#10685 = LINE('',#10686,#10687);
#10686 = CARTESIAN_POINT('',(9.1,-8.55,-5.E-03));
#10687 = VECTOR('',#10688,1.);
#10688 = DIRECTION('',(0.,0.,1.));
#10689 = PCURVE('',#10690,#10695);
#10690 = PLANE('',#10691);
#10691 = AXIS2_PLACEMENT_3D('',#10692,#10693,#10694);
#10692 = CARTESIAN_POINT('',(9.1,-8.55,-5.E-03));
#10693 = DIRECTION('',(1.,0.,0.));
#10694 = DIRECTION('',(0.,0.,1.));
#10695 = DEFINITIONAL_REPRESENTATION('',(#10696),#10700);
#10696 = LINE('',#10697,#10698);
#10697 = CARTESIAN_POINT('',(0.,0.));
#10698 = VECTOR('',#10699,1.);
#10699 = DIRECTION('',(1.,0.));
#10700 = ( GEOMETRIC_REPRESENTATION_CONTEXT(2) 
PARAMETRIC_REPRESENTATION_CONTEXT() REPRESENTATION_CONTEXT('2D SPACE',''
  ) );
#10701 = PCURVE('',#10582,#10702);
#10702 = DEFINITIONAL_REPRESENTATION('',(#10703),#10707);
#10703 = LINE('',#10704,#10705);
#10704 = CARTESIAN_POINT('',(0.,0.3));
#10705 = VECTOR('',#10706,1.);
#10706 = DIRECTION('',(1.,0.));
#10707 = ( GEOMETRIC_REPRESENTATION_CONTEXT(2) 
PARAMETRIC_REPRESENTATION_CONTEXT() REPRESENTATION_CONTEXT('2D SPACE',''
  ) );
#10708 = ORIENTED_EDGE('',*,*,#10709,.T.);
#10709 = EDGE_CURVE('',#10680,#10710,#10712,.T.);
#10710 = VERTEX_POINT('',#10711);
#10711 = CARTESIAN_POINT('',(9.1,-7.65,-5.E-03));
#10712 = SURFACE_CURVE('',#10713,(#10717,#10724),.PCURVE_S1.);
#10713 = LINE('',#10714,#10715);
#10714 = CARTESIAN_POINT('',(9.1,-8.55,-5.E-03));
#10715 = VECTOR('',#10716,1.);
#10716 = DIRECTION('',(0.,1.,0.));
#10717 = PCURVE('',#10690,#10718);
#10718 = DEFINITIONAL_REPRESENTATION('',(#10719),#10723);
#10719 = LINE('',#10720,#10721);
#10720 = CARTESIAN_POINT('',(0.,0.));
#10721 = VECTOR('',#10722,1.);
#10722 = DIRECTION('',(0.,-1.));
#10723 = ( GEOMETRIC_REPRESENTATION_CONTEXT(2) 
PARAMETRIC_REPRESENTATION_CONTEXT() REPRESENTATION_CONTEXT('2D SPACE',''
  ) );
#10724 = PCURVE('',#10610,#10725);
#10725 = DEFINITIONAL_REPRESENTATION('',(#10726),#10730);
#10726 = LINE('',#10727,#10728);
#10727 = CARTESIAN_POINT('',(0.3,0.));
#10728 = VECTOR('',#10729,1.);
#10729 = DIRECTION('',(0.,1.));
#10730 = ( GEOMETRIC_REPRESENTATION_CONTEXT(2) 
PARAMETRIC_REPRESENTATION_CONTEXT() REPRESENTATION_CONTEXT('2D SPACE',''
  ) );
#10731 = ORIENTED_EDGE('',*,*,#10732,.T.);
#10732 = EDGE_CURVE('',#10710,#10733,#10735,.T.);
#10733 = VERTEX_POINT('',#10734);
#10734 = CARTESIAN_POINT('',(9.1,-7.65,0.845));
#10735 = SURFACE_CURVE('',#10736,(#10740,#10747),.PCURVE_S1.);
#10736 = LINE('',#10737,#10738);
#10737 = CARTESIAN_POINT('',(9.1,-7.65,-5.E-03));
#10738 = VECTOR('',#10739,1.);
#10739 = DIRECTION('',(0.,0.,1.));
#10740 = PCURVE('',#10690,#10741);
#10741 = DEFINITIONAL_REPRESENTATION('',(#10742),#10746);
#10742 = LINE('',#10743,#10744);
#10743 = CARTESIAN_POINT('',(0.,-0.9));
#10744 = VECTOR('',#10745,1.);
#10745 = DIRECTION('',(1.,0.));
#10746 = ( GEOMETRIC_REPRESENTATION_CONTEXT(2) 
PARAMETRIC_REPRESENTATION_CONTEXT() REPRESENTATION_CONTEXT('2D SPACE',''
  ) );
#10747 = PCURVE('',#10638,#10748);
#10748 = DEFINITIONAL_REPRESENTATION('',(#10749),#10753);
#10749 = LINE('',#10750,#10751);
#10750 = CARTESIAN_POINT('',(0.,0.3));
#10751 = VECTOR('',#10752,1.);
#10752 = DIRECTION('',(1.,0.));
#10753 = ( GEOMETRIC_REPRESENTATION_CONTEXT(2) 
PARAMETRIC_REPRESENTATION_CONTEXT() REPRESENTATION_CONTEXT('2D SPACE',''
  ) );
#10754 = ORIENTED_EDGE('',*,*,#10755,.F.);
#10755 = EDGE_CURVE('',#10682,#10733,#10756,.T.);
#10756 = SURFACE_CURVE('',#10757,(#10761,#10768),.PCURVE_S1.);
#10757 = LINE('',#10758,#10759);
#10758 = CARTESIAN_POINT('',(9.1,-8.55,0.845));
#10759 = VECTOR('',#10760,1.);
#10760 = DIRECTION('',(0.,1.,0.));
#10761 = PCURVE('',#10690,#10762);
#10762 = DEFINITIONAL_REPRESENTATION('',(#10763),#10767);
#10763 = LINE('',#10764,#10765);
#10764 = CARTESIAN_POINT('',(0.85,0.));
#10765 = VECTOR('',#10766,1.);
#10766 = DIRECTION('',(0.,-1.));
#10767 = ( GEOMETRIC_REPRESENTATION_CONTEXT(2) 
PARAMETRIC_REPRESENTATION_CONTEXT() REPRESENTATION_CONTEXT('2D SPACE',''
  ) );
#10768 = PCURVE('',#10664,#10769);
#10769 = DEFINITIONAL_REPRESENTATION('',(#10770),#10774);
#10770 = LINE('',#10771,#10772);
#10771 = CARTESIAN_POINT('',(0.3,0.));
#10772 = VECTOR('',#10773,1.);
#10773 = DIRECTION('',(0.,1.));
#10774 = ( GEOMETRIC_REPRESENTATION_CONTEXT(2) 
PARAMETRIC_REPRESENTATION_CONTEXT() REPRESENTATION_CONTEXT('2D SPACE',''
  ) );
#10775 = ADVANCED_FACE('',(#10776),#10582,.F.);
#10776 = FACE_BOUND('',#10777,.F.);
#10777 = EDGE_LOOP('',(#10778,#10799,#10800,#10821));
#10778 = ORIENTED_EDGE('',*,*,#10779,.F.);
#10779 = EDGE_CURVE('',#10560,#10680,#10780,.T.);
#10780 = SURFACE_CURVE('',#10781,(#10785,#10792),.PCURVE_S1.);
#10781 = LINE('',#10782,#10783);
#10782 = CARTESIAN_POINT('',(8.8,-8.55,-5.E-03));
#10783 = VECTOR('',#10784,1.);
#10784 = DIRECTION('',(1.,0.,0.));
#10785 = PCURVE('',#10582,#10786);
#10786 = DEFINITIONAL_REPRESENTATION('',(#10787),#10791);
#10787 = LINE('',#10788,#10789);
#10788 = CARTESIAN_POINT('',(0.,0.));
#10789 = VECTOR('',#10790,1.);
#10790 = DIRECTION('',(0.,1.));
#10791 = ( GEOMETRIC_REPRESENTATION_CONTEXT(2) 
PARAMETRIC_REPRESENTATION_CONTEXT() REPRESENTATION_CONTEXT('2D SPACE',''
  ) );
#10792 = PCURVE('',#10610,#10793);
#10793 = DEFINITIONAL_REPRESENTATION('',(#10794),#10798);
#10794 = LINE('',#10795,#10796);
#10795 = CARTESIAN_POINT('',(0.,0.));
#10796 = VECTOR('',#10797,1.);
#10797 = DIRECTION('',(1.,0.));
#10798 = ( GEOMETRIC_REPRESENTATION_CONTEXT(2) 
PARAMETRIC_REPRESENTATION_CONTEXT() REPRESENTATION_CONTEXT('2D SPACE',''
  ) );
#10799 = ORIENTED_EDGE('',*,*,#10559,.T.);
#10800 = ORIENTED_EDGE('',*,*,#10801,.T.);
#10801 = EDGE_CURVE('',#10562,#10682,#10802,.T.);
#10802 = SURFACE_CURVE('',#10803,(#10807,#10814),.PCURVE_S1.);
#10803 = LINE('',#10804,#10805);
#10804 = CARTESIAN_POINT('',(8.8,-8.55,0.845));
#10805 = VECTOR('',#10806,1.);
#10806 = DIRECTION('',(1.,0.,0.));
#10807 = PCURVE('',#10582,#10808);
#10808 = DEFINITIONAL_REPRESENTATION('',(#10809),#10813);
#10809 = LINE('',#10810,#10811);
#10810 = CARTESIAN_POINT('',(0.85,0.));
#10811 = VECTOR('',#10812,1.);
#10812 = DIRECTION('',(0.,1.));
#10813 = ( GEOMETRIC_REPRESENTATION_CONTEXT(2) 
PARAMETRIC_REPRESENTATION_CONTEXT() REPRESENTATION_CONTEXT('2D SPACE',''
  ) );
#10814 = PCURVE('',#10664,#10815);
#10815 = DEFINITIONAL_REPRESENTATION('',(#10816),#10820);
#10816 = LINE('',#10817,#10818);
#10817 = CARTESIAN_POINT('',(0.,0.));
#10818 = VECTOR('',#10819,1.);
#10819 = DIRECTION('',(1.,0.));
#10820 = ( GEOMETRIC_REPRESENTATION_CONTEXT(2) 
PARAMETRIC_REPRESENTATION_CONTEXT() REPRESENTATION_CONTEXT('2D SPACE',''
  ) );
#10821 = ORIENTED_EDGE('',*,*,#10679,.F.);
#10822 = ADVANCED_FACE('',(#10823),#10638,.T.);
#10823 = FACE_BOUND('',#10824,.T.);
#10824 = EDGE_LOOP('',(#10825,#10846,#10847,#10868));
#10825 = ORIENTED_EDGE('',*,*,#10826,.F.);
#10826 = EDGE_CURVE('',#10595,#10710,#10827,.T.);
#10827 = SURFACE_CURVE('',#10828,(#10832,#10839),.PCURVE_S1.);
#10828 = LINE('',#10829,#10830);
#10829 = CARTESIAN_POINT('',(8.8,-7.65,-5.E-03));
#10830 = VECTOR('',#10831,1.);
#10831 = DIRECTION('',(1.,0.,0.));
#10832 = PCURVE('',#10638,#10833);
#10833 = DEFINITIONAL_REPRESENTATION('',(#10834),#10838);
#10834 = LINE('',#10835,#10836);
#10835 = CARTESIAN_POINT('',(0.,0.));
#10836 = VECTOR('',#10837,1.);
#10837 = DIRECTION('',(0.,1.));
#10838 = ( GEOMETRIC_REPRESENTATION_CONTEXT(2) 
PARAMETRIC_REPRESENTATION_CONTEXT() REPRESENTATION_CONTEXT('2D SPACE',''
  ) );
#10839 = PCURVE('',#10610,#10840);
#10840 = DEFINITIONAL_REPRESENTATION('',(#10841),#10845);
#10841 = LINE('',#10842,#10843);
#10842 = CARTESIAN_POINT('',(0.,0.9));
#10843 = VECTOR('',#10844,1.);
#10844 = DIRECTION('',(1.,0.));
#10845 = ( GEOMETRIC_REPRESENTATION_CONTEXT(2) 
PARAMETRIC_REPRESENTATION_CONTEXT() REPRESENTATION_CONTEXT('2D SPACE',''
  ) );
#10846 = ORIENTED_EDGE('',*,*,#10622,.T.);
#10847 = ORIENTED_EDGE('',*,*,#10848,.T.);
#10848 = EDGE_CURVE('',#10623,#10733,#10849,.T.);
#10849 = SURFACE_CURVE('',#10850,(#10854,#10861),.PCURVE_S1.);
#10850 = LINE('',#10851,#10852);
#10851 = CARTESIAN_POINT('',(8.8,-7.65,0.845));
#10852 = VECTOR('',#10853,1.);
#10853 = DIRECTION('',(1.,0.,0.));
#10854 = PCURVE('',#10638,#10855);
#10855 = DEFINITIONAL_REPRESENTATION('',(#10856),#10860);
#10856 = LINE('',#10857,#10858);
#10857 = CARTESIAN_POINT('',(0.85,0.));
#10858 = VECTOR('',#10859,1.);
#10859 = DIRECTION('',(0.,1.));
#10860 = ( GEOMETRIC_REPRESENTATION_CONTEXT(2) 
PARAMETRIC_REPRESENTATION_CONTEXT() REPRESENTATION_CONTEXT('2D SPACE',''
  ) );
#10861 = PCURVE('',#10664,#10862);
#10862 = DEFINITIONAL_REPRESENTATION('',(#10863),#10867);
#10863 = LINE('',#10864,#10865);
#10864 = CARTESIAN_POINT('',(0.,0.9));
#10865 = VECTOR('',#10866,1.);
#10866 = DIRECTION('',(1.,0.));
#10867 = ( GEOMETRIC_REPRESENTATION_CONTEXT(2) 
PARAMETRIC_REPRESENTATION_CONTEXT() REPRESENTATION_CONTEXT('2D SPACE',''
  ) );
#10868 = ORIENTED_EDGE('',*,*,#10732,.F.);
#10869 = ADVANCED_FACE('',(#10870),#10610,.F.);
#10870 = FACE_BOUND('',#10871,.F.);
#10871 = EDGE_LOOP('',(#10872,#10873,#10874,#10875));
#10872 = ORIENTED_EDGE('',*,*,#10594,.F.);
#10873 = ORIENTED_EDGE('',*,*,#10779,.T.);
#10874 = ORIENTED_EDGE('',*,*,#10709,.T.);
#10875 = ORIENTED_EDGE('',*,*,#10826,.F.);
#10876 = ADVANCED_FACE('',(#10877),#10664,.T.);
#10877 = FACE_BOUND('',#10878,.T.);
#10878 = EDGE_LOOP('',(#10879,#10880,#10881,#10882));
#10879 = ORIENTED_EDGE('',*,*,#10650,.F.);
#10880 = ORIENTED_EDGE('',*,*,#10801,.T.);
#10881 = ORIENTED_EDGE('',*,*,#10755,.T.);
#10882 = ORIENTED_EDGE('',*,*,#10848,.F.);
#10883 = MANIFOLD_SOLID_BREP('',#10884);
#10884 = CLOSED_SHELL('',(#10885,#11005,#11105,#11152,#11199,#11206));
#10885 = ADVANCED_FACE('',(#10886),#10900,.F.);
#10886 = FACE_BOUND('',#10887,.F.);
#10887 = EDGE_LOOP('',(#10888,#10923,#10951,#10979));
#10888 = ORIENTED_EDGE('',*,*,#10889,.F.);
#10889 = EDGE_CURVE('',#10890,#10892,#10894,.T.);
#10890 = VERTEX_POINT('',#10891);
#10891 = CARTESIAN_POINT('',(-7.435,-9.6,-5.E-03));
#10892 = VERTEX_POINT('',#10893);
#10893 = CARTESIAN_POINT('',(-7.435,-9.6,0.845));
#10894 = SURFACE_CURVE('',#10895,(#10899,#10911),.PCURVE_S1.);
#10895 = LINE('',#10896,#10897);
#10896 = CARTESIAN_POINT('',(-7.435,-9.6,-5.E-03));
#10897 = VECTOR('',#10898,1.);
#10898 = DIRECTION('',(0.,0.,1.));
#10899 = PCURVE('',#10900,#10905);
#10900 = PLANE('',#10901);
#10901 = AXIS2_PLACEMENT_3D('',#10902,#10903,#10904);
#10902 = CARTESIAN_POINT('',(-7.435,-9.6,-5.E-03));
#10903 = DIRECTION('',(1.,0.,0.));
#10904 = DIRECTION('',(0.,0.,1.));
#10905 = DEFINITIONAL_REPRESENTATION('',(#10906),#10910);
#10906 = LINE('',#10907,#10908);
#10907 = CARTESIAN_POINT('',(0.,0.));
#10908 = VECTOR('',#10909,1.);
#10909 = DIRECTION('',(1.,0.));
#10910 = ( GEOMETRIC_REPRESENTATION_CONTEXT(2) 
PARAMETRIC_REPRESENTATION_CONTEXT() REPRESENTATION_CONTEXT('2D SPACE',''
  ) );
#10911 = PCURVE('',#10912,#10917);
#10912 = PLANE('',#10913);
#10913 = AXIS2_PLACEMENT_3D('',#10914,#10915,#10916);
#10914 = CARTESIAN_POINT('',(-7.435,-9.6,-5.E-03));
#10915 = DIRECTION('',(0.,1.,0.));
#10916 = DIRECTION('',(0.,0.,1.));
#10917 = DEFINITIONAL_REPRESENTATION('',(#10918),#10922);
#10918 = LINE('',#10919,#10920);
#10919 = CARTESIAN_POINT('',(0.,0.));
#10920 = VECTOR('',#10921,1.);
#10921 = DIRECTION('',(1.,0.));
#10922 = ( GEOMETRIC_REPRESENTATION_CONTEXT(2) 
PARAMETRIC_REPRESENTATION_CONTEXT() REPRESENTATION_CONTEXT('2D SPACE',''
  ) );
#10923 = ORIENTED_EDGE('',*,*,#10924,.T.);
#10924 = EDGE_CURVE('',#10890,#10925,#10927,.T.);
#10925 = VERTEX_POINT('',#10926);
#10926 = CARTESIAN_POINT('',(-7.435,-9.3,-5.E-03));
#10927 = SURFACE_CURVE('',#10928,(#10932,#10939),.PCURVE_S1.);
#10928 = LINE('',#10929,#10930);
#10929 = CARTESIAN_POINT('',(-7.435,-9.6,-5.E-03));
#10930 = VECTOR('',#10931,1.);
#10931 = DIRECTION('',(0.,1.,0.));
#10932 = PCURVE('',#10900,#10933);
#10933 = DEFINITIONAL_REPRESENTATION('',(#10934),#10938);
#10934 = LINE('',#10935,#10936);
#10935 = CARTESIAN_POINT('',(0.,0.));
#10936 = VECTOR('',#10937,1.);
#10937 = DIRECTION('',(0.,-1.));
#10938 = ( GEOMETRIC_REPRESENTATION_CONTEXT(2) 
PARAMETRIC_REPRESENTATION_CONTEXT() REPRESENTATION_CONTEXT('2D SPACE',''
  ) );
#10939 = PCURVE('',#10940,#10945);
#10940 = PLANE('',#10941);
#10941 = AXIS2_PLACEMENT_3D('',#10942,#10943,#10944);
#10942 = CARTESIAN_POINT('',(-7.435,-9.6,-5.E-03));
#10943 = DIRECTION('',(0.,0.,1.));
#10944 = DIRECTION('',(1.,0.,0.));
#10945 = DEFINITIONAL_REPRESENTATION('',(#10946),#10950);
#10946 = LINE('',#10947,#10948);
#10947 = CARTESIAN_POINT('',(0.,0.));
#10948 = VECTOR('',#10949,1.);
#10949 = DIRECTION('',(0.,1.));
#10950 = ( GEOMETRIC_REPRESENTATION_CONTEXT(2) 
PARAMETRIC_REPRESENTATION_CONTEXT() REPRESENTATION_CONTEXT('2D SPACE',''
  ) );
#10951 = ORIENTED_EDGE('',*,*,#10952,.T.);
#10952 = EDGE_CURVE('',#10925,#10953,#10955,.T.);
#10953 = VERTEX_POINT('',#10954);
#10954 = CARTESIAN_POINT('',(-7.435,-9.3,0.845));
#10955 = SURFACE_CURVE('',#10956,(#10960,#10967),.PCURVE_S1.);
#10956 = LINE('',#10957,#10958);
#10957 = CARTESIAN_POINT('',(-7.435,-9.3,-5.E-03));
#10958 = VECTOR('',#10959,1.);
#10959 = DIRECTION('',(0.,0.,1.));
#10960 = PCURVE('',#10900,#10961);
#10961 = DEFINITIONAL_REPRESENTATION('',(#10962),#10966);
#10962 = LINE('',#10963,#10964);
#10963 = CARTESIAN_POINT('',(0.,-0.3));
#10964 = VECTOR('',#10965,1.);
#10965 = DIRECTION('',(1.,0.));
#10966 = ( GEOMETRIC_REPRESENTATION_CONTEXT(2) 
PARAMETRIC_REPRESENTATION_CONTEXT() REPRESENTATION_CONTEXT('2D SPACE',''
  ) );
#10967 = PCURVE('',#10968,#10973);
#10968 = PLANE('',#10969);
#10969 = AXIS2_PLACEMENT_3D('',#10970,#10971,#10972);
#10970 = CARTESIAN_POINT('',(-7.435,-9.3,-5.E-03));
#10971 = DIRECTION('',(0.,1.,0.));
#10972 = DIRECTION('',(0.,0.,1.));
#10973 = DEFINITIONAL_REPRESENTATION('',(#10974),#10978);
#10974 = LINE('',#10975,#10976);
#10975 = CARTESIAN_POINT('',(0.,0.));
#10976 = VECTOR('',#10977,1.);
#10977 = DIRECTION('',(1.,0.));
#10978 = ( GEOMETRIC_REPRESENTATION_CONTEXT(2) 
PARAMETRIC_REPRESENTATION_CONTEXT() REPRESENTATION_CONTEXT('2D SPACE',''
  ) );
#10979 = ORIENTED_EDGE('',*,*,#10980,.F.);
#10980 = EDGE_CURVE('',#10892,#10953,#10981,.T.);
#10981 = SURFACE_CURVE('',#10982,(#10986,#10993),.PCURVE_S1.);
#10982 = LINE('',#10983,#10984);
#10983 = CARTESIAN_POINT('',(-7.435,-9.6,0.845));
#10984 = VECTOR('',#10985,1.);
#10985 = DIRECTION('',(0.,1.,0.));
#10986 = PCURVE('',#10900,#10987);
#10987 = DEFINITIONAL_REPRESENTATION('',(#10988),#10992);
#10988 = LINE('',#10989,#10990);
#10989 = CARTESIAN_POINT('',(0.85,0.));
#10990 = VECTOR('',#10991,1.);
#10991 = DIRECTION('',(0.,-1.));
#10992 = ( GEOMETRIC_REPRESENTATION_CONTEXT(2) 
PARAMETRIC_REPRESENTATION_CONTEXT() REPRESENTATION_CONTEXT('2D SPACE',''
  ) );
#10993 = PCURVE('',#10994,#10999);
#10994 = PLANE('',#10995);
#10995 = AXIS2_PLACEMENT_3D('',#10996,#10997,#10998);
#10996 = CARTESIAN_POINT('',(-7.435,-9.6,0.845));
#10997 = DIRECTION('',(0.,0.,1.));
#10998 = DIRECTION('',(1.,0.,0.));
#10999 = DEFINITIONAL_REPRESENTATION('',(#11000),#11004);
#11000 = LINE('',#11001,#11002);
#11001 = CARTESIAN_POINT('',(0.,0.));
#11002 = VECTOR('',#11003,1.);
#11003 = DIRECTION('',(0.,1.));
#11004 = ( GEOMETRIC_REPRESENTATION_CONTEXT(2) 
PARAMETRIC_REPRESENTATION_CONTEXT() REPRESENTATION_CONTEXT('2D SPACE',''
  ) );
#11005 = ADVANCED_FACE('',(#11006),#11020,.T.);
#11006 = FACE_BOUND('',#11007,.T.);
#11007 = EDGE_LOOP('',(#11008,#11038,#11061,#11084));
#11008 = ORIENTED_EDGE('',*,*,#11009,.F.);
#11009 = EDGE_CURVE('',#11010,#11012,#11014,.T.);
#11010 = VERTEX_POINT('',#11011);
#11011 = CARTESIAN_POINT('',(-6.535,-9.6,-5.E-03));
#11012 = VERTEX_POINT('',#11013);
#11013 = CARTESIAN_POINT('',(-6.535,-9.6,0.845));
#11014 = SURFACE_CURVE('',#11015,(#11019,#11031),.PCURVE_S1.);
#11015 = LINE('',#11016,#11017);
#11016 = CARTESIAN_POINT('',(-6.535,-9.6,-5.E-03));
#11017 = VECTOR('',#11018,1.);
#11018 = DIRECTION('',(0.,0.,1.));
#11019 = PCURVE('',#11020,#11025);
#11020 = PLANE('',#11021);
#11021 = AXIS2_PLACEMENT_3D('',#11022,#11023,#11024);
#11022 = CARTESIAN_POINT('',(-6.535,-9.6,-5.E-03));
#11023 = DIRECTION('',(1.,0.,0.));
#11024 = DIRECTION('',(0.,0.,1.));
#11025 = DEFINITIONAL_REPRESENTATION('',(#11026),#11030);
#11026 = LINE('',#11027,#11028);
#11027 = CARTESIAN_POINT('',(0.,0.));
#11028 = VECTOR('',#11029,1.);
#11029 = DIRECTION('',(1.,0.));
#11030 = ( GEOMETRIC_REPRESENTATION_CONTEXT(2) 
PARAMETRIC_REPRESENTATION_CONTEXT() REPRESENTATION_CONTEXT('2D SPACE',''
  ) );
#11031 = PCURVE('',#10912,#11032);
#11032 = DEFINITIONAL_REPRESENTATION('',(#11033),#11037);
#11033 = LINE('',#11034,#11035);
#11034 = CARTESIAN_POINT('',(0.,0.9));
#11035 = VECTOR('',#11036,1.);
#11036 = DIRECTION('',(1.,0.));
#11037 = ( GEOMETRIC_REPRESENTATION_CONTEXT(2) 
PARAMETRIC_REPRESENTATION_CONTEXT() REPRESENTATION_CONTEXT('2D SPACE',''
  ) );
#11038 = ORIENTED_EDGE('',*,*,#11039,.T.);
#11039 = EDGE_CURVE('',#11010,#11040,#11042,.T.);
#11040 = VERTEX_POINT('',#11041);
#11041 = CARTESIAN_POINT('',(-6.535,-9.3,-5.E-03));
#11042 = SURFACE_CURVE('',#11043,(#11047,#11054),.PCURVE_S1.);
#11043 = LINE('',#11044,#11045);
#11044 = CARTESIAN_POINT('',(-6.535,-9.6,-5.E-03));
#11045 = VECTOR('',#11046,1.);
#11046 = DIRECTION('',(0.,1.,0.));
#11047 = PCURVE('',#11020,#11048);
#11048 = DEFINITIONAL_REPRESENTATION('',(#11049),#11053);
#11049 = LINE('',#11050,#11051);
#11050 = CARTESIAN_POINT('',(0.,0.));
#11051 = VECTOR('',#11052,1.);
#11052 = DIRECTION('',(0.,-1.));
#11053 = ( GEOMETRIC_REPRESENTATION_CONTEXT(2) 
PARAMETRIC_REPRESENTATION_CONTEXT() REPRESENTATION_CONTEXT('2D SPACE',''
  ) );
#11054 = PCURVE('',#10940,#11055);
#11055 = DEFINITIONAL_REPRESENTATION('',(#11056),#11060);
#11056 = LINE('',#11057,#11058);
#11057 = CARTESIAN_POINT('',(0.9,0.));
#11058 = VECTOR('',#11059,1.);
#11059 = DIRECTION('',(0.,1.));
#11060 = ( GEOMETRIC_REPRESENTATION_CONTEXT(2) 
PARAMETRIC_REPRESENTATION_CONTEXT() REPRESENTATION_CONTEXT('2D SPACE',''
  ) );
#11061 = ORIENTED_EDGE('',*,*,#11062,.T.);
#11062 = EDGE_CURVE('',#11040,#11063,#11065,.T.);
#11063 = VERTEX_POINT('',#11064);
#11064 = CARTESIAN_POINT('',(-6.535,-9.3,0.845));
#11065 = SURFACE_CURVE('',#11066,(#11070,#11077),.PCURVE_S1.);
#11066 = LINE('',#11067,#11068);
#11067 = CARTESIAN_POINT('',(-6.535,-9.3,-5.E-03));
#11068 = VECTOR('',#11069,1.);
#11069 = DIRECTION('',(0.,0.,1.));
#11070 = PCURVE('',#11020,#11071);
#11071 = DEFINITIONAL_REPRESENTATION('',(#11072),#11076);
#11072 = LINE('',#11073,#11074);
#11073 = CARTESIAN_POINT('',(0.,-0.3));
#11074 = VECTOR('',#11075,1.);
#11075 = DIRECTION('',(1.,0.));
#11076 = ( GEOMETRIC_REPRESENTATION_CONTEXT(2) 
PARAMETRIC_REPRESENTATION_CONTEXT() REPRESENTATION_CONTEXT('2D SPACE',''
  ) );
#11077 = PCURVE('',#10968,#11078);
#11078 = DEFINITIONAL_REPRESENTATION('',(#11079),#11083);
#11079 = LINE('',#11080,#11081);
#11080 = CARTESIAN_POINT('',(0.,0.9));
#11081 = VECTOR('',#11082,1.);
#11082 = DIRECTION('',(1.,0.));
#11083 = ( GEOMETRIC_REPRESENTATION_CONTEXT(2) 
PARAMETRIC_REPRESENTATION_CONTEXT() REPRESENTATION_CONTEXT('2D SPACE',''
  ) );
#11084 = ORIENTED_EDGE('',*,*,#11085,.F.);
#11085 = EDGE_CURVE('',#11012,#11063,#11086,.T.);
#11086 = SURFACE_CURVE('',#11087,(#11091,#11098),.PCURVE_S1.);
#11087 = LINE('',#11088,#11089);
#11088 = CARTESIAN_POINT('',(-6.535,-9.6,0.845));
#11089 = VECTOR('',#11090,1.);
#11090 = DIRECTION('',(0.,1.,0.));
#11091 = PCURVE('',#11020,#11092);
#11092 = DEFINITIONAL_REPRESENTATION('',(#11093),#11097);
#11093 = LINE('',#11094,#11095);
#11094 = CARTESIAN_POINT('',(0.85,0.));
#11095 = VECTOR('',#11096,1.);
#11096 = DIRECTION('',(0.,-1.));
#11097 = ( GEOMETRIC_REPRESENTATION_CONTEXT(2) 
PARAMETRIC_REPRESENTATION_CONTEXT() REPRESENTATION_CONTEXT('2D SPACE',''
  ) );
#11098 = PCURVE('',#10994,#11099);
#11099 = DEFINITIONAL_REPRESENTATION('',(#11100),#11104);
#11100 = LINE('',#11101,#11102);
#11101 = CARTESIAN_POINT('',(0.9,0.));
#11102 = VECTOR('',#11103,1.);
#11103 = DIRECTION('',(0.,1.));
#11104 = ( GEOMETRIC_REPRESENTATION_CONTEXT(2) 
PARAMETRIC_REPRESENTATION_CONTEXT() REPRESENTATION_CONTEXT('2D SPACE',''
  ) );
#11105 = ADVANCED_FACE('',(#11106),#10912,.F.);
#11106 = FACE_BOUND('',#11107,.F.);
#11107 = EDGE_LOOP('',(#11108,#11129,#11130,#11151));
#11108 = ORIENTED_EDGE('',*,*,#11109,.F.);
#11109 = EDGE_CURVE('',#10890,#11010,#11110,.T.);
#11110 = SURFACE_CURVE('',#11111,(#11115,#11122),.PCURVE_S1.);
#11111 = LINE('',#11112,#11113);
#11112 = CARTESIAN_POINT('',(-7.435,-9.6,-5.E-03));
#11113 = VECTOR('',#11114,1.);
#11114 = DIRECTION('',(1.,0.,0.));
#11115 = PCURVE('',#10912,#11116);
#11116 = DEFINITIONAL_REPRESENTATION('',(#11117),#11121);
#11117 = LINE('',#11118,#11119);
#11118 = CARTESIAN_POINT('',(0.,0.));
#11119 = VECTOR('',#11120,1.);
#11120 = DIRECTION('',(0.,1.));
#11121 = ( GEOMETRIC_REPRESENTATION_CONTEXT(2) 
PARAMETRIC_REPRESENTATION_CONTEXT() REPRESENTATION_CONTEXT('2D SPACE',''
  ) );
#11122 = PCURVE('',#10940,#11123);
#11123 = DEFINITIONAL_REPRESENTATION('',(#11124),#11128);
#11124 = LINE('',#11125,#11126);
#11125 = CARTESIAN_POINT('',(0.,0.));
#11126 = VECTOR('',#11127,1.);
#11127 = DIRECTION('',(1.,0.));
#11128 = ( GEOMETRIC_REPRESENTATION_CONTEXT(2) 
PARAMETRIC_REPRESENTATION_CONTEXT() REPRESENTATION_CONTEXT('2D SPACE',''
  ) );
#11129 = ORIENTED_EDGE('',*,*,#10889,.T.);
#11130 = ORIENTED_EDGE('',*,*,#11131,.T.);
#11131 = EDGE_CURVE('',#10892,#11012,#11132,.T.);
#11132 = SURFACE_CURVE('',#11133,(#11137,#11144),.PCURVE_S1.);
#11133 = LINE('',#11134,#11135);
#11134 = CARTESIAN_POINT('',(-7.435,-9.6,0.845));
#11135 = VECTOR('',#11136,1.);
#11136 = DIRECTION('',(1.,0.,0.));
#11137 = PCURVE('',#10912,#11138);
#11138 = DEFINITIONAL_REPRESENTATION('',(#11139),#11143);
#11139 = LINE('',#11140,#11141);
#11140 = CARTESIAN_POINT('',(0.85,0.));
#11141 = VECTOR('',#11142,1.);
#11142 = DIRECTION('',(0.,1.));
#11143 = ( GEOMETRIC_REPRESENTATION_CONTEXT(2) 
PARAMETRIC_REPRESENTATION_CONTEXT() REPRESENTATION_CONTEXT('2D SPACE',''
  ) );
#11144 = PCURVE('',#10994,#11145);
#11145 = DEFINITIONAL_REPRESENTATION('',(#11146),#11150);
#11146 = LINE('',#11147,#11148);
#11147 = CARTESIAN_POINT('',(0.,0.));
#11148 = VECTOR('',#11149,1.);
#11149 = DIRECTION('',(1.,0.));
#11150 = ( GEOMETRIC_REPRESENTATION_CONTEXT(2) 
PARAMETRIC_REPRESENTATION_CONTEXT() REPRESENTATION_CONTEXT('2D SPACE',''
  ) );
#11151 = ORIENTED_EDGE('',*,*,#11009,.F.);
#11152 = ADVANCED_FACE('',(#11153),#10968,.T.);
#11153 = FACE_BOUND('',#11154,.T.);
#11154 = EDGE_LOOP('',(#11155,#11176,#11177,#11198));
#11155 = ORIENTED_EDGE('',*,*,#11156,.F.);
#11156 = EDGE_CURVE('',#10925,#11040,#11157,.T.);
#11157 = SURFACE_CURVE('',#11158,(#11162,#11169),.PCURVE_S1.);
#11158 = LINE('',#11159,#11160);
#11159 = CARTESIAN_POINT('',(-7.435,-9.3,-5.E-03));
#11160 = VECTOR('',#11161,1.);
#11161 = DIRECTION('',(1.,0.,0.));
#11162 = PCURVE('',#10968,#11163);
#11163 = DEFINITIONAL_REPRESENTATION('',(#11164),#11168);
#11164 = LINE('',#11165,#11166);
#11165 = CARTESIAN_POINT('',(0.,0.));
#11166 = VECTOR('',#11167,1.);
#11167 = DIRECTION('',(0.,1.));
#11168 = ( GEOMETRIC_REPRESENTATION_CONTEXT(2) 
PARAMETRIC_REPRESENTATION_CONTEXT() REPRESENTATION_CONTEXT('2D SPACE',''
  ) );
#11169 = PCURVE('',#10940,#11170);
#11170 = DEFINITIONAL_REPRESENTATION('',(#11171),#11175);
#11171 = LINE('',#11172,#11173);
#11172 = CARTESIAN_POINT('',(0.,0.3));
#11173 = VECTOR('',#11174,1.);
#11174 = DIRECTION('',(1.,0.));
#11175 = ( GEOMETRIC_REPRESENTATION_CONTEXT(2) 
PARAMETRIC_REPRESENTATION_CONTEXT() REPRESENTATION_CONTEXT('2D SPACE',''
  ) );
#11176 = ORIENTED_EDGE('',*,*,#10952,.T.);
#11177 = ORIENTED_EDGE('',*,*,#11178,.T.);
#11178 = EDGE_CURVE('',#10953,#11063,#11179,.T.);
#11179 = SURFACE_CURVE('',#11180,(#11184,#11191),.PCURVE_S1.);
#11180 = LINE('',#11181,#11182);
#11181 = CARTESIAN_POINT('',(-7.435,-9.3,0.845));
#11182 = VECTOR('',#11183,1.);
#11183 = DIRECTION('',(1.,0.,0.));
#11184 = PCURVE('',#10968,#11185);
#11185 = DEFINITIONAL_REPRESENTATION('',(#11186),#11190);
#11186 = LINE('',#11187,#11188);
#11187 = CARTESIAN_POINT('',(0.85,0.));
#11188 = VECTOR('',#11189,1.);
#11189 = DIRECTION('',(0.,1.));
#11190 = ( GEOMETRIC_REPRESENTATION_CONTEXT(2) 
PARAMETRIC_REPRESENTATION_CONTEXT() REPRESENTATION_CONTEXT('2D SPACE',''
  ) );
#11191 = PCURVE('',#10994,#11192);
#11192 = DEFINITIONAL_REPRESENTATION('',(#11193),#11197);
#11193 = LINE('',#11194,#11195);
#11194 = CARTESIAN_POINT('',(0.,0.3));
#11195 = VECTOR('',#11196,1.);
#11196 = DIRECTION('',(1.,0.));
#11197 = ( GEOMETRIC_REPRESENTATION_CONTEXT(2) 
PARAMETRIC_REPRESENTATION_CONTEXT() REPRESENTATION_CONTEXT('2D SPACE',''
  ) );
#11198 = ORIENTED_EDGE('',*,*,#11062,.F.);
#11199 = ADVANCED_FACE('',(#11200),#10940,.F.);
#11200 = FACE_BOUND('',#11201,.F.);
#11201 = EDGE_LOOP('',(#11202,#11203,#11204,#11205));
#11202 = ORIENTED_EDGE('',*,*,#10924,.F.);
#11203 = ORIENTED_EDGE('',*,*,#11109,.T.);
#11204 = ORIENTED_EDGE('',*,*,#11039,.T.);
#11205 = ORIENTED_EDGE('',*,*,#11156,.F.);
#11206 = ADVANCED_FACE('',(#11207),#10994,.T.);
#11207 = FACE_BOUND('',#11208,.T.);
#11208 = EDGE_LOOP('',(#11209,#11210,#11211,#11212));
#11209 = ORIENTED_EDGE('',*,*,#10980,.F.);
#11210 = ORIENTED_EDGE('',*,*,#11131,.T.);
#11211 = ORIENTED_EDGE('',*,*,#11085,.T.);
#11212 = ORIENTED_EDGE('',*,*,#11178,.F.);
#11213 = MANIFOLD_SOLID_BREP('',#11214);
#11214 = CLOSED_SHELL('',(#11215,#11335,#11435,#11482,#11529,#11536));
#11215 = ADVANCED_FACE('',(#11216),#11230,.F.);
#11216 = FACE_BOUND('',#11217,.F.);
#11217 = EDGE_LOOP('',(#11218,#11253,#11281,#11309));
#11218 = ORIENTED_EDGE('',*,*,#11219,.F.);
#11219 = EDGE_CURVE('',#11220,#11222,#11224,.T.);
#11220 = VERTEX_POINT('',#11221);
#11221 = CARTESIAN_POINT('',(-6.165,-9.6,-5.E-03));
#11222 = VERTEX_POINT('',#11223);
#11223 = CARTESIAN_POINT('',(-6.165,-9.6,0.845));
#11224 = SURFACE_CURVE('',#11225,(#11229,#11241),.PCURVE_S1.);
#11225 = LINE('',#11226,#11227);
#11226 = CARTESIAN_POINT('',(-6.165,-9.6,-5.E-03));
#11227 = VECTOR('',#11228,1.);
#11228 = DIRECTION('',(0.,0.,1.));
#11229 = PCURVE('',#11230,#11235);
#11230 = PLANE('',#11231);
#11231 = AXIS2_PLACEMENT_3D('',#11232,#11233,#11234);
#11232 = CARTESIAN_POINT('',(-6.165,-9.6,-5.E-03));
#11233 = DIRECTION('',(1.,0.,0.));
#11234 = DIRECTION('',(0.,0.,1.));
#11235 = DEFINITIONAL_REPRESENTATION('',(#11236),#11240);
#11236 = LINE('',#11237,#11238);
#11237 = CARTESIAN_POINT('',(0.,0.));
#11238 = VECTOR('',#11239,1.);
#11239 = DIRECTION('',(1.,0.));
#11240 = ( GEOMETRIC_REPRESENTATION_CONTEXT(2) 
PARAMETRIC_REPRESENTATION_CONTEXT() REPRESENTATION_CONTEXT('2D SPACE',''
  ) );
#11241 = PCURVE('',#11242,#11247);
#11242 = PLANE('',#11243);
#11243 = AXIS2_PLACEMENT_3D('',#11244,#11245,#11246);
#11244 = CARTESIAN_POINT('',(-6.165,-9.6,-5.E-03));
#11245 = DIRECTION('',(0.,1.,0.));
#11246 = DIRECTION('',(0.,0.,1.));
#11247 = DEFINITIONAL_REPRESENTATION('',(#11248),#11252);
#11248 = LINE('',#11249,#11250);
#11249 = CARTESIAN_POINT('',(0.,0.));
#11250 = VECTOR('',#11251,1.);
#11251 = DIRECTION('',(1.,0.));
#11252 = ( GEOMETRIC_REPRESENTATION_CONTEXT(2) 
PARAMETRIC_REPRESENTATION_CONTEXT() REPRESENTATION_CONTEXT('2D SPACE',''
  ) );
#11253 = ORIENTED_EDGE('',*,*,#11254,.T.);
#11254 = EDGE_CURVE('',#11220,#11255,#11257,.T.);
#11255 = VERTEX_POINT('',#11256);
#11256 = CARTESIAN_POINT('',(-6.165,-9.3,-5.E-03));
#11257 = SURFACE_CURVE('',#11258,(#11262,#11269),.PCURVE_S1.);
#11258 = LINE('',#11259,#11260);
#11259 = CARTESIAN_POINT('',(-6.165,-9.6,-5.E-03));
#11260 = VECTOR('',#11261,1.);
#11261 = DIRECTION('',(0.,1.,0.));
#11262 = PCURVE('',#11230,#11263);
#11263 = DEFINITIONAL_REPRESENTATION('',(#11264),#11268);
#11264 = LINE('',#11265,#11266);
#11265 = CARTESIAN_POINT('',(0.,0.));
#11266 = VECTOR('',#11267,1.);
#11267 = DIRECTION('',(0.,-1.));
#11268 = ( GEOMETRIC_REPRESENTATION_CONTEXT(2) 
PARAMETRIC_REPRESENTATION_CONTEXT() REPRESENTATION_CONTEXT('2D SPACE',''
  ) );
#11269 = PCURVE('',#11270,#11275);
#11270 = PLANE('',#11271);
#11271 = AXIS2_PLACEMENT_3D('',#11272,#11273,#11274);
#11272 = CARTESIAN_POINT('',(-6.165,-9.6,-5.E-03));
#11273 = DIRECTION('',(0.,0.,1.));
#11274 = DIRECTION('',(1.,0.,0.));
#11275 = DEFINITIONAL_REPRESENTATION('',(#11276),#11280);
#11276 = LINE('',#11277,#11278);
#11277 = CARTESIAN_POINT('',(0.,0.));
#11278 = VECTOR('',#11279,1.);
#11279 = DIRECTION('',(0.,1.));
#11280 = ( GEOMETRIC_REPRESENTATION_CONTEXT(2) 
PARAMETRIC_REPRESENTATION_CONTEXT() REPRESENTATION_CONTEXT('2D SPACE',''
  ) );
#11281 = ORIENTED_EDGE('',*,*,#11282,.T.);
#11282 = EDGE_CURVE('',#11255,#11283,#11285,.T.);
#11283 = VERTEX_POINT('',#11284);
#11284 = CARTESIAN_POINT('',(-6.165,-9.3,0.845));
#11285 = SURFACE_CURVE('',#11286,(#11290,#11297),.PCURVE_S1.);
#11286 = LINE('',#11287,#11288);
#11287 = CARTESIAN_POINT('',(-6.165,-9.3,-5.E-03));
#11288 = VECTOR('',#11289,1.);
#11289 = DIRECTION('',(0.,0.,1.));
#11290 = PCURVE('',#11230,#11291);
#11291 = DEFINITIONAL_REPRESENTATION('',(#11292),#11296);
#11292 = LINE('',#11293,#11294);
#11293 = CARTESIAN_POINT('',(0.,-0.3));
#11294 = VECTOR('',#11295,1.);
#11295 = DIRECTION('',(1.,0.));
#11296 = ( GEOMETRIC_REPRESENTATION_CONTEXT(2) 
PARAMETRIC_REPRESENTATION_CONTEXT() REPRESENTATION_CONTEXT('2D SPACE',''
  ) );
#11297 = PCURVE('',#11298,#11303);
#11298 = PLANE('',#11299);
#11299 = AXIS2_PLACEMENT_3D('',#11300,#11301,#11302);
#11300 = CARTESIAN_POINT('',(-6.165,-9.3,-5.E-03));
#11301 = DIRECTION('',(0.,1.,0.));
#11302 = DIRECTION('',(0.,0.,1.));
#11303 = DEFINITIONAL_REPRESENTATION('',(#11304),#11308);
#11304 = LINE('',#11305,#11306);
#11305 = CARTESIAN_POINT('',(0.,0.));
#11306 = VECTOR('',#11307,1.);
#11307 = DIRECTION('',(1.,0.));
#11308 = ( GEOMETRIC_REPRESENTATION_CONTEXT(2) 
PARAMETRIC_REPRESENTATION_CONTEXT() REPRESENTATION_CONTEXT('2D SPACE',''
  ) );
#11309 = ORIENTED_EDGE('',*,*,#11310,.F.);
#11310 = EDGE_CURVE('',#11222,#11283,#11311,.T.);
#11311 = SURFACE_CURVE('',#11312,(#11316,#11323),.PCURVE_S1.);
#11312 = LINE('',#11313,#11314);
#11313 = CARTESIAN_POINT('',(-6.165,-9.6,0.845));
#11314 = VECTOR('',#11315,1.);
#11315 = DIRECTION('',(0.,1.,0.));
#11316 = PCURVE('',#11230,#11317);
#11317 = DEFINITIONAL_REPRESENTATION('',(#11318),#11322);
#11318 = LINE('',#11319,#11320);
#11319 = CARTESIAN_POINT('',(0.85,0.));
#11320 = VECTOR('',#11321,1.);
#11321 = DIRECTION('',(0.,-1.));
#11322 = ( GEOMETRIC_REPRESENTATION_CONTEXT(2) 
PARAMETRIC_REPRESENTATION_CONTEXT() REPRESENTATION_CONTEXT('2D SPACE',''
  ) );
#11323 = PCURVE('',#11324,#11329);
#11324 = PLANE('',#11325);
#11325 = AXIS2_PLACEMENT_3D('',#11326,#11327,#11328);
#11326 = CARTESIAN_POINT('',(-6.165,-9.6,0.845));
#11327 = DIRECTION('',(0.,0.,1.));
#11328 = DIRECTION('',(1.,0.,0.));
#11329 = DEFINITIONAL_REPRESENTATION('',(#11330),#11334);
#11330 = LINE('',#11331,#11332);
#11331 = CARTESIAN_POINT('',(0.,0.));
#11332 = VECTOR('',#11333,1.);
#11333 = DIRECTION('',(0.,1.));
#11334 = ( GEOMETRIC_REPRESENTATION_CONTEXT(2) 
PARAMETRIC_REPRESENTATION_CONTEXT() REPRESENTATION_CONTEXT('2D SPACE',''
  ) );
#11335 = ADVANCED_FACE('',(#11336),#11350,.T.);
#11336 = FACE_BOUND('',#11337,.T.);
#11337 = EDGE_LOOP('',(#11338,#11368,#11391,#11414));
#11338 = ORIENTED_EDGE('',*,*,#11339,.F.);
#11339 = EDGE_CURVE('',#11340,#11342,#11344,.T.);
#11340 = VERTEX_POINT('',#11341);
#11341 = CARTESIAN_POINT('',(-5.265,-9.6,-5.E-03));
#11342 = VERTEX_POINT('',#11343);
#11343 = CARTESIAN_POINT('',(-5.265,-9.6,0.845));
#11344 = SURFACE_CURVE('',#11345,(#11349,#11361),.PCURVE_S1.);
#11345 = LINE('',#11346,#11347);
#11346 = CARTESIAN_POINT('',(-5.265,-9.6,-5.E-03));
#11347 = VECTOR('',#11348,1.);
#11348 = DIRECTION('',(0.,0.,1.));
#11349 = PCURVE('',#11350,#11355);
#11350 = PLANE('',#11351);
#11351 = AXIS2_PLACEMENT_3D('',#11352,#11353,#11354);
#11352 = CARTESIAN_POINT('',(-5.265,-9.6,-5.E-03));
#11353 = DIRECTION('',(1.,0.,0.));
#11354 = DIRECTION('',(0.,0.,1.));
#11355 = DEFINITIONAL_REPRESENTATION('',(#11356),#11360);
#11356 = LINE('',#11357,#11358);
#11357 = CARTESIAN_POINT('',(0.,0.));
#11358 = VECTOR('',#11359,1.);
#11359 = DIRECTION('',(1.,0.));
#11360 = ( GEOMETRIC_REPRESENTATION_CONTEXT(2) 
PARAMETRIC_REPRESENTATION_CONTEXT() REPRESENTATION_CONTEXT('2D SPACE',''
  ) );
#11361 = PCURVE('',#11242,#11362);
#11362 = DEFINITIONAL_REPRESENTATION('',(#11363),#11367);
#11363 = LINE('',#11364,#11365);
#11364 = CARTESIAN_POINT('',(0.,0.9));
#11365 = VECTOR('',#11366,1.);
#11366 = DIRECTION('',(1.,0.));
#11367 = ( GEOMETRIC_REPRESENTATION_CONTEXT(2) 
PARAMETRIC_REPRESENTATION_CONTEXT() REPRESENTATION_CONTEXT('2D SPACE',''
  ) );
#11368 = ORIENTED_EDGE('',*,*,#11369,.T.);
#11369 = EDGE_CURVE('',#11340,#11370,#11372,.T.);
#11370 = VERTEX_POINT('',#11371);
#11371 = CARTESIAN_POINT('',(-5.265,-9.3,-5.E-03));
#11372 = SURFACE_CURVE('',#11373,(#11377,#11384),.PCURVE_S1.);
#11373 = LINE('',#11374,#11375);
#11374 = CARTESIAN_POINT('',(-5.265,-9.6,-5.E-03));
#11375 = VECTOR('',#11376,1.);
#11376 = DIRECTION('',(0.,1.,0.));
#11377 = PCURVE('',#11350,#11378);
#11378 = DEFINITIONAL_REPRESENTATION('',(#11379),#11383);
#11379 = LINE('',#11380,#11381);
#11380 = CARTESIAN_POINT('',(0.,0.));
#11381 = VECTOR('',#11382,1.);
#11382 = DIRECTION('',(0.,-1.));
#11383 = ( GEOMETRIC_REPRESENTATION_CONTEXT(2) 
PARAMETRIC_REPRESENTATION_CONTEXT() REPRESENTATION_CONTEXT('2D SPACE',''
  ) );
#11384 = PCURVE('',#11270,#11385);
#11385 = DEFINITIONAL_REPRESENTATION('',(#11386),#11390);
#11386 = LINE('',#11387,#11388);
#11387 = CARTESIAN_POINT('',(0.9,0.));
#11388 = VECTOR('',#11389,1.);
#11389 = DIRECTION('',(0.,1.));
#11390 = ( GEOMETRIC_REPRESENTATION_CONTEXT(2) 
PARAMETRIC_REPRESENTATION_CONTEXT() REPRESENTATION_CONTEXT('2D SPACE',''
  ) );
#11391 = ORIENTED_EDGE('',*,*,#11392,.T.);
#11392 = EDGE_CURVE('',#11370,#11393,#11395,.T.);
#11393 = VERTEX_POINT('',#11394);
#11394 = CARTESIAN_POINT('',(-5.265,-9.3,0.845));
#11395 = SURFACE_CURVE('',#11396,(#11400,#11407),.PCURVE_S1.);
#11396 = LINE('',#11397,#11398);
#11397 = CARTESIAN_POINT('',(-5.265,-9.3,-5.E-03));
#11398 = VECTOR('',#11399,1.);
#11399 = DIRECTION('',(0.,0.,1.));
#11400 = PCURVE('',#11350,#11401);
#11401 = DEFINITIONAL_REPRESENTATION('',(#11402),#11406);
#11402 = LINE('',#11403,#11404);
#11403 = CARTESIAN_POINT('',(0.,-0.3));
#11404 = VECTOR('',#11405,1.);
#11405 = DIRECTION('',(1.,0.));
#11406 = ( GEOMETRIC_REPRESENTATION_CONTEXT(2) 
PARAMETRIC_REPRESENTATION_CONTEXT() REPRESENTATION_CONTEXT('2D SPACE',''
  ) );
#11407 = PCURVE('',#11298,#11408);
#11408 = DEFINITIONAL_REPRESENTATION('',(#11409),#11413);
#11409 = LINE('',#11410,#11411);
#11410 = CARTESIAN_POINT('',(0.,0.9));
#11411 = VECTOR('',#11412,1.);
#11412 = DIRECTION('',(1.,0.));
#11413 = ( GEOMETRIC_REPRESENTATION_CONTEXT(2) 
PARAMETRIC_REPRESENTATION_CONTEXT() REPRESENTATION_CONTEXT('2D SPACE',''
  ) );
#11414 = ORIENTED_EDGE('',*,*,#11415,.F.);
#11415 = EDGE_CURVE('',#11342,#11393,#11416,.T.);
#11416 = SURFACE_CURVE('',#11417,(#11421,#11428),.PCURVE_S1.);
#11417 = LINE('',#11418,#11419);
#11418 = CARTESIAN_POINT('',(-5.265,-9.6,0.845));
#11419 = VECTOR('',#11420,1.);
#11420 = DIRECTION('',(0.,1.,0.));
#11421 = PCURVE('',#11350,#11422);
#11422 = DEFINITIONAL_REPRESENTATION('',(#11423),#11427);
#11423 = LINE('',#11424,#11425);
#11424 = CARTESIAN_POINT('',(0.85,0.));
#11425 = VECTOR('',#11426,1.);
#11426 = DIRECTION('',(0.,-1.));
#11427 = ( GEOMETRIC_REPRESENTATION_CONTEXT(2) 
PARAMETRIC_REPRESENTATION_CONTEXT() REPRESENTATION_CONTEXT('2D SPACE',''
  ) );
#11428 = PCURVE('',#11324,#11429);
#11429 = DEFINITIONAL_REPRESENTATION('',(#11430),#11434);
#11430 = LINE('',#11431,#11432);
#11431 = CARTESIAN_POINT('',(0.9,0.));
#11432 = VECTOR('',#11433,1.);
#11433 = DIRECTION('',(0.,1.));
#11434 = ( GEOMETRIC_REPRESENTATION_CONTEXT(2) 
PARAMETRIC_REPRESENTATION_CONTEXT() REPRESENTATION_CONTEXT('2D SPACE',''
  ) );
#11435 = ADVANCED_FACE('',(#11436),#11242,.F.);
#11436 = FACE_BOUND('',#11437,.F.);
#11437 = EDGE_LOOP('',(#11438,#11459,#11460,#11481));
#11438 = ORIENTED_EDGE('',*,*,#11439,.F.);
#11439 = EDGE_CURVE('',#11220,#11340,#11440,.T.);
#11440 = SURFACE_CURVE('',#11441,(#11445,#11452),.PCURVE_S1.);
#11441 = LINE('',#11442,#11443);
#11442 = CARTESIAN_POINT('',(-6.165,-9.6,-5.E-03));
#11443 = VECTOR('',#11444,1.);
#11444 = DIRECTION('',(1.,0.,0.));
#11445 = PCURVE('',#11242,#11446);
#11446 = DEFINITIONAL_REPRESENTATION('',(#11447),#11451);
#11447 = LINE('',#11448,#11449);
#11448 = CARTESIAN_POINT('',(0.,0.));
#11449 = VECTOR('',#11450,1.);
#11450 = DIRECTION('',(0.,1.));
#11451 = ( GEOMETRIC_REPRESENTATION_CONTEXT(2) 
PARAMETRIC_REPRESENTATION_CONTEXT() REPRESENTATION_CONTEXT('2D SPACE',''
  ) );
#11452 = PCURVE('',#11270,#11453);
#11453 = DEFINITIONAL_REPRESENTATION('',(#11454),#11458);
#11454 = LINE('',#11455,#11456);
#11455 = CARTESIAN_POINT('',(0.,0.));
#11456 = VECTOR('',#11457,1.);
#11457 = DIRECTION('',(1.,0.));
#11458 = ( GEOMETRIC_REPRESENTATION_CONTEXT(2) 
PARAMETRIC_REPRESENTATION_CONTEXT() REPRESENTATION_CONTEXT('2D SPACE',''
  ) );
#11459 = ORIENTED_EDGE('',*,*,#11219,.T.);
#11460 = ORIENTED_EDGE('',*,*,#11461,.T.);
#11461 = EDGE_CURVE('',#11222,#11342,#11462,.T.);
#11462 = SURFACE_CURVE('',#11463,(#11467,#11474),.PCURVE_S1.);
#11463 = LINE('',#11464,#11465);
#11464 = CARTESIAN_POINT('',(-6.165,-9.6,0.845));
#11465 = VECTOR('',#11466,1.);
#11466 = DIRECTION('',(1.,0.,0.));
#11467 = PCURVE('',#11242,#11468);
#11468 = DEFINITIONAL_REPRESENTATION('',(#11469),#11473);
#11469 = LINE('',#11470,#11471);
#11470 = CARTESIAN_POINT('',(0.85,0.));
#11471 = VECTOR('',#11472,1.);
#11472 = DIRECTION('',(0.,1.));
#11473 = ( GEOMETRIC_REPRESENTATION_CONTEXT(2) 
PARAMETRIC_REPRESENTATION_CONTEXT() REPRESENTATION_CONTEXT('2D SPACE',''
  ) );
#11474 = PCURVE('',#11324,#11475);
#11475 = DEFINITIONAL_REPRESENTATION('',(#11476),#11480);
#11476 = LINE('',#11477,#11478);
#11477 = CARTESIAN_POINT('',(0.,0.));
#11478 = VECTOR('',#11479,1.);
#11479 = DIRECTION('',(1.,0.));
#11480 = ( GEOMETRIC_REPRESENTATION_CONTEXT(2) 
PARAMETRIC_REPRESENTATION_CONTEXT() REPRESENTATION_CONTEXT('2D SPACE',''
  ) );
#11481 = ORIENTED_EDGE('',*,*,#11339,.F.);
#11482 = ADVANCED_FACE('',(#11483),#11298,.T.);
#11483 = FACE_BOUND('',#11484,.T.);
#11484 = EDGE_LOOP('',(#11485,#11506,#11507,#11528));
#11485 = ORIENTED_EDGE('',*,*,#11486,.F.);
#11486 = EDGE_CURVE('',#11255,#11370,#11487,.T.);
#11487 = SURFACE_CURVE('',#11488,(#11492,#11499),.PCURVE_S1.);
#11488 = LINE('',#11489,#11490);
#11489 = CARTESIAN_POINT('',(-6.165,-9.3,-5.E-03));
#11490 = VECTOR('',#11491,1.);
#11491 = DIRECTION('',(1.,0.,0.));
#11492 = PCURVE('',#11298,#11493);
#11493 = DEFINITIONAL_REPRESENTATION('',(#11494),#11498);
#11494 = LINE('',#11495,#11496);
#11495 = CARTESIAN_POINT('',(0.,0.));
#11496 = VECTOR('',#11497,1.);
#11497 = DIRECTION('',(0.,1.));
#11498 = ( GEOMETRIC_REPRESENTATION_CONTEXT(2) 
PARAMETRIC_REPRESENTATION_CONTEXT() REPRESENTATION_CONTEXT('2D SPACE',''
  ) );
#11499 = PCURVE('',#11270,#11500);
#11500 = DEFINITIONAL_REPRESENTATION('',(#11501),#11505);
#11501 = LINE('',#11502,#11503);
#11502 = CARTESIAN_POINT('',(0.,0.3));
#11503 = VECTOR('',#11504,1.);
#11504 = DIRECTION('',(1.,0.));
#11505 = ( GEOMETRIC_REPRESENTATION_CONTEXT(2) 
PARAMETRIC_REPRESENTATION_CONTEXT() REPRESENTATION_CONTEXT('2D SPACE',''
  ) );
#11506 = ORIENTED_EDGE('',*,*,#11282,.T.);
#11507 = ORIENTED_EDGE('',*,*,#11508,.T.);
#11508 = EDGE_CURVE('',#11283,#11393,#11509,.T.);
#11509 = SURFACE_CURVE('',#11510,(#11514,#11521),.PCURVE_S1.);
#11510 = LINE('',#11511,#11512);
#11511 = CARTESIAN_POINT('',(-6.165,-9.3,0.845));
#11512 = VECTOR('',#11513,1.);
#11513 = DIRECTION('',(1.,0.,0.));
#11514 = PCURVE('',#11298,#11515);
#11515 = DEFINITIONAL_REPRESENTATION('',(#11516),#11520);
#11516 = LINE('',#11517,#11518);
#11517 = CARTESIAN_POINT('',(0.85,0.));
#11518 = VECTOR('',#11519,1.);
#11519 = DIRECTION('',(0.,1.));
#11520 = ( GEOMETRIC_REPRESENTATION_CONTEXT(2) 
PARAMETRIC_REPRESENTATION_CONTEXT() REPRESENTATION_CONTEXT('2D SPACE',''
  ) );
#11521 = PCURVE('',#11324,#11522);
#11522 = DEFINITIONAL_REPRESENTATION('',(#11523),#11527);
#11523 = LINE('',#11524,#11525);
#11524 = CARTESIAN_POINT('',(0.,0.3));
#11525 = VECTOR('',#11526,1.);
#11526 = DIRECTION('',(1.,0.));
#11527 = ( GEOMETRIC_REPRESENTATION_CONTEXT(2) 
PARAMETRIC_REPRESENTATION_CONTEXT() REPRESENTATION_CONTEXT('2D SPACE',''
  ) );
#11528 = ORIENTED_EDGE('',*,*,#11392,.F.);
#11529 = ADVANCED_FACE('',(#11530),#11270,.F.);
#11530 = FACE_BOUND('',#11531,.F.);
#11531 = EDGE_LOOP('',(#11532,#11533,#11534,#11535));
#11532 = ORIENTED_EDGE('',*,*,#11254,.F.);
#11533 = ORIENTED_EDGE('',*,*,#11439,.T.);
#11534 = ORIENTED_EDGE('',*,*,#11369,.T.);
#11535 = ORIENTED_EDGE('',*,*,#11486,.F.);
#11536 = ADVANCED_FACE('',(#11537),#11324,.T.);
#11537 = FACE_BOUND('',#11538,.T.);
#11538 = EDGE_LOOP('',(#11539,#11540,#11541,#11542));
#11539 = ORIENTED_EDGE('',*,*,#11310,.F.);
#11540 = ORIENTED_EDGE('',*,*,#11461,.T.);
#11541 = ORIENTED_EDGE('',*,*,#11415,.T.);
#11542 = ORIENTED_EDGE('',*,*,#11508,.F.);
#11543 = MANIFOLD_SOLID_BREP('',#11544);
#11544 = CLOSED_SHELL('',(#11545,#11665,#11765,#11812,#11859,#11866));
#11545 = ADVANCED_FACE('',(#11546),#11560,.F.);
#11546 = FACE_BOUND('',#11547,.F.);
#11547 = EDGE_LOOP('',(#11548,#11583,#11611,#11639));
#11548 = ORIENTED_EDGE('',*,*,#11549,.F.);
#11549 = EDGE_CURVE('',#11550,#11552,#11554,.T.);
#11550 = VERTEX_POINT('',#11551);
#11551 = CARTESIAN_POINT('',(-4.895,-9.6,-5.E-03));
#11552 = VERTEX_POINT('',#11553);
#11553 = CARTESIAN_POINT('',(-4.895,-9.6,0.845));
#11554 = SURFACE_CURVE('',#11555,(#11559,#11571),.PCURVE_S1.);
#11555 = LINE('',#11556,#11557);
#11556 = CARTESIAN_POINT('',(-4.895,-9.6,-5.E-03));
#11557 = VECTOR('',#11558,1.);
#11558 = DIRECTION('',(0.,0.,1.));
#11559 = PCURVE('',#11560,#11565);
#11560 = PLANE('',#11561);
#11561 = AXIS2_PLACEMENT_3D('',#11562,#11563,#11564);
#11562 = CARTESIAN_POINT('',(-4.895,-9.6,-5.E-03));
#11563 = DIRECTION('',(1.,0.,0.));
#11564 = DIRECTION('',(0.,0.,1.));
#11565 = DEFINITIONAL_REPRESENTATION('',(#11566),#11570);
#11566 = LINE('',#11567,#11568);
#11567 = CARTESIAN_POINT('',(0.,0.));
#11568 = VECTOR('',#11569,1.);
#11569 = DIRECTION('',(1.,0.));
#11570 = ( GEOMETRIC_REPRESENTATION_CONTEXT(2) 
PARAMETRIC_REPRESENTATION_CONTEXT() REPRESENTATION_CONTEXT('2D SPACE',''
  ) );
#11571 = PCURVE('',#11572,#11577);
#11572 = PLANE('',#11573);
#11573 = AXIS2_PLACEMENT_3D('',#11574,#11575,#11576);
#11574 = CARTESIAN_POINT('',(-4.895,-9.6,-5.E-03));
#11575 = DIRECTION('',(0.,1.,0.));
#11576 = DIRECTION('',(0.,0.,1.));
#11577 = DEFINITIONAL_REPRESENTATION('',(#11578),#11582);
#11578 = LINE('',#11579,#11580);
#11579 = CARTESIAN_POINT('',(0.,0.));
#11580 = VECTOR('',#11581,1.);
#11581 = DIRECTION('',(1.,0.));
#11582 = ( GEOMETRIC_REPRESENTATION_CONTEXT(2) 
PARAMETRIC_REPRESENTATION_CONTEXT() REPRESENTATION_CONTEXT('2D SPACE',''
  ) );
#11583 = ORIENTED_EDGE('',*,*,#11584,.T.);
#11584 = EDGE_CURVE('',#11550,#11585,#11587,.T.);
#11585 = VERTEX_POINT('',#11586);
#11586 = CARTESIAN_POINT('',(-4.895,-9.3,-5.E-03));
#11587 = SURFACE_CURVE('',#11588,(#11592,#11599),.PCURVE_S1.);
#11588 = LINE('',#11589,#11590);
#11589 = CARTESIAN_POINT('',(-4.895,-9.6,-5.E-03));
#11590 = VECTOR('',#11591,1.);
#11591 = DIRECTION('',(0.,1.,0.));
#11592 = PCURVE('',#11560,#11593);
#11593 = DEFINITIONAL_REPRESENTATION('',(#11594),#11598);
#11594 = LINE('',#11595,#11596);
#11595 = CARTESIAN_POINT('',(0.,0.));
#11596 = VECTOR('',#11597,1.);
#11597 = DIRECTION('',(0.,-1.));
#11598 = ( GEOMETRIC_REPRESENTATION_CONTEXT(2) 
PARAMETRIC_REPRESENTATION_CONTEXT() REPRESENTATION_CONTEXT('2D SPACE',''
  ) );
#11599 = PCURVE('',#11600,#11605);
#11600 = PLANE('',#11601);
#11601 = AXIS2_PLACEMENT_3D('',#11602,#11603,#11604);
#11602 = CARTESIAN_POINT('',(-4.895,-9.6,-5.E-03));
#11603 = DIRECTION('',(0.,0.,1.));
#11604 = DIRECTION('',(1.,0.,0.));
#11605 = DEFINITIONAL_REPRESENTATION('',(#11606),#11610);
#11606 = LINE('',#11607,#11608);
#11607 = CARTESIAN_POINT('',(0.,0.));
#11608 = VECTOR('',#11609,1.);
#11609 = DIRECTION('',(0.,1.));
#11610 = ( GEOMETRIC_REPRESENTATION_CONTEXT(2) 
PARAMETRIC_REPRESENTATION_CONTEXT() REPRESENTATION_CONTEXT('2D SPACE',''
  ) );
#11611 = ORIENTED_EDGE('',*,*,#11612,.T.);
#11612 = EDGE_CURVE('',#11585,#11613,#11615,.T.);
#11613 = VERTEX_POINT('',#11614);
#11614 = CARTESIAN_POINT('',(-4.895,-9.3,0.845));
#11615 = SURFACE_CURVE('',#11616,(#11620,#11627),.PCURVE_S1.);
#11616 = LINE('',#11617,#11618);
#11617 = CARTESIAN_POINT('',(-4.895,-9.3,-5.E-03));
#11618 = VECTOR('',#11619,1.);
#11619 = DIRECTION('',(0.,0.,1.));
#11620 = PCURVE('',#11560,#11621);
#11621 = DEFINITIONAL_REPRESENTATION('',(#11622),#11626);
#11622 = LINE('',#11623,#11624);
#11623 = CARTESIAN_POINT('',(0.,-0.3));
#11624 = VECTOR('',#11625,1.);
#11625 = DIRECTION('',(1.,0.));
#11626 = ( GEOMETRIC_REPRESENTATION_CONTEXT(2) 
PARAMETRIC_REPRESENTATION_CONTEXT() REPRESENTATION_CONTEXT('2D SPACE',''
  ) );
#11627 = PCURVE('',#11628,#11633);
#11628 = PLANE('',#11629);
#11629 = AXIS2_PLACEMENT_3D('',#11630,#11631,#11632);
#11630 = CARTESIAN_POINT('',(-4.895,-9.3,-5.E-03));
#11631 = DIRECTION('',(0.,1.,0.));
#11632 = DIRECTION('',(0.,0.,1.));
#11633 = DEFINITIONAL_REPRESENTATION('',(#11634),#11638);
#11634 = LINE('',#11635,#11636);
#11635 = CARTESIAN_POINT('',(0.,0.));
#11636 = VECTOR('',#11637,1.);
#11637 = DIRECTION('',(1.,0.));
#11638 = ( GEOMETRIC_REPRESENTATION_CONTEXT(2) 
PARAMETRIC_REPRESENTATION_CONTEXT() REPRESENTATION_CONTEXT('2D SPACE',''
  ) );
#11639 = ORIENTED_EDGE('',*,*,#11640,.F.);
#11640 = EDGE_CURVE('',#11552,#11613,#11641,.T.);
#11641 = SURFACE_CURVE('',#11642,(#11646,#11653),.PCURVE_S1.);
#11642 = LINE('',#11643,#11644);
#11643 = CARTESIAN_POINT('',(-4.895,-9.6,0.845));
#11644 = VECTOR('',#11645,1.);
#11645 = DIRECTION('',(0.,1.,0.));
#11646 = PCURVE('',#11560,#11647);
#11647 = DEFINITIONAL_REPRESENTATION('',(#11648),#11652);
#11648 = LINE('',#11649,#11650);
#11649 = CARTESIAN_POINT('',(0.85,0.));
#11650 = VECTOR('',#11651,1.);
#11651 = DIRECTION('',(0.,-1.));
#11652 = ( GEOMETRIC_REPRESENTATION_CONTEXT(2) 
PARAMETRIC_REPRESENTATION_CONTEXT() REPRESENTATION_CONTEXT('2D SPACE',''
  ) );
#11653 = PCURVE('',#11654,#11659);
#11654 = PLANE('',#11655);
#11655 = AXIS2_PLACEMENT_3D('',#11656,#11657,#11658);
#11656 = CARTESIAN_POINT('',(-4.895,-9.6,0.845));
#11657 = DIRECTION('',(0.,0.,1.));
#11658 = DIRECTION('',(1.,0.,0.));
#11659 = DEFINITIONAL_REPRESENTATION('',(#11660),#11664);
#11660 = LINE('',#11661,#11662);
#11661 = CARTESIAN_POINT('',(0.,0.));
#11662 = VECTOR('',#11663,1.);
#11663 = DIRECTION('',(0.,1.));
#11664 = ( GEOMETRIC_REPRESENTATION_CONTEXT(2) 
PARAMETRIC_REPRESENTATION_CONTEXT() REPRESENTATION_CONTEXT('2D SPACE',''
  ) );
#11665 = ADVANCED_FACE('',(#11666),#11680,.T.);
#11666 = FACE_BOUND('',#11667,.T.);
#11667 = EDGE_LOOP('',(#11668,#11698,#11721,#11744));
#11668 = ORIENTED_EDGE('',*,*,#11669,.F.);
#11669 = EDGE_CURVE('',#11670,#11672,#11674,.T.);
#11670 = VERTEX_POINT('',#11671);
#11671 = CARTESIAN_POINT('',(-3.995,-9.6,-5.E-03));
#11672 = VERTEX_POINT('',#11673);
#11673 = CARTESIAN_POINT('',(-3.995,-9.6,0.845));
#11674 = SURFACE_CURVE('',#11675,(#11679,#11691),.PCURVE_S1.);
#11675 = LINE('',#11676,#11677);
#11676 = CARTESIAN_POINT('',(-3.995,-9.6,-5.E-03));
#11677 = VECTOR('',#11678,1.);
#11678 = DIRECTION('',(0.,0.,1.));
#11679 = PCURVE('',#11680,#11685);
#11680 = PLANE('',#11681);
#11681 = AXIS2_PLACEMENT_3D('',#11682,#11683,#11684);
#11682 = CARTESIAN_POINT('',(-3.995,-9.6,-5.E-03));
#11683 = DIRECTION('',(1.,0.,0.));
#11684 = DIRECTION('',(0.,0.,1.));
#11685 = DEFINITIONAL_REPRESENTATION('',(#11686),#11690);
#11686 = LINE('',#11687,#11688);
#11687 = CARTESIAN_POINT('',(0.,0.));
#11688 = VECTOR('',#11689,1.);
#11689 = DIRECTION('',(1.,0.));
#11690 = ( GEOMETRIC_REPRESENTATION_CONTEXT(2) 
PARAMETRIC_REPRESENTATION_CONTEXT() REPRESENTATION_CONTEXT('2D SPACE',''
  ) );
#11691 = PCURVE('',#11572,#11692);
#11692 = DEFINITIONAL_REPRESENTATION('',(#11693),#11697);
#11693 = LINE('',#11694,#11695);
#11694 = CARTESIAN_POINT('',(0.,0.9));
#11695 = VECTOR('',#11696,1.);
#11696 = DIRECTION('',(1.,0.));
#11697 = ( GEOMETRIC_REPRESENTATION_CONTEXT(2) 
PARAMETRIC_REPRESENTATION_CONTEXT() REPRESENTATION_CONTEXT('2D SPACE',''
  ) );
#11698 = ORIENTED_EDGE('',*,*,#11699,.T.);
#11699 = EDGE_CURVE('',#11670,#11700,#11702,.T.);
#11700 = VERTEX_POINT('',#11701);
#11701 = CARTESIAN_POINT('',(-3.995,-9.3,-5.E-03));
#11702 = SURFACE_CURVE('',#11703,(#11707,#11714),.PCURVE_S1.);
#11703 = LINE('',#11704,#11705);
#11704 = CARTESIAN_POINT('',(-3.995,-9.6,-5.E-03));
#11705 = VECTOR('',#11706,1.);
#11706 = DIRECTION('',(0.,1.,0.));
#11707 = PCURVE('',#11680,#11708);
#11708 = DEFINITIONAL_REPRESENTATION('',(#11709),#11713);
#11709 = LINE('',#11710,#11711);
#11710 = CARTESIAN_POINT('',(0.,0.));
#11711 = VECTOR('',#11712,1.);
#11712 = DIRECTION('',(0.,-1.));
#11713 = ( GEOMETRIC_REPRESENTATION_CONTEXT(2) 
PARAMETRIC_REPRESENTATION_CONTEXT() REPRESENTATION_CONTEXT('2D SPACE',''
  ) );
#11714 = PCURVE('',#11600,#11715);
#11715 = DEFINITIONAL_REPRESENTATION('',(#11716),#11720);
#11716 = LINE('',#11717,#11718);
#11717 = CARTESIAN_POINT('',(0.9,0.));
#11718 = VECTOR('',#11719,1.);
#11719 = DIRECTION('',(0.,1.));
#11720 = ( GEOMETRIC_REPRESENTATION_CONTEXT(2) 
PARAMETRIC_REPRESENTATION_CONTEXT() REPRESENTATION_CONTEXT('2D SPACE',''
  ) );
#11721 = ORIENTED_EDGE('',*,*,#11722,.T.);
#11722 = EDGE_CURVE('',#11700,#11723,#11725,.T.);
#11723 = VERTEX_POINT('',#11724);
#11724 = CARTESIAN_POINT('',(-3.995,-9.3,0.845));
#11725 = SURFACE_CURVE('',#11726,(#11730,#11737),.PCURVE_S1.);
#11726 = LINE('',#11727,#11728);
#11727 = CARTESIAN_POINT('',(-3.995,-9.3,-5.E-03));
#11728 = VECTOR('',#11729,1.);
#11729 = DIRECTION('',(0.,0.,1.));
#11730 = PCURVE('',#11680,#11731);
#11731 = DEFINITIONAL_REPRESENTATION('',(#11732),#11736);
#11732 = LINE('',#11733,#11734);
#11733 = CARTESIAN_POINT('',(0.,-0.3));
#11734 = VECTOR('',#11735,1.);
#11735 = DIRECTION('',(1.,0.));
#11736 = ( GEOMETRIC_REPRESENTATION_CONTEXT(2) 
PARAMETRIC_REPRESENTATION_CONTEXT() REPRESENTATION_CONTEXT('2D SPACE',''
  ) );
#11737 = PCURVE('',#11628,#11738);
#11738 = DEFINITIONAL_REPRESENTATION('',(#11739),#11743);
#11739 = LINE('',#11740,#11741);
#11740 = CARTESIAN_POINT('',(0.,0.9));
#11741 = VECTOR('',#11742,1.);
#11742 = DIRECTION('',(1.,0.));
#11743 = ( GEOMETRIC_REPRESENTATION_CONTEXT(2) 
PARAMETRIC_REPRESENTATION_CONTEXT() REPRESENTATION_CONTEXT('2D SPACE',''
  ) );
#11744 = ORIENTED_EDGE('',*,*,#11745,.F.);
#11745 = EDGE_CURVE('',#11672,#11723,#11746,.T.);
#11746 = SURFACE_CURVE('',#11747,(#11751,#11758),.PCURVE_S1.);
#11747 = LINE('',#11748,#11749);
#11748 = CARTESIAN_POINT('',(-3.995,-9.6,0.845));
#11749 = VECTOR('',#11750,1.);
#11750 = DIRECTION('',(0.,1.,0.));
#11751 = PCURVE('',#11680,#11752);
#11752 = DEFINITIONAL_REPRESENTATION('',(#11753),#11757);
#11753 = LINE('',#11754,#11755);
#11754 = CARTESIAN_POINT('',(0.85,0.));
#11755 = VECTOR('',#11756,1.);
#11756 = DIRECTION('',(0.,-1.));
#11757 = ( GEOMETRIC_REPRESENTATION_CONTEXT(2) 
PARAMETRIC_REPRESENTATION_CONTEXT() REPRESENTATION_CONTEXT('2D SPACE',''
  ) );
#11758 = PCURVE('',#11654,#11759);
#11759 = DEFINITIONAL_REPRESENTATION('',(#11760),#11764);
#11760 = LINE('',#11761,#11762);
#11761 = CARTESIAN_POINT('',(0.9,0.));
#11762 = VECTOR('',#11763,1.);
#11763 = DIRECTION('',(0.,1.));
#11764 = ( GEOMETRIC_REPRESENTATION_CONTEXT(2) 
PARAMETRIC_REPRESENTATION_CONTEXT() REPRESENTATION_CONTEXT('2D SPACE',''
  ) );
#11765 = ADVANCED_FACE('',(#11766),#11572,.F.);
#11766 = FACE_BOUND('',#11767,.F.);
#11767 = EDGE_LOOP('',(#11768,#11789,#11790,#11811));
#11768 = ORIENTED_EDGE('',*,*,#11769,.F.);
#11769 = EDGE_CURVE('',#11550,#11670,#11770,.T.);
#11770 = SURFACE_CURVE('',#11771,(#11775,#11782),.PCURVE_S1.);
#11771 = LINE('',#11772,#11773);
#11772 = CARTESIAN_POINT('',(-4.895,-9.6,-5.E-03));
#11773 = VECTOR('',#11774,1.);
#11774 = DIRECTION('',(1.,0.,0.));
#11775 = PCURVE('',#11572,#11776);
#11776 = DEFINITIONAL_REPRESENTATION('',(#11777),#11781);
#11777 = LINE('',#11778,#11779);
#11778 = CARTESIAN_POINT('',(0.,0.));
#11779 = VECTOR('',#11780,1.);
#11780 = DIRECTION('',(0.,1.));
#11781 = ( GEOMETRIC_REPRESENTATION_CONTEXT(2) 
PARAMETRIC_REPRESENTATION_CONTEXT() REPRESENTATION_CONTEXT('2D SPACE',''
  ) );
#11782 = PCURVE('',#11600,#11783);
#11783 = DEFINITIONAL_REPRESENTATION('',(#11784),#11788);
#11784 = LINE('',#11785,#11786);
#11785 = CARTESIAN_POINT('',(0.,0.));
#11786 = VECTOR('',#11787,1.);
#11787 = DIRECTION('',(1.,0.));
#11788 = ( GEOMETRIC_REPRESENTATION_CONTEXT(2) 
PARAMETRIC_REPRESENTATION_CONTEXT() REPRESENTATION_CONTEXT('2D SPACE',''
  ) );
#11789 = ORIENTED_EDGE('',*,*,#11549,.T.);
#11790 = ORIENTED_EDGE('',*,*,#11791,.T.);
#11791 = EDGE_CURVE('',#11552,#11672,#11792,.T.);
#11792 = SURFACE_CURVE('',#11793,(#11797,#11804),.PCURVE_S1.);
#11793 = LINE('',#11794,#11795);
#11794 = CARTESIAN_POINT('',(-4.895,-9.6,0.845));
#11795 = VECTOR('',#11796,1.);
#11796 = DIRECTION('',(1.,0.,0.));
#11797 = PCURVE('',#11572,#11798);
#11798 = DEFINITIONAL_REPRESENTATION('',(#11799),#11803);
#11799 = LINE('',#11800,#11801);
#11800 = CARTESIAN_POINT('',(0.85,0.));
#11801 = VECTOR('',#11802,1.);
#11802 = DIRECTION('',(0.,1.));
#11803 = ( GEOMETRIC_REPRESENTATION_CONTEXT(2) 
PARAMETRIC_REPRESENTATION_CONTEXT() REPRESENTATION_CONTEXT('2D SPACE',''
  ) );
#11804 = PCURVE('',#11654,#11805);
#11805 = DEFINITIONAL_REPRESENTATION('',(#11806),#11810);
#11806 = LINE('',#11807,#11808);
#11807 = CARTESIAN_POINT('',(0.,0.));
#11808 = VECTOR('',#11809,1.);
#11809 = DIRECTION('',(1.,0.));
#11810 = ( GEOMETRIC_REPRESENTATION_CONTEXT(2) 
PARAMETRIC_REPRESENTATION_CONTEXT() REPRESENTATION_CONTEXT('2D SPACE',''
  ) );
#11811 = ORIENTED_EDGE('',*,*,#11669,.F.);
#11812 = ADVANCED_FACE('',(#11813),#11628,.T.);
#11813 = FACE_BOUND('',#11814,.T.);
#11814 = EDGE_LOOP('',(#11815,#11836,#11837,#11858));
#11815 = ORIENTED_EDGE('',*,*,#11816,.F.);
#11816 = EDGE_CURVE('',#11585,#11700,#11817,.T.);
#11817 = SURFACE_CURVE('',#11818,(#11822,#11829),.PCURVE_S1.);
#11818 = LINE('',#11819,#11820);
#11819 = CARTESIAN_POINT('',(-4.895,-9.3,-5.E-03));
#11820 = VECTOR('',#11821,1.);
#11821 = DIRECTION('',(1.,0.,0.));
#11822 = PCURVE('',#11628,#11823);
#11823 = DEFINITIONAL_REPRESENTATION('',(#11824),#11828);
#11824 = LINE('',#11825,#11826);
#11825 = CARTESIAN_POINT('',(0.,0.));
#11826 = VECTOR('',#11827,1.);
#11827 = DIRECTION('',(0.,1.));
#11828 = ( GEOMETRIC_REPRESENTATION_CONTEXT(2) 
PARAMETRIC_REPRESENTATION_CONTEXT() REPRESENTATION_CONTEXT('2D SPACE',''
  ) );
#11829 = PCURVE('',#11600,#11830);
#11830 = DEFINITIONAL_REPRESENTATION('',(#11831),#11835);
#11831 = LINE('',#11832,#11833);
#11832 = CARTESIAN_POINT('',(0.,0.3));
#11833 = VECTOR('',#11834,1.);
#11834 = DIRECTION('',(1.,0.));
#11835 = ( GEOMETRIC_REPRESENTATION_CONTEXT(2) 
PARAMETRIC_REPRESENTATION_CONTEXT() REPRESENTATION_CONTEXT('2D SPACE',''
  ) );
#11836 = ORIENTED_EDGE('',*,*,#11612,.T.);
#11837 = ORIENTED_EDGE('',*,*,#11838,.T.);
#11838 = EDGE_CURVE('',#11613,#11723,#11839,.T.);
#11839 = SURFACE_CURVE('',#11840,(#11844,#11851),.PCURVE_S1.);
#11840 = LINE('',#11841,#11842);
#11841 = CARTESIAN_POINT('',(-4.895,-9.3,0.845));
#11842 = VECTOR('',#11843,1.);
#11843 = DIRECTION('',(1.,0.,0.));
#11844 = PCURVE('',#11628,#11845);
#11845 = DEFINITIONAL_REPRESENTATION('',(#11846),#11850);
#11846 = LINE('',#11847,#11848);
#11847 = CARTESIAN_POINT('',(0.85,0.));
#11848 = VECTOR('',#11849,1.);
#11849 = DIRECTION('',(0.,1.));
#11850 = ( GEOMETRIC_REPRESENTATION_CONTEXT(2) 
PARAMETRIC_REPRESENTATION_CONTEXT() REPRESENTATION_CONTEXT('2D SPACE',''
  ) );
#11851 = PCURVE('',#11654,#11852);
#11852 = DEFINITIONAL_REPRESENTATION('',(#11853),#11857);
#11853 = LINE('',#11854,#11855);
#11854 = CARTESIAN_POINT('',(0.,0.3));
#11855 = VECTOR('',#11856,1.);
#11856 = DIRECTION('',(1.,0.));
#11857 = ( GEOMETRIC_REPRESENTATION_CONTEXT(2) 
PARAMETRIC_REPRESENTATION_CONTEXT() REPRESENTATION_CONTEXT('2D SPACE',''
  ) );
#11858 = ORIENTED_EDGE('',*,*,#11722,.F.);
#11859 = ADVANCED_FACE('',(#11860),#11600,.F.);
#11860 = FACE_BOUND('',#11861,.F.);
#11861 = EDGE_LOOP('',(#11862,#11863,#11864,#11865));
#11862 = ORIENTED_EDGE('',*,*,#11584,.F.);
#11863 = ORIENTED_EDGE('',*,*,#11769,.T.);
#11864 = ORIENTED_EDGE('',*,*,#11699,.T.);
#11865 = ORIENTED_EDGE('',*,*,#11816,.F.);
#11866 = ADVANCED_FACE('',(#11867),#11654,.T.);
#11867 = FACE_BOUND('',#11868,.T.);
#11868 = EDGE_LOOP('',(#11869,#11870,#11871,#11872));
#11869 = ORIENTED_EDGE('',*,*,#11640,.F.);
#11870 = ORIENTED_EDGE('',*,*,#11791,.T.);
#11871 = ORIENTED_EDGE('',*,*,#11745,.T.);
#11872 = ORIENTED_EDGE('',*,*,#11838,.F.);
#11873 = MANIFOLD_SOLID_BREP('',#11874);
#11874 = CLOSED_SHELL('',(#11875,#11995,#12095,#12142,#12189,#12196));
#11875 = ADVANCED_FACE('',(#11876),#11890,.F.);
#11876 = FACE_BOUND('',#11877,.F.);
#11877 = EDGE_LOOP('',(#11878,#11913,#11941,#11969));
#11878 = ORIENTED_EDGE('',*,*,#11879,.F.);
#11879 = EDGE_CURVE('',#11880,#11882,#11884,.T.);
#11880 = VERTEX_POINT('',#11881);
#11881 = CARTESIAN_POINT('',(-3.625,-9.6,-5.E-03));
#11882 = VERTEX_POINT('',#11883);
#11883 = CARTESIAN_POINT('',(-3.625,-9.6,0.845));
#11884 = SURFACE_CURVE('',#11885,(#11889,#11901),.PCURVE_S1.);
#11885 = LINE('',#11886,#11887);
#11886 = CARTESIAN_POINT('',(-3.625,-9.6,-5.E-03));
#11887 = VECTOR('',#11888,1.);
#11888 = DIRECTION('',(0.,0.,1.));
#11889 = PCURVE('',#11890,#11895);
#11890 = PLANE('',#11891);
#11891 = AXIS2_PLACEMENT_3D('',#11892,#11893,#11894);
#11892 = CARTESIAN_POINT('',(-3.625,-9.6,-5.E-03));
#11893 = DIRECTION('',(1.,0.,0.));
#11894 = DIRECTION('',(0.,0.,1.));
#11895 = DEFINITIONAL_REPRESENTATION('',(#11896),#11900);
#11896 = LINE('',#11897,#11898);
#11897 = CARTESIAN_POINT('',(0.,0.));
#11898 = VECTOR('',#11899,1.);
#11899 = DIRECTION('',(1.,0.));
#11900 = ( GEOMETRIC_REPRESENTATION_CONTEXT(2) 
PARAMETRIC_REPRESENTATION_CONTEXT() REPRESENTATION_CONTEXT('2D SPACE',''
  ) );
#11901 = PCURVE('',#11902,#11907);
#11902 = PLANE('',#11903);
#11903 = AXIS2_PLACEMENT_3D('',#11904,#11905,#11906);
#11904 = CARTESIAN_POINT('',(-3.625,-9.6,-5.E-03));
#11905 = DIRECTION('',(0.,1.,0.));
#11906 = DIRECTION('',(0.,0.,1.));
#11907 = DEFINITIONAL_REPRESENTATION('',(#11908),#11912);
#11908 = LINE('',#11909,#11910);
#11909 = CARTESIAN_POINT('',(0.,0.));
#11910 = VECTOR('',#11911,1.);
#11911 = DIRECTION('',(1.,0.));
#11912 = ( GEOMETRIC_REPRESENTATION_CONTEXT(2) 
PARAMETRIC_REPRESENTATION_CONTEXT() REPRESENTATION_CONTEXT('2D SPACE',''
  ) );
#11913 = ORIENTED_EDGE('',*,*,#11914,.T.);
#11914 = EDGE_CURVE('',#11880,#11915,#11917,.T.);
#11915 = VERTEX_POINT('',#11916);
#11916 = CARTESIAN_POINT('',(-3.625,-9.3,-5.E-03));
#11917 = SURFACE_CURVE('',#11918,(#11922,#11929),.PCURVE_S1.);
#11918 = LINE('',#11919,#11920);
#11919 = CARTESIAN_POINT('',(-3.625,-9.6,-5.E-03));
#11920 = VECTOR('',#11921,1.);
#11921 = DIRECTION('',(0.,1.,0.));
#11922 = PCURVE('',#11890,#11923);
#11923 = DEFINITIONAL_REPRESENTATION('',(#11924),#11928);
#11924 = LINE('',#11925,#11926);
#11925 = CARTESIAN_POINT('',(0.,0.));
#11926 = VECTOR('',#11927,1.);
#11927 = DIRECTION('',(0.,-1.));
#11928 = ( GEOMETRIC_REPRESENTATION_CONTEXT(2) 
PARAMETRIC_REPRESENTATION_CONTEXT() REPRESENTATION_CONTEXT('2D SPACE',''
  ) );
#11929 = PCURVE('',#11930,#11935);
#11930 = PLANE('',#11931);
#11931 = AXIS2_PLACEMENT_3D('',#11932,#11933,#11934);
#11932 = CARTESIAN_POINT('',(-3.625,-9.6,-5.E-03));
#11933 = DIRECTION('',(0.,0.,1.));
#11934 = DIRECTION('',(1.,0.,0.));
#11935 = DEFINITIONAL_REPRESENTATION('',(#11936),#11940);
#11936 = LINE('',#11937,#11938);
#11937 = CARTESIAN_POINT('',(0.,0.));
#11938 = VECTOR('',#11939,1.);
#11939 = DIRECTION('',(0.,1.));
#11940 = ( GEOMETRIC_REPRESENTATION_CONTEXT(2) 
PARAMETRIC_REPRESENTATION_CONTEXT() REPRESENTATION_CONTEXT('2D SPACE',''
  ) );
#11941 = ORIENTED_EDGE('',*,*,#11942,.T.);
#11942 = EDGE_CURVE('',#11915,#11943,#11945,.T.);
#11943 = VERTEX_POINT('',#11944);
#11944 = CARTESIAN_POINT('',(-3.625,-9.3,0.845));
#11945 = SURFACE_CURVE('',#11946,(#11950,#11957),.PCURVE_S1.);
#11946 = LINE('',#11947,#11948);
#11947 = CARTESIAN_POINT('',(-3.625,-9.3,-5.E-03));
#11948 = VECTOR('',#11949,1.);
#11949 = DIRECTION('',(0.,0.,1.));
#11950 = PCURVE('',#11890,#11951);
#11951 = DEFINITIONAL_REPRESENTATION('',(#11952),#11956);
#11952 = LINE('',#11953,#11954);
#11953 = CARTESIAN_POINT('',(0.,-0.3));
#11954 = VECTOR('',#11955,1.);
#11955 = DIRECTION('',(1.,0.));
#11956 = ( GEOMETRIC_REPRESENTATION_CONTEXT(2) 
PARAMETRIC_REPRESENTATION_CONTEXT() REPRESENTATION_CONTEXT('2D SPACE',''
  ) );
#11957 = PCURVE('',#11958,#11963);
#11958 = PLANE('',#11959);
#11959 = AXIS2_PLACEMENT_3D('',#11960,#11961,#11962);
#11960 = CARTESIAN_POINT('',(-3.625,-9.3,-5.E-03));
#11961 = DIRECTION('',(0.,1.,0.));
#11962 = DIRECTION('',(0.,0.,1.));
#11963 = DEFINITIONAL_REPRESENTATION('',(#11964),#11968);
#11964 = LINE('',#11965,#11966);
#11965 = CARTESIAN_POINT('',(0.,0.));
#11966 = VECTOR('',#11967,1.);
#11967 = DIRECTION('',(1.,0.));
#11968 = ( GEOMETRIC_REPRESENTATION_CONTEXT(2) 
PARAMETRIC_REPRESENTATION_CONTEXT() REPRESENTATION_CONTEXT('2D SPACE',''
  ) );
#11969 = ORIENTED_EDGE('',*,*,#11970,.F.);
#11970 = EDGE_CURVE('',#11882,#11943,#11971,.T.);
#11971 = SURFACE_CURVE('',#11972,(#11976,#11983),.PCURVE_S1.);
#11972 = LINE('',#11973,#11974);
#11973 = CARTESIAN_POINT('',(-3.625,-9.6,0.845));
#11974 = VECTOR('',#11975,1.);
#11975 = DIRECTION('',(0.,1.,0.));
#11976 = PCURVE('',#11890,#11977);
#11977 = DEFINITIONAL_REPRESENTATION('',(#11978),#11982);
#11978 = LINE('',#11979,#11980);
#11979 = CARTESIAN_POINT('',(0.85,0.));
#11980 = VECTOR('',#11981,1.);
#11981 = DIRECTION('',(0.,-1.));
#11982 = ( GEOMETRIC_REPRESENTATION_CONTEXT(2) 
PARAMETRIC_REPRESENTATION_CONTEXT() REPRESENTATION_CONTEXT('2D SPACE',''
  ) );
#11983 = PCURVE('',#11984,#11989);
#11984 = PLANE('',#11985);
#11985 = AXIS2_PLACEMENT_3D('',#11986,#11987,#11988);
#11986 = CARTESIAN_POINT('',(-3.625,-9.6,0.845));
#11987 = DIRECTION('',(0.,0.,1.));
#11988 = DIRECTION('',(1.,0.,0.));
#11989 = DEFINITIONAL_REPRESENTATION('',(#11990),#11994);
#11990 = LINE('',#11991,#11992);
#11991 = CARTESIAN_POINT('',(0.,0.));
#11992 = VECTOR('',#11993,1.);
#11993 = DIRECTION('',(0.,1.));
#11994 = ( GEOMETRIC_REPRESENTATION_CONTEXT(2) 
PARAMETRIC_REPRESENTATION_CONTEXT() REPRESENTATION_CONTEXT('2D SPACE',''
  ) );
#11995 = ADVANCED_FACE('',(#11996),#12010,.T.);
#11996 = FACE_BOUND('',#11997,.T.);
#11997 = EDGE_LOOP('',(#11998,#12028,#12051,#12074));
#11998 = ORIENTED_EDGE('',*,*,#11999,.F.);
#11999 = EDGE_CURVE('',#12000,#12002,#12004,.T.);
#12000 = VERTEX_POINT('',#12001);
#12001 = CARTESIAN_POINT('',(-2.725,-9.6,-5.E-03));
#12002 = VERTEX_POINT('',#12003);
#12003 = CARTESIAN_POINT('',(-2.725,-9.6,0.845));
#12004 = SURFACE_CURVE('',#12005,(#12009,#12021),.PCURVE_S1.);
#12005 = LINE('',#12006,#12007);
#12006 = CARTESIAN_POINT('',(-2.725,-9.6,-5.E-03));
#12007 = VECTOR('',#12008,1.);
#12008 = DIRECTION('',(0.,0.,1.));
#12009 = PCURVE('',#12010,#12015);
#12010 = PLANE('',#12011);
#12011 = AXIS2_PLACEMENT_3D('',#12012,#12013,#12014);
#12012 = CARTESIAN_POINT('',(-2.725,-9.6,-5.E-03));
#12013 = DIRECTION('',(1.,0.,0.));
#12014 = DIRECTION('',(0.,0.,1.));
#12015 = DEFINITIONAL_REPRESENTATION('',(#12016),#12020);
#12016 = LINE('',#12017,#12018);
#12017 = CARTESIAN_POINT('',(0.,0.));
#12018 = VECTOR('',#12019,1.);
#12019 = DIRECTION('',(1.,0.));
#12020 = ( GEOMETRIC_REPRESENTATION_CONTEXT(2) 
PARAMETRIC_REPRESENTATION_CONTEXT() REPRESENTATION_CONTEXT('2D SPACE',''
  ) );
#12021 = PCURVE('',#11902,#12022);
#12022 = DEFINITIONAL_REPRESENTATION('',(#12023),#12027);
#12023 = LINE('',#12024,#12025);
#12024 = CARTESIAN_POINT('',(0.,0.9));
#12025 = VECTOR('',#12026,1.);
#12026 = DIRECTION('',(1.,0.));
#12027 = ( GEOMETRIC_REPRESENTATION_CONTEXT(2) 
PARAMETRIC_REPRESENTATION_CONTEXT() REPRESENTATION_CONTEXT('2D SPACE',''
  ) );
#12028 = ORIENTED_EDGE('',*,*,#12029,.T.);
#12029 = EDGE_CURVE('',#12000,#12030,#12032,.T.);
#12030 = VERTEX_POINT('',#12031);
#12031 = CARTESIAN_POINT('',(-2.725,-9.3,-5.E-03));
#12032 = SURFACE_CURVE('',#12033,(#12037,#12044),.PCURVE_S1.);
#12033 = LINE('',#12034,#12035);
#12034 = CARTESIAN_POINT('',(-2.725,-9.6,-5.E-03));
#12035 = VECTOR('',#12036,1.);
#12036 = DIRECTION('',(0.,1.,0.));
#12037 = PCURVE('',#12010,#12038);
#12038 = DEFINITIONAL_REPRESENTATION('',(#12039),#12043);
#12039 = LINE('',#12040,#12041);
#12040 = CARTESIAN_POINT('',(0.,0.));
#12041 = VECTOR('',#12042,1.);
#12042 = DIRECTION('',(0.,-1.));
#12043 = ( GEOMETRIC_REPRESENTATION_CONTEXT(2) 
PARAMETRIC_REPRESENTATION_CONTEXT() REPRESENTATION_CONTEXT('2D SPACE',''
  ) );
#12044 = PCURVE('',#11930,#12045);
#12045 = DEFINITIONAL_REPRESENTATION('',(#12046),#12050);
#12046 = LINE('',#12047,#12048);
#12047 = CARTESIAN_POINT('',(0.9,0.));
#12048 = VECTOR('',#12049,1.);
#12049 = DIRECTION('',(0.,1.));
#12050 = ( GEOMETRIC_REPRESENTATION_CONTEXT(2) 
PARAMETRIC_REPRESENTATION_CONTEXT() REPRESENTATION_CONTEXT('2D SPACE',''
  ) );
#12051 = ORIENTED_EDGE('',*,*,#12052,.T.);
#12052 = EDGE_CURVE('',#12030,#12053,#12055,.T.);
#12053 = VERTEX_POINT('',#12054);
#12054 = CARTESIAN_POINT('',(-2.725,-9.3,0.845));
#12055 = SURFACE_CURVE('',#12056,(#12060,#12067),.PCURVE_S1.);
#12056 = LINE('',#12057,#12058);
#12057 = CARTESIAN_POINT('',(-2.725,-9.3,-5.E-03));
#12058 = VECTOR('',#12059,1.);
#12059 = DIRECTION('',(0.,0.,1.));
#12060 = PCURVE('',#12010,#12061);
#12061 = DEFINITIONAL_REPRESENTATION('',(#12062),#12066);
#12062 = LINE('',#12063,#12064);
#12063 = CARTESIAN_POINT('',(0.,-0.3));
#12064 = VECTOR('',#12065,1.);
#12065 = DIRECTION('',(1.,0.));
#12066 = ( GEOMETRIC_REPRESENTATION_CONTEXT(2) 
PARAMETRIC_REPRESENTATION_CONTEXT() REPRESENTATION_CONTEXT('2D SPACE',''
  ) );
#12067 = PCURVE('',#11958,#12068);
#12068 = DEFINITIONAL_REPRESENTATION('',(#12069),#12073);
#12069 = LINE('',#12070,#12071);
#12070 = CARTESIAN_POINT('',(0.,0.9));
#12071 = VECTOR('',#12072,1.);
#12072 = DIRECTION('',(1.,0.));
#12073 = ( GEOMETRIC_REPRESENTATION_CONTEXT(2) 
PARAMETRIC_REPRESENTATION_CONTEXT() REPRESENTATION_CONTEXT('2D SPACE',''
  ) );
#12074 = ORIENTED_EDGE('',*,*,#12075,.F.);
#12075 = EDGE_CURVE('',#12002,#12053,#12076,.T.);
#12076 = SURFACE_CURVE('',#12077,(#12081,#12088),.PCURVE_S1.);
#12077 = LINE('',#12078,#12079);
#12078 = CARTESIAN_POINT('',(-2.725,-9.6,0.845));
#12079 = VECTOR('',#12080,1.);
#12080 = DIRECTION('',(0.,1.,0.));
#12081 = PCURVE('',#12010,#12082);
#12082 = DEFINITIONAL_REPRESENTATION('',(#12083),#12087);
#12083 = LINE('',#12084,#12085);
#12084 = CARTESIAN_POINT('',(0.85,0.));
#12085 = VECTOR('',#12086,1.);
#12086 = DIRECTION('',(0.,-1.));
#12087 = ( GEOMETRIC_REPRESENTATION_CONTEXT(2) 
PARAMETRIC_REPRESENTATION_CONTEXT() REPRESENTATION_CONTEXT('2D SPACE',''
  ) );
#12088 = PCURVE('',#11984,#12089);
#12089 = DEFINITIONAL_REPRESENTATION('',(#12090),#12094);
#12090 = LINE('',#12091,#12092);
#12091 = CARTESIAN_POINT('',(0.9,0.));
#12092 = VECTOR('',#12093,1.);
#12093 = DIRECTION('',(0.,1.));
#12094 = ( GEOMETRIC_REPRESENTATION_CONTEXT(2) 
PARAMETRIC_REPRESENTATION_CONTEXT() REPRESENTATION_CONTEXT('2D SPACE',''
  ) );
#12095 = ADVANCED_FACE('',(#12096),#11902,.F.);
#12096 = FACE_BOUND('',#12097,.F.);
#12097 = EDGE_LOOP('',(#12098,#12119,#12120,#12141));
#12098 = ORIENTED_EDGE('',*,*,#12099,.F.);
#12099 = EDGE_CURVE('',#11880,#12000,#12100,.T.);
#12100 = SURFACE_CURVE('',#12101,(#12105,#12112),.PCURVE_S1.);
#12101 = LINE('',#12102,#12103);
#12102 = CARTESIAN_POINT('',(-3.625,-9.6,-5.E-03));
#12103 = VECTOR('',#12104,1.);
#12104 = DIRECTION('',(1.,0.,0.));
#12105 = PCURVE('',#11902,#12106);
#12106 = DEFINITIONAL_REPRESENTATION('',(#12107),#12111);
#12107 = LINE('',#12108,#12109);
#12108 = CARTESIAN_POINT('',(0.,0.));
#12109 = VECTOR('',#12110,1.);
#12110 = DIRECTION('',(0.,1.));
#12111 = ( GEOMETRIC_REPRESENTATION_CONTEXT(2) 
PARAMETRIC_REPRESENTATION_CONTEXT() REPRESENTATION_CONTEXT('2D SPACE',''
  ) );
#12112 = PCURVE('',#11930,#12113);
#12113 = DEFINITIONAL_REPRESENTATION('',(#12114),#12118);
#12114 = LINE('',#12115,#12116);
#12115 = CARTESIAN_POINT('',(0.,0.));
#12116 = VECTOR('',#12117,1.);
#12117 = DIRECTION('',(1.,0.));
#12118 = ( GEOMETRIC_REPRESENTATION_CONTEXT(2) 
PARAMETRIC_REPRESENTATION_CONTEXT() REPRESENTATION_CONTEXT('2D SPACE',''
  ) );
#12119 = ORIENTED_EDGE('',*,*,#11879,.T.);
#12120 = ORIENTED_EDGE('',*,*,#12121,.T.);
#12121 = EDGE_CURVE('',#11882,#12002,#12122,.T.);
#12122 = SURFACE_CURVE('',#12123,(#12127,#12134),.PCURVE_S1.);
#12123 = LINE('',#12124,#12125);
#12124 = CARTESIAN_POINT('',(-3.625,-9.6,0.845));
#12125 = VECTOR('',#12126,1.);
#12126 = DIRECTION('',(1.,0.,0.));
#12127 = PCURVE('',#11902,#12128);
#12128 = DEFINITIONAL_REPRESENTATION('',(#12129),#12133);
#12129 = LINE('',#12130,#12131);
#12130 = CARTESIAN_POINT('',(0.85,0.));
#12131 = VECTOR('',#12132,1.);
#12132 = DIRECTION('',(0.,1.));
#12133 = ( GEOMETRIC_REPRESENTATION_CONTEXT(2) 
PARAMETRIC_REPRESENTATION_CONTEXT() REPRESENTATION_CONTEXT('2D SPACE',''
  ) );
#12134 = PCURVE('',#11984,#12135);
#12135 = DEFINITIONAL_REPRESENTATION('',(#12136),#12140);
#12136 = LINE('',#12137,#12138);
#12137 = CARTESIAN_POINT('',(0.,0.));
#12138 = VECTOR('',#12139,1.);
#12139 = DIRECTION('',(1.,0.));
#12140 = ( GEOMETRIC_REPRESENTATION_CONTEXT(2) 
PARAMETRIC_REPRESENTATION_CONTEXT() REPRESENTATION_CONTEXT('2D SPACE',''
  ) );
#12141 = ORIENTED_EDGE('',*,*,#11999,.F.);
#12142 = ADVANCED_FACE('',(#12143),#11958,.T.);
#12143 = FACE_BOUND('',#12144,.T.);
#12144 = EDGE_LOOP('',(#12145,#12166,#12167,#12188));
#12145 = ORIENTED_EDGE('',*,*,#12146,.F.);
#12146 = EDGE_CURVE('',#11915,#12030,#12147,.T.);
#12147 = SURFACE_CURVE('',#12148,(#12152,#12159),.PCURVE_S1.);
#12148 = LINE('',#12149,#12150);
#12149 = CARTESIAN_POINT('',(-3.625,-9.3,-5.E-03));
#12150 = VECTOR('',#12151,1.);
#12151 = DIRECTION('',(1.,0.,0.));
#12152 = PCURVE('',#11958,#12153);
#12153 = DEFINITIONAL_REPRESENTATION('',(#12154),#12158);
#12154 = LINE('',#12155,#12156);
#12155 = CARTESIAN_POINT('',(0.,0.));
#12156 = VECTOR('',#12157,1.);
#12157 = DIRECTION('',(0.,1.));
#12158 = ( GEOMETRIC_REPRESENTATION_CONTEXT(2) 
PARAMETRIC_REPRESENTATION_CONTEXT() REPRESENTATION_CONTEXT('2D SPACE',''
  ) );
#12159 = PCURVE('',#11930,#12160);
#12160 = DEFINITIONAL_REPRESENTATION('',(#12161),#12165);
#12161 = LINE('',#12162,#12163);
#12162 = CARTESIAN_POINT('',(0.,0.3));
#12163 = VECTOR('',#12164,1.);
#12164 = DIRECTION('',(1.,0.));
#12165 = ( GEOMETRIC_REPRESENTATION_CONTEXT(2) 
PARAMETRIC_REPRESENTATION_CONTEXT() REPRESENTATION_CONTEXT('2D SPACE',''
  ) );
#12166 = ORIENTED_EDGE('',*,*,#11942,.T.);
#12167 = ORIENTED_EDGE('',*,*,#12168,.T.);
#12168 = EDGE_CURVE('',#11943,#12053,#12169,.T.);
#12169 = SURFACE_CURVE('',#12170,(#12174,#12181),.PCURVE_S1.);
#12170 = LINE('',#12171,#12172);
#12171 = CARTESIAN_POINT('',(-3.625,-9.3,0.845));
#12172 = VECTOR('',#12173,1.);
#12173 = DIRECTION('',(1.,0.,0.));
#12174 = PCURVE('',#11958,#12175);
#12175 = DEFINITIONAL_REPRESENTATION('',(#12176),#12180);
#12176 = LINE('',#12177,#12178);
#12177 = CARTESIAN_POINT('',(0.85,0.));
#12178 = VECTOR('',#12179,1.);
#12179 = DIRECTION('',(0.,1.));
#12180 = ( GEOMETRIC_REPRESENTATION_CONTEXT(2) 
PARAMETRIC_REPRESENTATION_CONTEXT() REPRESENTATION_CONTEXT('2D SPACE',''
  ) );
#12181 = PCURVE('',#11984,#12182);
#12182 = DEFINITIONAL_REPRESENTATION('',(#12183),#12187);
#12183 = LINE('',#12184,#12185);
#12184 = CARTESIAN_POINT('',(0.,0.3));
#12185 = VECTOR('',#12186,1.);
#12186 = DIRECTION('',(1.,0.));
#12187 = ( GEOMETRIC_REPRESENTATION_CONTEXT(2) 
PARAMETRIC_REPRESENTATION_CONTEXT() REPRESENTATION_CONTEXT('2D SPACE',''
  ) );
#12188 = ORIENTED_EDGE('',*,*,#12052,.F.);
#12189 = ADVANCED_FACE('',(#12190),#11930,.F.);
#12190 = FACE_BOUND('',#12191,.F.);
#12191 = EDGE_LOOP('',(#12192,#12193,#12194,#12195));
#12192 = ORIENTED_EDGE('',*,*,#11914,.F.);
#12193 = ORIENTED_EDGE('',*,*,#12099,.T.);
#12194 = ORIENTED_EDGE('',*,*,#12029,.T.);
#12195 = ORIENTED_EDGE('',*,*,#12146,.F.);
#12196 = ADVANCED_FACE('',(#12197),#11984,.T.);
#12197 = FACE_BOUND('',#12198,.T.);
#12198 = EDGE_LOOP('',(#12199,#12200,#12201,#12202));
#12199 = ORIENTED_EDGE('',*,*,#11970,.F.);
#12200 = ORIENTED_EDGE('',*,*,#12121,.T.);
#12201 = ORIENTED_EDGE('',*,*,#12075,.T.);
#12202 = ORIENTED_EDGE('',*,*,#12168,.F.);
#12203 = MANIFOLD_SOLID_BREP('',#12204);
#12204 = CLOSED_SHELL('',(#12205,#12325,#12425,#12472,#12519,#12526));
#12205 = ADVANCED_FACE('',(#12206),#12220,.F.);
#12206 = FACE_BOUND('',#12207,.F.);
#12207 = EDGE_LOOP('',(#12208,#12243,#12271,#12299));
#12208 = ORIENTED_EDGE('',*,*,#12209,.F.);
#12209 = EDGE_CURVE('',#12210,#12212,#12214,.T.);
#12210 = VERTEX_POINT('',#12211);
#12211 = CARTESIAN_POINT('',(-2.355,-9.6,-5.E-03));
#12212 = VERTEX_POINT('',#12213);
#12213 = CARTESIAN_POINT('',(-2.355,-9.6,0.845));
#12214 = SURFACE_CURVE('',#12215,(#12219,#12231),.PCURVE_S1.);
#12215 = LINE('',#12216,#12217);
#12216 = CARTESIAN_POINT('',(-2.355,-9.6,-5.E-03));
#12217 = VECTOR('',#12218,1.);
#12218 = DIRECTION('',(0.,0.,1.));
#12219 = PCURVE('',#12220,#12225);
#12220 = PLANE('',#12221);
#12221 = AXIS2_PLACEMENT_3D('',#12222,#12223,#12224);
#12222 = CARTESIAN_POINT('',(-2.355,-9.6,-5.E-03));
#12223 = DIRECTION('',(1.,0.,0.));
#12224 = DIRECTION('',(0.,0.,1.));
#12225 = DEFINITIONAL_REPRESENTATION('',(#12226),#12230);
#12226 = LINE('',#12227,#12228);
#12227 = CARTESIAN_POINT('',(0.,0.));
#12228 = VECTOR('',#12229,1.);
#12229 = DIRECTION('',(1.,0.));
#12230 = ( GEOMETRIC_REPRESENTATION_CONTEXT(2) 
PARAMETRIC_REPRESENTATION_CONTEXT() REPRESENTATION_CONTEXT('2D SPACE',''
  ) );
#12231 = PCURVE('',#12232,#12237);
#12232 = PLANE('',#12233);
#12233 = AXIS2_PLACEMENT_3D('',#12234,#12235,#12236);
#12234 = CARTESIAN_POINT('',(-2.355,-9.6,-5.E-03));
#12235 = DIRECTION('',(0.,1.,0.));
#12236 = DIRECTION('',(0.,0.,1.));
#12237 = DEFINITIONAL_REPRESENTATION('',(#12238),#12242);
#12238 = LINE('',#12239,#12240);
#12239 = CARTESIAN_POINT('',(0.,0.));
#12240 = VECTOR('',#12241,1.);
#12241 = DIRECTION('',(1.,0.));
#12242 = ( GEOMETRIC_REPRESENTATION_CONTEXT(2) 
PARAMETRIC_REPRESENTATION_CONTEXT() REPRESENTATION_CONTEXT('2D SPACE',''
  ) );
#12243 = ORIENTED_EDGE('',*,*,#12244,.T.);
#12244 = EDGE_CURVE('',#12210,#12245,#12247,.T.);
#12245 = VERTEX_POINT('',#12246);
#12246 = CARTESIAN_POINT('',(-2.355,-9.3,-5.E-03));
#12247 = SURFACE_CURVE('',#12248,(#12252,#12259),.PCURVE_S1.);
#12248 = LINE('',#12249,#12250);
#12249 = CARTESIAN_POINT('',(-2.355,-9.6,-5.E-03));
#12250 = VECTOR('',#12251,1.);
#12251 = DIRECTION('',(0.,1.,0.));
#12252 = PCURVE('',#12220,#12253);
#12253 = DEFINITIONAL_REPRESENTATION('',(#12254),#12258);
#12254 = LINE('',#12255,#12256);
#12255 = CARTESIAN_POINT('',(0.,0.));
#12256 = VECTOR('',#12257,1.);
#12257 = DIRECTION('',(0.,-1.));
#12258 = ( GEOMETRIC_REPRESENTATION_CONTEXT(2) 
PARAMETRIC_REPRESENTATION_CONTEXT() REPRESENTATION_CONTEXT('2D SPACE',''
  ) );
#12259 = PCURVE('',#12260,#12265);
#12260 = PLANE('',#12261);
#12261 = AXIS2_PLACEMENT_3D('',#12262,#12263,#12264);
#12262 = CARTESIAN_POINT('',(-2.355,-9.6,-5.E-03));
#12263 = DIRECTION('',(0.,0.,1.));
#12264 = DIRECTION('',(1.,0.,0.));
#12265 = DEFINITIONAL_REPRESENTATION('',(#12266),#12270);
#12266 = LINE('',#12267,#12268);
#12267 = CARTESIAN_POINT('',(0.,0.));
#12268 = VECTOR('',#12269,1.);
#12269 = DIRECTION('',(0.,1.));
#12270 = ( GEOMETRIC_REPRESENTATION_CONTEXT(2) 
PARAMETRIC_REPRESENTATION_CONTEXT() REPRESENTATION_CONTEXT('2D SPACE',''
  ) );
#12271 = ORIENTED_EDGE('',*,*,#12272,.T.);
#12272 = EDGE_CURVE('',#12245,#12273,#12275,.T.);
#12273 = VERTEX_POINT('',#12274);
#12274 = CARTESIAN_POINT('',(-2.355,-9.3,0.845));
#12275 = SURFACE_CURVE('',#12276,(#12280,#12287),.PCURVE_S1.);
#12276 = LINE('',#12277,#12278);
#12277 = CARTESIAN_POINT('',(-2.355,-9.3,-5.E-03));
#12278 = VECTOR('',#12279,1.);
#12279 = DIRECTION('',(0.,0.,1.));
#12280 = PCURVE('',#12220,#12281);
#12281 = DEFINITIONAL_REPRESENTATION('',(#12282),#12286);
#12282 = LINE('',#12283,#12284);
#12283 = CARTESIAN_POINT('',(0.,-0.3));
#12284 = VECTOR('',#12285,1.);
#12285 = DIRECTION('',(1.,0.));
#12286 = ( GEOMETRIC_REPRESENTATION_CONTEXT(2) 
PARAMETRIC_REPRESENTATION_CONTEXT() REPRESENTATION_CONTEXT('2D SPACE',''
  ) );
#12287 = PCURVE('',#12288,#12293);
#12288 = PLANE('',#12289);
#12289 = AXIS2_PLACEMENT_3D('',#12290,#12291,#12292);
#12290 = CARTESIAN_POINT('',(-2.355,-9.3,-5.E-03));
#12291 = DIRECTION('',(0.,1.,0.));
#12292 = DIRECTION('',(0.,0.,1.));
#12293 = DEFINITIONAL_REPRESENTATION('',(#12294),#12298);
#12294 = LINE('',#12295,#12296);
#12295 = CARTESIAN_POINT('',(0.,0.));
#12296 = VECTOR('',#12297,1.);
#12297 = DIRECTION('',(1.,0.));
#12298 = ( GEOMETRIC_REPRESENTATION_CONTEXT(2) 
PARAMETRIC_REPRESENTATION_CONTEXT() REPRESENTATION_CONTEXT('2D SPACE',''
  ) );
#12299 = ORIENTED_EDGE('',*,*,#12300,.F.);
#12300 = EDGE_CURVE('',#12212,#12273,#12301,.T.);
#12301 = SURFACE_CURVE('',#12302,(#12306,#12313),.PCURVE_S1.);
#12302 = LINE('',#12303,#12304);
#12303 = CARTESIAN_POINT('',(-2.355,-9.6,0.845));
#12304 = VECTOR('',#12305,1.);
#12305 = DIRECTION('',(0.,1.,0.));
#12306 = PCURVE('',#12220,#12307);
#12307 = DEFINITIONAL_REPRESENTATION('',(#12308),#12312);
#12308 = LINE('',#12309,#12310);
#12309 = CARTESIAN_POINT('',(0.85,0.));
#12310 = VECTOR('',#12311,1.);
#12311 = DIRECTION('',(0.,-1.));
#12312 = ( GEOMETRIC_REPRESENTATION_CONTEXT(2) 
PARAMETRIC_REPRESENTATION_CONTEXT() REPRESENTATION_CONTEXT('2D SPACE',''
  ) );
#12313 = PCURVE('',#12314,#12319);
#12314 = PLANE('',#12315);
#12315 = AXIS2_PLACEMENT_3D('',#12316,#12317,#12318);
#12316 = CARTESIAN_POINT('',(-2.355,-9.6,0.845));
#12317 = DIRECTION('',(0.,0.,1.));
#12318 = DIRECTION('',(1.,0.,0.));
#12319 = DEFINITIONAL_REPRESENTATION('',(#12320),#12324);
#12320 = LINE('',#12321,#12322);
#12321 = CARTESIAN_POINT('',(0.,0.));
#12322 = VECTOR('',#12323,1.);
#12323 = DIRECTION('',(0.,1.));
#12324 = ( GEOMETRIC_REPRESENTATION_CONTEXT(2) 
PARAMETRIC_REPRESENTATION_CONTEXT() REPRESENTATION_CONTEXT('2D SPACE',''
  ) );
#12325 = ADVANCED_FACE('',(#12326),#12340,.T.);
#12326 = FACE_BOUND('',#12327,.T.);
#12327 = EDGE_LOOP('',(#12328,#12358,#12381,#12404));
#12328 = ORIENTED_EDGE('',*,*,#12329,.F.);
#12329 = EDGE_CURVE('',#12330,#12332,#12334,.T.);
#12330 = VERTEX_POINT('',#12331);
#12331 = CARTESIAN_POINT('',(-1.455,-9.6,-5.E-03));
#12332 = VERTEX_POINT('',#12333);
#12333 = CARTESIAN_POINT('',(-1.455,-9.6,0.845));
#12334 = SURFACE_CURVE('',#12335,(#12339,#12351),.PCURVE_S1.);
#12335 = LINE('',#12336,#12337);
#12336 = CARTESIAN_POINT('',(-1.455,-9.6,-5.E-03));
#12337 = VECTOR('',#12338,1.);
#12338 = DIRECTION('',(0.,0.,1.));
#12339 = PCURVE('',#12340,#12345);
#12340 = PLANE('',#12341);
#12341 = AXIS2_PLACEMENT_3D('',#12342,#12343,#12344);
#12342 = CARTESIAN_POINT('',(-1.455,-9.6,-5.E-03));
#12343 = DIRECTION('',(1.,0.,0.));
#12344 = DIRECTION('',(0.,0.,1.));
#12345 = DEFINITIONAL_REPRESENTATION('',(#12346),#12350);
#12346 = LINE('',#12347,#12348);
#12347 = CARTESIAN_POINT('',(0.,0.));
#12348 = VECTOR('',#12349,1.);
#12349 = DIRECTION('',(1.,0.));
#12350 = ( GEOMETRIC_REPRESENTATION_CONTEXT(2) 
PARAMETRIC_REPRESENTATION_CONTEXT() REPRESENTATION_CONTEXT('2D SPACE',''
  ) );
#12351 = PCURVE('',#12232,#12352);
#12352 = DEFINITIONAL_REPRESENTATION('',(#12353),#12357);
#12353 = LINE('',#12354,#12355);
#12354 = CARTESIAN_POINT('',(0.,0.9));
#12355 = VECTOR('',#12356,1.);
#12356 = DIRECTION('',(1.,0.));
#12357 = ( GEOMETRIC_REPRESENTATION_CONTEXT(2) 
PARAMETRIC_REPRESENTATION_CONTEXT() REPRESENTATION_CONTEXT('2D SPACE',''
  ) );
#12358 = ORIENTED_EDGE('',*,*,#12359,.T.);
#12359 = EDGE_CURVE('',#12330,#12360,#12362,.T.);
#12360 = VERTEX_POINT('',#12361);
#12361 = CARTESIAN_POINT('',(-1.455,-9.3,-5.E-03));
#12362 = SURFACE_CURVE('',#12363,(#12367,#12374),.PCURVE_S1.);
#12363 = LINE('',#12364,#12365);
#12364 = CARTESIAN_POINT('',(-1.455,-9.6,-5.E-03));
#12365 = VECTOR('',#12366,1.);
#12366 = DIRECTION('',(0.,1.,0.));
#12367 = PCURVE('',#12340,#12368);
#12368 = DEFINITIONAL_REPRESENTATION('',(#12369),#12373);
#12369 = LINE('',#12370,#12371);
#12370 = CARTESIAN_POINT('',(0.,0.));
#12371 = VECTOR('',#12372,1.);
#12372 = DIRECTION('',(0.,-1.));
#12373 = ( GEOMETRIC_REPRESENTATION_CONTEXT(2) 
PARAMETRIC_REPRESENTATION_CONTEXT() REPRESENTATION_CONTEXT('2D SPACE',''
  ) );
#12374 = PCURVE('',#12260,#12375);
#12375 = DEFINITIONAL_REPRESENTATION('',(#12376),#12380);
#12376 = LINE('',#12377,#12378);
#12377 = CARTESIAN_POINT('',(0.9,0.));
#12378 = VECTOR('',#12379,1.);
#12379 = DIRECTION('',(0.,1.));
#12380 = ( GEOMETRIC_REPRESENTATION_CONTEXT(2) 
PARAMETRIC_REPRESENTATION_CONTEXT() REPRESENTATION_CONTEXT('2D SPACE',''
  ) );
#12381 = ORIENTED_EDGE('',*,*,#12382,.T.);
#12382 = EDGE_CURVE('',#12360,#12383,#12385,.T.);
#12383 = VERTEX_POINT('',#12384);
#12384 = CARTESIAN_POINT('',(-1.455,-9.3,0.845));
#12385 = SURFACE_CURVE('',#12386,(#12390,#12397),.PCURVE_S1.);
#12386 = LINE('',#12387,#12388);
#12387 = CARTESIAN_POINT('',(-1.455,-9.3,-5.E-03));
#12388 = VECTOR('',#12389,1.);
#12389 = DIRECTION('',(0.,0.,1.));
#12390 = PCURVE('',#12340,#12391);
#12391 = DEFINITIONAL_REPRESENTATION('',(#12392),#12396);
#12392 = LINE('',#12393,#12394);
#12393 = CARTESIAN_POINT('',(0.,-0.3));
#12394 = VECTOR('',#12395,1.);
#12395 = DIRECTION('',(1.,0.));
#12396 = ( GEOMETRIC_REPRESENTATION_CONTEXT(2) 
PARAMETRIC_REPRESENTATION_CONTEXT() REPRESENTATION_CONTEXT('2D SPACE',''
  ) );
#12397 = PCURVE('',#12288,#12398);
#12398 = DEFINITIONAL_REPRESENTATION('',(#12399),#12403);
#12399 = LINE('',#12400,#12401);
#12400 = CARTESIAN_POINT('',(0.,0.9));
#12401 = VECTOR('',#12402,1.);
#12402 = DIRECTION('',(1.,0.));
#12403 = ( GEOMETRIC_REPRESENTATION_CONTEXT(2) 
PARAMETRIC_REPRESENTATION_CONTEXT() REPRESENTATION_CONTEXT('2D SPACE',''
  ) );
#12404 = ORIENTED_EDGE('',*,*,#12405,.F.);
#12405 = EDGE_CURVE('',#12332,#12383,#12406,.T.);
#12406 = SURFACE_CURVE('',#12407,(#12411,#12418),.PCURVE_S1.);
#12407 = LINE('',#12408,#12409);
#12408 = CARTESIAN_POINT('',(-1.455,-9.6,0.845));
#12409 = VECTOR('',#12410,1.);
#12410 = DIRECTION('',(0.,1.,0.));
#12411 = PCURVE('',#12340,#12412);
#12412 = DEFINITIONAL_REPRESENTATION('',(#12413),#12417);
#12413 = LINE('',#12414,#12415);
#12414 = CARTESIAN_POINT('',(0.85,0.));
#12415 = VECTOR('',#12416,1.);
#12416 = DIRECTION('',(0.,-1.));
#12417 = ( GEOMETRIC_REPRESENTATION_CONTEXT(2) 
PARAMETRIC_REPRESENTATION_CONTEXT() REPRESENTATION_CONTEXT('2D SPACE',''
  ) );
#12418 = PCURVE('',#12314,#12419);
#12419 = DEFINITIONAL_REPRESENTATION('',(#12420),#12424);
#12420 = LINE('',#12421,#12422);
#12421 = CARTESIAN_POINT('',(0.9,0.));
#12422 = VECTOR('',#12423,1.);
#12423 = DIRECTION('',(0.,1.));
#12424 = ( GEOMETRIC_REPRESENTATION_CONTEXT(2) 
PARAMETRIC_REPRESENTATION_CONTEXT() REPRESENTATION_CONTEXT('2D SPACE',''
  ) );
#12425 = ADVANCED_FACE('',(#12426),#12232,.F.);
#12426 = FACE_BOUND('',#12427,.F.);
#12427 = EDGE_LOOP('',(#12428,#12449,#12450,#12471));
#12428 = ORIENTED_EDGE('',*,*,#12429,.F.);
#12429 = EDGE_CURVE('',#12210,#12330,#12430,.T.);
#12430 = SURFACE_CURVE('',#12431,(#12435,#12442),.PCURVE_S1.);
#12431 = LINE('',#12432,#12433);
#12432 = CARTESIAN_POINT('',(-2.355,-9.6,-5.E-03));
#12433 = VECTOR('',#12434,1.);
#12434 = DIRECTION('',(1.,0.,0.));
#12435 = PCURVE('',#12232,#12436);
#12436 = DEFINITIONAL_REPRESENTATION('',(#12437),#12441);
#12437 = LINE('',#12438,#12439);
#12438 = CARTESIAN_POINT('',(0.,0.));
#12439 = VECTOR('',#12440,1.);
#12440 = DIRECTION('',(0.,1.));
#12441 = ( GEOMETRIC_REPRESENTATION_CONTEXT(2) 
PARAMETRIC_REPRESENTATION_CONTEXT() REPRESENTATION_CONTEXT('2D SPACE',''
  ) );
#12442 = PCURVE('',#12260,#12443);
#12443 = DEFINITIONAL_REPRESENTATION('',(#12444),#12448);
#12444 = LINE('',#12445,#12446);
#12445 = CARTESIAN_POINT('',(0.,0.));
#12446 = VECTOR('',#12447,1.);
#12447 = DIRECTION('',(1.,0.));
#12448 = ( GEOMETRIC_REPRESENTATION_CONTEXT(2) 
PARAMETRIC_REPRESENTATION_CONTEXT() REPRESENTATION_CONTEXT('2D SPACE',''
  ) );
#12449 = ORIENTED_EDGE('',*,*,#12209,.T.);
#12450 = ORIENTED_EDGE('',*,*,#12451,.T.);
#12451 = EDGE_CURVE('',#12212,#12332,#12452,.T.);
#12452 = SURFACE_CURVE('',#12453,(#12457,#12464),.PCURVE_S1.);
#12453 = LINE('',#12454,#12455);
#12454 = CARTESIAN_POINT('',(-2.355,-9.6,0.845));
#12455 = VECTOR('',#12456,1.);
#12456 = DIRECTION('',(1.,0.,0.));
#12457 = PCURVE('',#12232,#12458);
#12458 = DEFINITIONAL_REPRESENTATION('',(#12459),#12463);
#12459 = LINE('',#12460,#12461);
#12460 = CARTESIAN_POINT('',(0.85,0.));
#12461 = VECTOR('',#12462,1.);
#12462 = DIRECTION('',(0.,1.));
#12463 = ( GEOMETRIC_REPRESENTATION_CONTEXT(2) 
PARAMETRIC_REPRESENTATION_CONTEXT() REPRESENTATION_CONTEXT('2D SPACE',''
  ) );
#12464 = PCURVE('',#12314,#12465);
#12465 = DEFINITIONAL_REPRESENTATION('',(#12466),#12470);
#12466 = LINE('',#12467,#12468);
#12467 = CARTESIAN_POINT('',(0.,0.));
#12468 = VECTOR('',#12469,1.);
#12469 = DIRECTION('',(1.,0.));
#12470 = ( GEOMETRIC_REPRESENTATION_CONTEXT(2) 
PARAMETRIC_REPRESENTATION_CONTEXT() REPRESENTATION_CONTEXT('2D SPACE',''
  ) );
#12471 = ORIENTED_EDGE('',*,*,#12329,.F.);
#12472 = ADVANCED_FACE('',(#12473),#12288,.T.);
#12473 = FACE_BOUND('',#12474,.T.);
#12474 = EDGE_LOOP('',(#12475,#12496,#12497,#12518));
#12475 = ORIENTED_EDGE('',*,*,#12476,.F.);
#12476 = EDGE_CURVE('',#12245,#12360,#12477,.T.);
#12477 = SURFACE_CURVE('',#12478,(#12482,#12489),.PCURVE_S1.);
#12478 = LINE('',#12479,#12480);
#12479 = CARTESIAN_POINT('',(-2.355,-9.3,-5.E-03));
#12480 = VECTOR('',#12481,1.);
#12481 = DIRECTION('',(1.,0.,0.));
#12482 = PCURVE('',#12288,#12483);
#12483 = DEFINITIONAL_REPRESENTATION('',(#12484),#12488);
#12484 = LINE('',#12485,#12486);
#12485 = CARTESIAN_POINT('',(0.,0.));
#12486 = VECTOR('',#12487,1.);
#12487 = DIRECTION('',(0.,1.));
#12488 = ( GEOMETRIC_REPRESENTATION_CONTEXT(2) 
PARAMETRIC_REPRESENTATION_CONTEXT() REPRESENTATION_CONTEXT('2D SPACE',''
  ) );
#12489 = PCURVE('',#12260,#12490);
#12490 = DEFINITIONAL_REPRESENTATION('',(#12491),#12495);
#12491 = LINE('',#12492,#12493);
#12492 = CARTESIAN_POINT('',(0.,0.3));
#12493 = VECTOR('',#12494,1.);
#12494 = DIRECTION('',(1.,0.));
#12495 = ( GEOMETRIC_REPRESENTATION_CONTEXT(2) 
PARAMETRIC_REPRESENTATION_CONTEXT() REPRESENTATION_CONTEXT('2D SPACE',''
  ) );
#12496 = ORIENTED_EDGE('',*,*,#12272,.T.);
#12497 = ORIENTED_EDGE('',*,*,#12498,.T.);
#12498 = EDGE_CURVE('',#12273,#12383,#12499,.T.);
#12499 = SURFACE_CURVE('',#12500,(#12504,#12511),.PCURVE_S1.);
#12500 = LINE('',#12501,#12502);
#12501 = CARTESIAN_POINT('',(-2.355,-9.3,0.845));
#12502 = VECTOR('',#12503,1.);
#12503 = DIRECTION('',(1.,0.,0.));
#12504 = PCURVE('',#12288,#12505);
#12505 = DEFINITIONAL_REPRESENTATION('',(#12506),#12510);
#12506 = LINE('',#12507,#12508);
#12507 = CARTESIAN_POINT('',(0.85,0.));
#12508 = VECTOR('',#12509,1.);
#12509 = DIRECTION('',(0.,1.));
#12510 = ( GEOMETRIC_REPRESENTATION_CONTEXT(2) 
PARAMETRIC_REPRESENTATION_CONTEXT() REPRESENTATION_CONTEXT('2D SPACE',''
  ) );
#12511 = PCURVE('',#12314,#12512);
#12512 = DEFINITIONAL_REPRESENTATION('',(#12513),#12517);
#12513 = LINE('',#12514,#12515);
#12514 = CARTESIAN_POINT('',(0.,0.3));
#12515 = VECTOR('',#12516,1.);
#12516 = DIRECTION('',(1.,0.));
#12517 = ( GEOMETRIC_REPRESENTATION_CONTEXT(2) 
PARAMETRIC_REPRESENTATION_CONTEXT() REPRESENTATION_CONTEXT('2D SPACE',''
  ) );
#12518 = ORIENTED_EDGE('',*,*,#12382,.F.);
#12519 = ADVANCED_FACE('',(#12520),#12260,.F.);
#12520 = FACE_BOUND('',#12521,.F.);
#12521 = EDGE_LOOP('',(#12522,#12523,#12524,#12525));
#12522 = ORIENTED_EDGE('',*,*,#12244,.F.);
#12523 = ORIENTED_EDGE('',*,*,#12429,.T.);
#12524 = ORIENTED_EDGE('',*,*,#12359,.T.);
#12525 = ORIENTED_EDGE('',*,*,#12476,.F.);
#12526 = ADVANCED_FACE('',(#12527),#12314,.T.);
#12527 = FACE_BOUND('',#12528,.T.);
#12528 = EDGE_LOOP('',(#12529,#12530,#12531,#12532));
#12529 = ORIENTED_EDGE('',*,*,#12300,.F.);
#12530 = ORIENTED_EDGE('',*,*,#12451,.T.);
#12531 = ORIENTED_EDGE('',*,*,#12405,.T.);
#12532 = ORIENTED_EDGE('',*,*,#12498,.F.);
#12533 = MANIFOLD_SOLID_BREP('',#12534);
#12534 = CLOSED_SHELL('',(#12535,#12655,#12755,#12802,#12849,#12856));
#12535 = ADVANCED_FACE('',(#12536),#12550,.F.);
#12536 = FACE_BOUND('',#12537,.F.);
#12537 = EDGE_LOOP('',(#12538,#12573,#12601,#12629));
#12538 = ORIENTED_EDGE('',*,*,#12539,.F.);
#12539 = EDGE_CURVE('',#12540,#12542,#12544,.T.);
#12540 = VERTEX_POINT('',#12541);
#12541 = CARTESIAN_POINT('',(-1.085,-9.6,-5.E-03));
#12542 = VERTEX_POINT('',#12543);
#12543 = CARTESIAN_POINT('',(-1.085,-9.6,0.845));
#12544 = SURFACE_CURVE('',#12545,(#12549,#12561),.PCURVE_S1.);
#12545 = LINE('',#12546,#12547);
#12546 = CARTESIAN_POINT('',(-1.085,-9.6,-5.E-03));
#12547 = VECTOR('',#12548,1.);
#12548 = DIRECTION('',(0.,0.,1.));
#12549 = PCURVE('',#12550,#12555);
#12550 = PLANE('',#12551);
#12551 = AXIS2_PLACEMENT_3D('',#12552,#12553,#12554);
#12552 = CARTESIAN_POINT('',(-1.085,-9.6,-5.E-03));
#12553 = DIRECTION('',(1.,0.,0.));
#12554 = DIRECTION('',(0.,0.,1.));
#12555 = DEFINITIONAL_REPRESENTATION('',(#12556),#12560);
#12556 = LINE('',#12557,#12558);
#12557 = CARTESIAN_POINT('',(0.,0.));
#12558 = VECTOR('',#12559,1.);
#12559 = DIRECTION('',(1.,0.));
#12560 = ( GEOMETRIC_REPRESENTATION_CONTEXT(2) 
PARAMETRIC_REPRESENTATION_CONTEXT() REPRESENTATION_CONTEXT('2D SPACE',''
  ) );
#12561 = PCURVE('',#12562,#12567);
#12562 = PLANE('',#12563);
#12563 = AXIS2_PLACEMENT_3D('',#12564,#12565,#12566);
#12564 = CARTESIAN_POINT('',(-1.085,-9.6,-5.E-03));
#12565 = DIRECTION('',(0.,1.,0.));
#12566 = DIRECTION('',(0.,0.,1.));
#12567 = DEFINITIONAL_REPRESENTATION('',(#12568),#12572);
#12568 = LINE('',#12569,#12570);
#12569 = CARTESIAN_POINT('',(0.,0.));
#12570 = VECTOR('',#12571,1.);
#12571 = DIRECTION('',(1.,0.));
#12572 = ( GEOMETRIC_REPRESENTATION_CONTEXT(2) 
PARAMETRIC_REPRESENTATION_CONTEXT() REPRESENTATION_CONTEXT('2D SPACE',''
  ) );
#12573 = ORIENTED_EDGE('',*,*,#12574,.T.);
#12574 = EDGE_CURVE('',#12540,#12575,#12577,.T.);
#12575 = VERTEX_POINT('',#12576);
#12576 = CARTESIAN_POINT('',(-1.085,-9.3,-5.E-03));
#12577 = SURFACE_CURVE('',#12578,(#12582,#12589),.PCURVE_S1.);
#12578 = LINE('',#12579,#12580);
#12579 = CARTESIAN_POINT('',(-1.085,-9.6,-5.E-03));
#12580 = VECTOR('',#12581,1.);
#12581 = DIRECTION('',(0.,1.,0.));
#12582 = PCURVE('',#12550,#12583);
#12583 = DEFINITIONAL_REPRESENTATION('',(#12584),#12588);
#12584 = LINE('',#12585,#12586);
#12585 = CARTESIAN_POINT('',(0.,0.));
#12586 = VECTOR('',#12587,1.);
#12587 = DIRECTION('',(0.,-1.));
#12588 = ( GEOMETRIC_REPRESENTATION_CONTEXT(2) 
PARAMETRIC_REPRESENTATION_CONTEXT() REPRESENTATION_CONTEXT('2D SPACE',''
  ) );
#12589 = PCURVE('',#12590,#12595);
#12590 = PLANE('',#12591);
#12591 = AXIS2_PLACEMENT_3D('',#12592,#12593,#12594);
#12592 = CARTESIAN_POINT('',(-1.085,-9.6,-5.E-03));
#12593 = DIRECTION('',(0.,0.,1.));
#12594 = DIRECTION('',(1.,0.,0.));
#12595 = DEFINITIONAL_REPRESENTATION('',(#12596),#12600);
#12596 = LINE('',#12597,#12598);
#12597 = CARTESIAN_POINT('',(0.,0.));
#12598 = VECTOR('',#12599,1.);
#12599 = DIRECTION('',(0.,1.));
#12600 = ( GEOMETRIC_REPRESENTATION_CONTEXT(2) 
PARAMETRIC_REPRESENTATION_CONTEXT() REPRESENTATION_CONTEXT('2D SPACE',''
  ) );
#12601 = ORIENTED_EDGE('',*,*,#12602,.T.);
#12602 = EDGE_CURVE('',#12575,#12603,#12605,.T.);
#12603 = VERTEX_POINT('',#12604);
#12604 = CARTESIAN_POINT('',(-1.085,-9.3,0.845));
#12605 = SURFACE_CURVE('',#12606,(#12610,#12617),.PCURVE_S1.);
#12606 = LINE('',#12607,#12608);
#12607 = CARTESIAN_POINT('',(-1.085,-9.3,-5.E-03));
#12608 = VECTOR('',#12609,1.);
#12609 = DIRECTION('',(0.,0.,1.));
#12610 = PCURVE('',#12550,#12611);
#12611 = DEFINITIONAL_REPRESENTATION('',(#12612),#12616);
#12612 = LINE('',#12613,#12614);
#12613 = CARTESIAN_POINT('',(0.,-0.3));
#12614 = VECTOR('',#12615,1.);
#12615 = DIRECTION('',(1.,0.));
#12616 = ( GEOMETRIC_REPRESENTATION_CONTEXT(2) 
PARAMETRIC_REPRESENTATION_CONTEXT() REPRESENTATION_CONTEXT('2D SPACE',''
  ) );
#12617 = PCURVE('',#12618,#12623);
#12618 = PLANE('',#12619);
#12619 = AXIS2_PLACEMENT_3D('',#12620,#12621,#12622);
#12620 = CARTESIAN_POINT('',(-1.085,-9.3,-5.E-03));
#12621 = DIRECTION('',(0.,1.,0.));
#12622 = DIRECTION('',(0.,0.,1.));
#12623 = DEFINITIONAL_REPRESENTATION('',(#12624),#12628);
#12624 = LINE('',#12625,#12626);
#12625 = CARTESIAN_POINT('',(0.,0.));
#12626 = VECTOR('',#12627,1.);
#12627 = DIRECTION('',(1.,0.));
#12628 = ( GEOMETRIC_REPRESENTATION_CONTEXT(2) 
PARAMETRIC_REPRESENTATION_CONTEXT() REPRESENTATION_CONTEXT('2D SPACE',''
  ) );
#12629 = ORIENTED_EDGE('',*,*,#12630,.F.);
#12630 = EDGE_CURVE('',#12542,#12603,#12631,.T.);
#12631 = SURFACE_CURVE('',#12632,(#12636,#12643),.PCURVE_S1.);
#12632 = LINE('',#12633,#12634);
#12633 = CARTESIAN_POINT('',(-1.085,-9.6,0.845));
#12634 = VECTOR('',#12635,1.);
#12635 = DIRECTION('',(0.,1.,0.));
#12636 = PCURVE('',#12550,#12637);
#12637 = DEFINITIONAL_REPRESENTATION('',(#12638),#12642);
#12638 = LINE('',#12639,#12640);
#12639 = CARTESIAN_POINT('',(0.85,0.));
#12640 = VECTOR('',#12641,1.);
#12641 = DIRECTION('',(0.,-1.));
#12642 = ( GEOMETRIC_REPRESENTATION_CONTEXT(2) 
PARAMETRIC_REPRESENTATION_CONTEXT() REPRESENTATION_CONTEXT('2D SPACE',''
  ) );
#12643 = PCURVE('',#12644,#12649);
#12644 = PLANE('',#12645);
#12645 = AXIS2_PLACEMENT_3D('',#12646,#12647,#12648);
#12646 = CARTESIAN_POINT('',(-1.085,-9.6,0.845));
#12647 = DIRECTION('',(0.,0.,1.));
#12648 = DIRECTION('',(1.,0.,0.));
#12649 = DEFINITIONAL_REPRESENTATION('',(#12650),#12654);
#12650 = LINE('',#12651,#12652);
#12651 = CARTESIAN_POINT('',(0.,0.));
#12652 = VECTOR('',#12653,1.);
#12653 = DIRECTION('',(0.,1.));
#12654 = ( GEOMETRIC_REPRESENTATION_CONTEXT(2) 
PARAMETRIC_REPRESENTATION_CONTEXT() REPRESENTATION_CONTEXT('2D SPACE',''
  ) );
#12655 = ADVANCED_FACE('',(#12656),#12670,.T.);
#12656 = FACE_BOUND('',#12657,.T.);
#12657 = EDGE_LOOP('',(#12658,#12688,#12711,#12734));
#12658 = ORIENTED_EDGE('',*,*,#12659,.F.);
#12659 = EDGE_CURVE('',#12660,#12662,#12664,.T.);
#12660 = VERTEX_POINT('',#12661);
#12661 = CARTESIAN_POINT('',(-0.185,-9.6,-5.E-03));
#12662 = VERTEX_POINT('',#12663);
#12663 = CARTESIAN_POINT('',(-0.185,-9.6,0.845));
#12664 = SURFACE_CURVE('',#12665,(#12669,#12681),.PCURVE_S1.);
#12665 = LINE('',#12666,#12667);
#12666 = CARTESIAN_POINT('',(-0.185,-9.6,-5.E-03));
#12667 = VECTOR('',#12668,1.);
#12668 = DIRECTION('',(0.,0.,1.));
#12669 = PCURVE('',#12670,#12675);
#12670 = PLANE('',#12671);
#12671 = AXIS2_PLACEMENT_3D('',#12672,#12673,#12674);
#12672 = CARTESIAN_POINT('',(-0.185,-9.6,-5.E-03));
#12673 = DIRECTION('',(1.,0.,0.));
#12674 = DIRECTION('',(0.,0.,1.));
#12675 = DEFINITIONAL_REPRESENTATION('',(#12676),#12680);
#12676 = LINE('',#12677,#12678);
#12677 = CARTESIAN_POINT('',(0.,0.));
#12678 = VECTOR('',#12679,1.);
#12679 = DIRECTION('',(1.,0.));
#12680 = ( GEOMETRIC_REPRESENTATION_CONTEXT(2) 
PARAMETRIC_REPRESENTATION_CONTEXT() REPRESENTATION_CONTEXT('2D SPACE',''
  ) );
#12681 = PCURVE('',#12562,#12682);
#12682 = DEFINITIONAL_REPRESENTATION('',(#12683),#12687);
#12683 = LINE('',#12684,#12685);
#12684 = CARTESIAN_POINT('',(0.,0.9));
#12685 = VECTOR('',#12686,1.);
#12686 = DIRECTION('',(1.,0.));
#12687 = ( GEOMETRIC_REPRESENTATION_CONTEXT(2) 
PARAMETRIC_REPRESENTATION_CONTEXT() REPRESENTATION_CONTEXT('2D SPACE',''
  ) );
#12688 = ORIENTED_EDGE('',*,*,#12689,.T.);
#12689 = EDGE_CURVE('',#12660,#12690,#12692,.T.);
#12690 = VERTEX_POINT('',#12691);
#12691 = CARTESIAN_POINT('',(-0.185,-9.3,-5.E-03));
#12692 = SURFACE_CURVE('',#12693,(#12697,#12704),.PCURVE_S1.);
#12693 = LINE('',#12694,#12695);
#12694 = CARTESIAN_POINT('',(-0.185,-9.6,-5.E-03));
#12695 = VECTOR('',#12696,1.);
#12696 = DIRECTION('',(0.,1.,0.));
#12697 = PCURVE('',#12670,#12698);
#12698 = DEFINITIONAL_REPRESENTATION('',(#12699),#12703);
#12699 = LINE('',#12700,#12701);
#12700 = CARTESIAN_POINT('',(0.,0.));
#12701 = VECTOR('',#12702,1.);
#12702 = DIRECTION('',(0.,-1.));
#12703 = ( GEOMETRIC_REPRESENTATION_CONTEXT(2) 
PARAMETRIC_REPRESENTATION_CONTEXT() REPRESENTATION_CONTEXT('2D SPACE',''
  ) );
#12704 = PCURVE('',#12590,#12705);
#12705 = DEFINITIONAL_REPRESENTATION('',(#12706),#12710);
#12706 = LINE('',#12707,#12708);
#12707 = CARTESIAN_POINT('',(0.9,0.));
#12708 = VECTOR('',#12709,1.);
#12709 = DIRECTION('',(0.,1.));
#12710 = ( GEOMETRIC_REPRESENTATION_CONTEXT(2) 
PARAMETRIC_REPRESENTATION_CONTEXT() REPRESENTATION_CONTEXT('2D SPACE',''
  ) );
#12711 = ORIENTED_EDGE('',*,*,#12712,.T.);
#12712 = EDGE_CURVE('',#12690,#12713,#12715,.T.);
#12713 = VERTEX_POINT('',#12714);
#12714 = CARTESIAN_POINT('',(-0.185,-9.3,0.845));
#12715 = SURFACE_CURVE('',#12716,(#12720,#12727),.PCURVE_S1.);
#12716 = LINE('',#12717,#12718);
#12717 = CARTESIAN_POINT('',(-0.185,-9.3,-5.E-03));
#12718 = VECTOR('',#12719,1.);
#12719 = DIRECTION('',(0.,0.,1.));
#12720 = PCURVE('',#12670,#12721);
#12721 = DEFINITIONAL_REPRESENTATION('',(#12722),#12726);
#12722 = LINE('',#12723,#12724);
#12723 = CARTESIAN_POINT('',(0.,-0.3));
#12724 = VECTOR('',#12725,1.);
#12725 = DIRECTION('',(1.,0.));
#12726 = ( GEOMETRIC_REPRESENTATION_CONTEXT(2) 
PARAMETRIC_REPRESENTATION_CONTEXT() REPRESENTATION_CONTEXT('2D SPACE',''
  ) );
#12727 = PCURVE('',#12618,#12728);
#12728 = DEFINITIONAL_REPRESENTATION('',(#12729),#12733);
#12729 = LINE('',#12730,#12731);
#12730 = CARTESIAN_POINT('',(0.,0.9));
#12731 = VECTOR('',#12732,1.);
#12732 = DIRECTION('',(1.,0.));
#12733 = ( GEOMETRIC_REPRESENTATION_CONTEXT(2) 
PARAMETRIC_REPRESENTATION_CONTEXT() REPRESENTATION_CONTEXT('2D SPACE',''
  ) );
#12734 = ORIENTED_EDGE('',*,*,#12735,.F.);
#12735 = EDGE_CURVE('',#12662,#12713,#12736,.T.);
#12736 = SURFACE_CURVE('',#12737,(#12741,#12748),.PCURVE_S1.);
#12737 = LINE('',#12738,#12739);
#12738 = CARTESIAN_POINT('',(-0.185,-9.6,0.845));
#12739 = VECTOR('',#12740,1.);
#12740 = DIRECTION('',(0.,1.,0.));
#12741 = PCURVE('',#12670,#12742);
#12742 = DEFINITIONAL_REPRESENTATION('',(#12743),#12747);
#12743 = LINE('',#12744,#12745);
#12744 = CARTESIAN_POINT('',(0.85,0.));
#12745 = VECTOR('',#12746,1.);
#12746 = DIRECTION('',(0.,-1.));
#12747 = ( GEOMETRIC_REPRESENTATION_CONTEXT(2) 
PARAMETRIC_REPRESENTATION_CONTEXT() REPRESENTATION_CONTEXT('2D SPACE',''
  ) );
#12748 = PCURVE('',#12644,#12749);
#12749 = DEFINITIONAL_REPRESENTATION('',(#12750),#12754);
#12750 = LINE('',#12751,#12752);
#12751 = CARTESIAN_POINT('',(0.9,0.));
#12752 = VECTOR('',#12753,1.);
#12753 = DIRECTION('',(0.,1.));
#12754 = ( GEOMETRIC_REPRESENTATION_CONTEXT(2) 
PARAMETRIC_REPRESENTATION_CONTEXT() REPRESENTATION_CONTEXT('2D SPACE',''
  ) );
#12755 = ADVANCED_FACE('',(#12756),#12562,.F.);
#12756 = FACE_BOUND('',#12757,.F.);
#12757 = EDGE_LOOP('',(#12758,#12779,#12780,#12801));
#12758 = ORIENTED_EDGE('',*,*,#12759,.F.);
#12759 = EDGE_CURVE('',#12540,#12660,#12760,.T.);
#12760 = SURFACE_CURVE('',#12761,(#12765,#12772),.PCURVE_S1.);
#12761 = LINE('',#12762,#12763);
#12762 = CARTESIAN_POINT('',(-1.085,-9.6,-5.E-03));
#12763 = VECTOR('',#12764,1.);
#12764 = DIRECTION('',(1.,0.,0.));
#12765 = PCURVE('',#12562,#12766);
#12766 = DEFINITIONAL_REPRESENTATION('',(#12767),#12771);
#12767 = LINE('',#12768,#12769);
#12768 = CARTESIAN_POINT('',(0.,0.));
#12769 = VECTOR('',#12770,1.);
#12770 = DIRECTION('',(0.,1.));
#12771 = ( GEOMETRIC_REPRESENTATION_CONTEXT(2) 
PARAMETRIC_REPRESENTATION_CONTEXT() REPRESENTATION_CONTEXT('2D SPACE',''
  ) );
#12772 = PCURVE('',#12590,#12773);
#12773 = DEFINITIONAL_REPRESENTATION('',(#12774),#12778);
#12774 = LINE('',#12775,#12776);
#12775 = CARTESIAN_POINT('',(0.,0.));
#12776 = VECTOR('',#12777,1.);
#12777 = DIRECTION('',(1.,0.));
#12778 = ( GEOMETRIC_REPRESENTATION_CONTEXT(2) 
PARAMETRIC_REPRESENTATION_CONTEXT() REPRESENTATION_CONTEXT('2D SPACE',''
  ) );
#12779 = ORIENTED_EDGE('',*,*,#12539,.T.);
#12780 = ORIENTED_EDGE('',*,*,#12781,.T.);
#12781 = EDGE_CURVE('',#12542,#12662,#12782,.T.);
#12782 = SURFACE_CURVE('',#12783,(#12787,#12794),.PCURVE_S1.);
#12783 = LINE('',#12784,#12785);
#12784 = CARTESIAN_POINT('',(-1.085,-9.6,0.845));
#12785 = VECTOR('',#12786,1.);
#12786 = DIRECTION('',(1.,0.,0.));
#12787 = PCURVE('',#12562,#12788);
#12788 = DEFINITIONAL_REPRESENTATION('',(#12789),#12793);
#12789 = LINE('',#12790,#12791);
#12790 = CARTESIAN_POINT('',(0.85,0.));
#12791 = VECTOR('',#12792,1.);
#12792 = DIRECTION('',(0.,1.));
#12793 = ( GEOMETRIC_REPRESENTATION_CONTEXT(2) 
PARAMETRIC_REPRESENTATION_CONTEXT() REPRESENTATION_CONTEXT('2D SPACE',''
  ) );
#12794 = PCURVE('',#12644,#12795);
#12795 = DEFINITIONAL_REPRESENTATION('',(#12796),#12800);
#12796 = LINE('',#12797,#12798);
#12797 = CARTESIAN_POINT('',(0.,0.));
#12798 = VECTOR('',#12799,1.);
#12799 = DIRECTION('',(1.,0.));
#12800 = ( GEOMETRIC_REPRESENTATION_CONTEXT(2) 
PARAMETRIC_REPRESENTATION_CONTEXT() REPRESENTATION_CONTEXT('2D SPACE',''
  ) );
#12801 = ORIENTED_EDGE('',*,*,#12659,.F.);
#12802 = ADVANCED_FACE('',(#12803),#12618,.T.);
#12803 = FACE_BOUND('',#12804,.T.);
#12804 = EDGE_LOOP('',(#12805,#12826,#12827,#12848));
#12805 = ORIENTED_EDGE('',*,*,#12806,.F.);
#12806 = EDGE_CURVE('',#12575,#12690,#12807,.T.);
#12807 = SURFACE_CURVE('',#12808,(#12812,#12819),.PCURVE_S1.);
#12808 = LINE('',#12809,#12810);
#12809 = CARTESIAN_POINT('',(-1.085,-9.3,-5.E-03));
#12810 = VECTOR('',#12811,1.);
#12811 = DIRECTION('',(1.,0.,0.));
#12812 = PCURVE('',#12618,#12813);
#12813 = DEFINITIONAL_REPRESENTATION('',(#12814),#12818);
#12814 = LINE('',#12815,#12816);
#12815 = CARTESIAN_POINT('',(0.,0.));
#12816 = VECTOR('',#12817,1.);
#12817 = DIRECTION('',(0.,1.));
#12818 = ( GEOMETRIC_REPRESENTATION_CONTEXT(2) 
PARAMETRIC_REPRESENTATION_CONTEXT() REPRESENTATION_CONTEXT('2D SPACE',''
  ) );
#12819 = PCURVE('',#12590,#12820);
#12820 = DEFINITIONAL_REPRESENTATION('',(#12821),#12825);
#12821 = LINE('',#12822,#12823);
#12822 = CARTESIAN_POINT('',(0.,0.3));
#12823 = VECTOR('',#12824,1.);
#12824 = DIRECTION('',(1.,0.));
#12825 = ( GEOMETRIC_REPRESENTATION_CONTEXT(2) 
PARAMETRIC_REPRESENTATION_CONTEXT() REPRESENTATION_CONTEXT('2D SPACE',''
  ) );
#12826 = ORIENTED_EDGE('',*,*,#12602,.T.);
#12827 = ORIENTED_EDGE('',*,*,#12828,.T.);
#12828 = EDGE_CURVE('',#12603,#12713,#12829,.T.);
#12829 = SURFACE_CURVE('',#12830,(#12834,#12841),.PCURVE_S1.);
#12830 = LINE('',#12831,#12832);
#12831 = CARTESIAN_POINT('',(-1.085,-9.3,0.845));
#12832 = VECTOR('',#12833,1.);
#12833 = DIRECTION('',(1.,0.,0.));
#12834 = PCURVE('',#12618,#12835);
#12835 = DEFINITIONAL_REPRESENTATION('',(#12836),#12840);
#12836 = LINE('',#12837,#12838);
#12837 = CARTESIAN_POINT('',(0.85,0.));
#12838 = VECTOR('',#12839,1.);
#12839 = DIRECTION('',(0.,1.));
#12840 = ( GEOMETRIC_REPRESENTATION_CONTEXT(2) 
PARAMETRIC_REPRESENTATION_CONTEXT() REPRESENTATION_CONTEXT('2D SPACE',''
  ) );
#12841 = PCURVE('',#12644,#12842);
#12842 = DEFINITIONAL_REPRESENTATION('',(#12843),#12847);
#12843 = LINE('',#12844,#12845);
#12844 = CARTESIAN_POINT('',(0.,0.3));
#12845 = VECTOR('',#12846,1.);
#12846 = DIRECTION('',(1.,0.));
#12847 = ( GEOMETRIC_REPRESENTATION_CONTEXT(2) 
PARAMETRIC_REPRESENTATION_CONTEXT() REPRESENTATION_CONTEXT('2D SPACE',''
  ) );
#12848 = ORIENTED_EDGE('',*,*,#12712,.F.);
#12849 = ADVANCED_FACE('',(#12850),#12590,.F.);
#12850 = FACE_BOUND('',#12851,.F.);
#12851 = EDGE_LOOP('',(#12852,#12853,#12854,#12855));
#12852 = ORIENTED_EDGE('',*,*,#12574,.F.);
#12853 = ORIENTED_EDGE('',*,*,#12759,.T.);
#12854 = ORIENTED_EDGE('',*,*,#12689,.T.);
#12855 = ORIENTED_EDGE('',*,*,#12806,.F.);
#12856 = ADVANCED_FACE('',(#12857),#12644,.T.);
#12857 = FACE_BOUND('',#12858,.T.);
#12858 = EDGE_LOOP('',(#12859,#12860,#12861,#12862));
#12859 = ORIENTED_EDGE('',*,*,#12630,.F.);
#12860 = ORIENTED_EDGE('',*,*,#12781,.T.);
#12861 = ORIENTED_EDGE('',*,*,#12735,.T.);
#12862 = ORIENTED_EDGE('',*,*,#12828,.F.);
#12863 = MANIFOLD_SOLID_BREP('',#12864);
#12864 = CLOSED_SHELL('',(#12865,#12985,#13085,#13132,#13179,#13186));
#12865 = ADVANCED_FACE('',(#12866),#12880,.F.);
#12866 = FACE_BOUND('',#12867,.F.);
#12867 = EDGE_LOOP('',(#12868,#12903,#12931,#12959));
#12868 = ORIENTED_EDGE('',*,*,#12869,.F.);
#12869 = EDGE_CURVE('',#12870,#12872,#12874,.T.);
#12870 = VERTEX_POINT('',#12871);
#12871 = CARTESIAN_POINT('',(0.185,-9.6,-5.E-03));
#12872 = VERTEX_POINT('',#12873);
#12873 = CARTESIAN_POINT('',(0.185,-9.6,0.845));
#12874 = SURFACE_CURVE('',#12875,(#12879,#12891),.PCURVE_S1.);
#12875 = LINE('',#12876,#12877);
#12876 = CARTESIAN_POINT('',(0.185,-9.6,-5.E-03));
#12877 = VECTOR('',#12878,1.);
#12878 = DIRECTION('',(0.,0.,1.));
#12879 = PCURVE('',#12880,#12885);
#12880 = PLANE('',#12881);
#12881 = AXIS2_PLACEMENT_3D('',#12882,#12883,#12884);
#12882 = CARTESIAN_POINT('',(0.185,-9.6,-5.E-03));
#12883 = DIRECTION('',(1.,0.,0.));
#12884 = DIRECTION('',(0.,0.,1.));
#12885 = DEFINITIONAL_REPRESENTATION('',(#12886),#12890);
#12886 = LINE('',#12887,#12888);
#12887 = CARTESIAN_POINT('',(0.,0.));
#12888 = VECTOR('',#12889,1.);
#12889 = DIRECTION('',(1.,0.));
#12890 = ( GEOMETRIC_REPRESENTATION_CONTEXT(2) 
PARAMETRIC_REPRESENTATION_CONTEXT() REPRESENTATION_CONTEXT('2D SPACE',''
  ) );
#12891 = PCURVE('',#12892,#12897);
#12892 = PLANE('',#12893);
#12893 = AXIS2_PLACEMENT_3D('',#12894,#12895,#12896);
#12894 = CARTESIAN_POINT('',(0.185,-9.6,-5.E-03));
#12895 = DIRECTION('',(0.,1.,0.));
#12896 = DIRECTION('',(0.,0.,1.));
#12897 = DEFINITIONAL_REPRESENTATION('',(#12898),#12902);
#12898 = LINE('',#12899,#12900);
#12899 = CARTESIAN_POINT('',(0.,0.));
#12900 = VECTOR('',#12901,1.);
#12901 = DIRECTION('',(1.,0.));
#12902 = ( GEOMETRIC_REPRESENTATION_CONTEXT(2) 
PARAMETRIC_REPRESENTATION_CONTEXT() REPRESENTATION_CONTEXT('2D SPACE',''
  ) );
#12903 = ORIENTED_EDGE('',*,*,#12904,.T.);
#12904 = EDGE_CURVE('',#12870,#12905,#12907,.T.);
#12905 = VERTEX_POINT('',#12906);
#12906 = CARTESIAN_POINT('',(0.185,-9.3,-5.E-03));
#12907 = SURFACE_CURVE('',#12908,(#12912,#12919),.PCURVE_S1.);
#12908 = LINE('',#12909,#12910);
#12909 = CARTESIAN_POINT('',(0.185,-9.6,-5.E-03));
#12910 = VECTOR('',#12911,1.);
#12911 = DIRECTION('',(0.,1.,0.));
#12912 = PCURVE('',#12880,#12913);
#12913 = DEFINITIONAL_REPRESENTATION('',(#12914),#12918);
#12914 = LINE('',#12915,#12916);
#12915 = CARTESIAN_POINT('',(0.,0.));
#12916 = VECTOR('',#12917,1.);
#12917 = DIRECTION('',(0.,-1.));
#12918 = ( GEOMETRIC_REPRESENTATION_CONTEXT(2) 
PARAMETRIC_REPRESENTATION_CONTEXT() REPRESENTATION_CONTEXT('2D SPACE',''
  ) );
#12919 = PCURVE('',#12920,#12925);
#12920 = PLANE('',#12921);
#12921 = AXIS2_PLACEMENT_3D('',#12922,#12923,#12924);
#12922 = CARTESIAN_POINT('',(0.185,-9.6,-5.E-03));
#12923 = DIRECTION('',(0.,0.,1.));
#12924 = DIRECTION('',(1.,0.,0.));
#12925 = DEFINITIONAL_REPRESENTATION('',(#12926),#12930);
#12926 = LINE('',#12927,#12928);
#12927 = CARTESIAN_POINT('',(0.,0.));
#12928 = VECTOR('',#12929,1.);
#12929 = DIRECTION('',(0.,1.));
#12930 = ( GEOMETRIC_REPRESENTATION_CONTEXT(2) 
PARAMETRIC_REPRESENTATION_CONTEXT() REPRESENTATION_CONTEXT('2D SPACE',''
  ) );
#12931 = ORIENTED_EDGE('',*,*,#12932,.T.);
#12932 = EDGE_CURVE('',#12905,#12933,#12935,.T.);
#12933 = VERTEX_POINT('',#12934);
#12934 = CARTESIAN_POINT('',(0.185,-9.3,0.845));
#12935 = SURFACE_CURVE('',#12936,(#12940,#12947),.PCURVE_S1.);
#12936 = LINE('',#12937,#12938);
#12937 = CARTESIAN_POINT('',(0.185,-9.3,-5.E-03));
#12938 = VECTOR('',#12939,1.);
#12939 = DIRECTION('',(0.,0.,1.));
#12940 = PCURVE('',#12880,#12941);
#12941 = DEFINITIONAL_REPRESENTATION('',(#12942),#12946);
#12942 = LINE('',#12943,#12944);
#12943 = CARTESIAN_POINT('',(0.,-0.3));
#12944 = VECTOR('',#12945,1.);
#12945 = DIRECTION('',(1.,0.));
#12946 = ( GEOMETRIC_REPRESENTATION_CONTEXT(2) 
PARAMETRIC_REPRESENTATION_CONTEXT() REPRESENTATION_CONTEXT('2D SPACE',''
  ) );
#12947 = PCURVE('',#12948,#12953);
#12948 = PLANE('',#12949);
#12949 = AXIS2_PLACEMENT_3D('',#12950,#12951,#12952);
#12950 = CARTESIAN_POINT('',(0.185,-9.3,-5.E-03));
#12951 = DIRECTION('',(0.,1.,0.));
#12952 = DIRECTION('',(0.,0.,1.));
#12953 = DEFINITIONAL_REPRESENTATION('',(#12954),#12958);
#12954 = LINE('',#12955,#12956);
#12955 = CARTESIAN_POINT('',(0.,0.));
#12956 = VECTOR('',#12957,1.);
#12957 = DIRECTION('',(1.,0.));
#12958 = ( GEOMETRIC_REPRESENTATION_CONTEXT(2) 
PARAMETRIC_REPRESENTATION_CONTEXT() REPRESENTATION_CONTEXT('2D SPACE',''
  ) );
#12959 = ORIENTED_EDGE('',*,*,#12960,.F.);
#12960 = EDGE_CURVE('',#12872,#12933,#12961,.T.);
#12961 = SURFACE_CURVE('',#12962,(#12966,#12973),.PCURVE_S1.);
#12962 = LINE('',#12963,#12964);
#12963 = CARTESIAN_POINT('',(0.185,-9.6,0.845));
#12964 = VECTOR('',#12965,1.);
#12965 = DIRECTION('',(0.,1.,0.));
#12966 = PCURVE('',#12880,#12967);
#12967 = DEFINITIONAL_REPRESENTATION('',(#12968),#12972);
#12968 = LINE('',#12969,#12970);
#12969 = CARTESIAN_POINT('',(0.85,0.));
#12970 = VECTOR('',#12971,1.);
#12971 = DIRECTION('',(0.,-1.));
#12972 = ( GEOMETRIC_REPRESENTATION_CONTEXT(2) 
PARAMETRIC_REPRESENTATION_CONTEXT() REPRESENTATION_CONTEXT('2D SPACE',''
  ) );
#12973 = PCURVE('',#12974,#12979);
#12974 = PLANE('',#12975);
#12975 = AXIS2_PLACEMENT_3D('',#12976,#12977,#12978);
#12976 = CARTESIAN_POINT('',(0.185,-9.6,0.845));
#12977 = DIRECTION('',(0.,0.,1.));
#12978 = DIRECTION('',(1.,0.,0.));
#12979 = DEFINITIONAL_REPRESENTATION('',(#12980),#12984);
#12980 = LINE('',#12981,#12982);
#12981 = CARTESIAN_POINT('',(0.,0.));
#12982 = VECTOR('',#12983,1.);
#12983 = DIRECTION('',(0.,1.));
#12984 = ( GEOMETRIC_REPRESENTATION_CONTEXT(2) 
PARAMETRIC_REPRESENTATION_CONTEXT() REPRESENTATION_CONTEXT('2D SPACE',''
  ) );
#12985 = ADVANCED_FACE('',(#12986),#13000,.T.);
#12986 = FACE_BOUND('',#12987,.T.);
#12987 = EDGE_LOOP('',(#12988,#13018,#13041,#13064));
#12988 = ORIENTED_EDGE('',*,*,#12989,.F.);
#12989 = EDGE_CURVE('',#12990,#12992,#12994,.T.);
#12990 = VERTEX_POINT('',#12991);
#12991 = CARTESIAN_POINT('',(1.085,-9.6,-5.E-03));
#12992 = VERTEX_POINT('',#12993);
#12993 = CARTESIAN_POINT('',(1.085,-9.6,0.845));
#12994 = SURFACE_CURVE('',#12995,(#12999,#13011),.PCURVE_S1.);
#12995 = LINE('',#12996,#12997);
#12996 = CARTESIAN_POINT('',(1.085,-9.6,-5.E-03));
#12997 = VECTOR('',#12998,1.);
#12998 = DIRECTION('',(0.,0.,1.));
#12999 = PCURVE('',#13000,#13005);
#13000 = PLANE('',#13001);
#13001 = AXIS2_PLACEMENT_3D('',#13002,#13003,#13004);
#13002 = CARTESIAN_POINT('',(1.085,-9.6,-5.E-03));
#13003 = DIRECTION('',(1.,0.,0.));
#13004 = DIRECTION('',(0.,0.,1.));
#13005 = DEFINITIONAL_REPRESENTATION('',(#13006),#13010);
#13006 = LINE('',#13007,#13008);
#13007 = CARTESIAN_POINT('',(0.,0.));
#13008 = VECTOR('',#13009,1.);
#13009 = DIRECTION('',(1.,0.));
#13010 = ( GEOMETRIC_REPRESENTATION_CONTEXT(2) 
PARAMETRIC_REPRESENTATION_CONTEXT() REPRESENTATION_CONTEXT('2D SPACE',''
  ) );
#13011 = PCURVE('',#12892,#13012);
#13012 = DEFINITIONAL_REPRESENTATION('',(#13013),#13017);
#13013 = LINE('',#13014,#13015);
#13014 = CARTESIAN_POINT('',(0.,0.9));
#13015 = VECTOR('',#13016,1.);
#13016 = DIRECTION('',(1.,0.));
#13017 = ( GEOMETRIC_REPRESENTATION_CONTEXT(2) 
PARAMETRIC_REPRESENTATION_CONTEXT() REPRESENTATION_CONTEXT('2D SPACE',''
  ) );
#13018 = ORIENTED_EDGE('',*,*,#13019,.T.);
#13019 = EDGE_CURVE('',#12990,#13020,#13022,.T.);
#13020 = VERTEX_POINT('',#13021);
#13021 = CARTESIAN_POINT('',(1.085,-9.3,-5.E-03));
#13022 = SURFACE_CURVE('',#13023,(#13027,#13034),.PCURVE_S1.);
#13023 = LINE('',#13024,#13025);
#13024 = CARTESIAN_POINT('',(1.085,-9.6,-5.E-03));
#13025 = VECTOR('',#13026,1.);
#13026 = DIRECTION('',(0.,1.,0.));
#13027 = PCURVE('',#13000,#13028);
#13028 = DEFINITIONAL_REPRESENTATION('',(#13029),#13033);
#13029 = LINE('',#13030,#13031);
#13030 = CARTESIAN_POINT('',(0.,0.));
#13031 = VECTOR('',#13032,1.);
#13032 = DIRECTION('',(0.,-1.));
#13033 = ( GEOMETRIC_REPRESENTATION_CONTEXT(2) 
PARAMETRIC_REPRESENTATION_CONTEXT() REPRESENTATION_CONTEXT('2D SPACE',''
  ) );
#13034 = PCURVE('',#12920,#13035);
#13035 = DEFINITIONAL_REPRESENTATION('',(#13036),#13040);
#13036 = LINE('',#13037,#13038);
#13037 = CARTESIAN_POINT('',(0.9,0.));
#13038 = VECTOR('',#13039,1.);
#13039 = DIRECTION('',(0.,1.));
#13040 = ( GEOMETRIC_REPRESENTATION_CONTEXT(2) 
PARAMETRIC_REPRESENTATION_CONTEXT() REPRESENTATION_CONTEXT('2D SPACE',''
  ) );
#13041 = ORIENTED_EDGE('',*,*,#13042,.T.);
#13042 = EDGE_CURVE('',#13020,#13043,#13045,.T.);
#13043 = VERTEX_POINT('',#13044);
#13044 = CARTESIAN_POINT('',(1.085,-9.3,0.845));
#13045 = SURFACE_CURVE('',#13046,(#13050,#13057),.PCURVE_S1.);
#13046 = LINE('',#13047,#13048);
#13047 = CARTESIAN_POINT('',(1.085,-9.3,-5.E-03));
#13048 = VECTOR('',#13049,1.);
#13049 = DIRECTION('',(0.,0.,1.));
#13050 = PCURVE('',#13000,#13051);
#13051 = DEFINITIONAL_REPRESENTATION('',(#13052),#13056);
#13052 = LINE('',#13053,#13054);
#13053 = CARTESIAN_POINT('',(0.,-0.3));
#13054 = VECTOR('',#13055,1.);
#13055 = DIRECTION('',(1.,0.));
#13056 = ( GEOMETRIC_REPRESENTATION_CONTEXT(2) 
PARAMETRIC_REPRESENTATION_CONTEXT() REPRESENTATION_CONTEXT('2D SPACE',''
  ) );
#13057 = PCURVE('',#12948,#13058);
#13058 = DEFINITIONAL_REPRESENTATION('',(#13059),#13063);
#13059 = LINE('',#13060,#13061);
#13060 = CARTESIAN_POINT('',(0.,0.9));
#13061 = VECTOR('',#13062,1.);
#13062 = DIRECTION('',(1.,0.));
#13063 = ( GEOMETRIC_REPRESENTATION_CONTEXT(2) 
PARAMETRIC_REPRESENTATION_CONTEXT() REPRESENTATION_CONTEXT('2D SPACE',''
  ) );
#13064 = ORIENTED_EDGE('',*,*,#13065,.F.);
#13065 = EDGE_CURVE('',#12992,#13043,#13066,.T.);
#13066 = SURFACE_CURVE('',#13067,(#13071,#13078),.PCURVE_S1.);
#13067 = LINE('',#13068,#13069);
#13068 = CARTESIAN_POINT('',(1.085,-9.6,0.845));
#13069 = VECTOR('',#13070,1.);
#13070 = DIRECTION('',(0.,1.,0.));
#13071 = PCURVE('',#13000,#13072);
#13072 = DEFINITIONAL_REPRESENTATION('',(#13073),#13077);
#13073 = LINE('',#13074,#13075);
#13074 = CARTESIAN_POINT('',(0.85,0.));
#13075 = VECTOR('',#13076,1.);
#13076 = DIRECTION('',(0.,-1.));
#13077 = ( GEOMETRIC_REPRESENTATION_CONTEXT(2) 
PARAMETRIC_REPRESENTATION_CONTEXT() REPRESENTATION_CONTEXT('2D SPACE',''
  ) );
#13078 = PCURVE('',#12974,#13079);
#13079 = DEFINITIONAL_REPRESENTATION('',(#13080),#13084);
#13080 = LINE('',#13081,#13082);
#13081 = CARTESIAN_POINT('',(0.9,0.));
#13082 = VECTOR('',#13083,1.);
#13083 = DIRECTION('',(0.,1.));
#13084 = ( GEOMETRIC_REPRESENTATION_CONTEXT(2) 
PARAMETRIC_REPRESENTATION_CONTEXT() REPRESENTATION_CONTEXT('2D SPACE',''
  ) );
#13085 = ADVANCED_FACE('',(#13086),#12892,.F.);
#13086 = FACE_BOUND('',#13087,.F.);
#13087 = EDGE_LOOP('',(#13088,#13109,#13110,#13131));
#13088 = ORIENTED_EDGE('',*,*,#13089,.F.);
#13089 = EDGE_CURVE('',#12870,#12990,#13090,.T.);
#13090 = SURFACE_CURVE('',#13091,(#13095,#13102),.PCURVE_S1.);
#13091 = LINE('',#13092,#13093);
#13092 = CARTESIAN_POINT('',(0.185,-9.6,-5.E-03));
#13093 = VECTOR('',#13094,1.);
#13094 = DIRECTION('',(1.,0.,0.));
#13095 = PCURVE('',#12892,#13096);
#13096 = DEFINITIONAL_REPRESENTATION('',(#13097),#13101);
#13097 = LINE('',#13098,#13099);
#13098 = CARTESIAN_POINT('',(0.,0.));
#13099 = VECTOR('',#13100,1.);
#13100 = DIRECTION('',(0.,1.));
#13101 = ( GEOMETRIC_REPRESENTATION_CONTEXT(2) 
PARAMETRIC_REPRESENTATION_CONTEXT() REPRESENTATION_CONTEXT('2D SPACE',''
  ) );
#13102 = PCURVE('',#12920,#13103);
#13103 = DEFINITIONAL_REPRESENTATION('',(#13104),#13108);
#13104 = LINE('',#13105,#13106);
#13105 = CARTESIAN_POINT('',(0.,0.));
#13106 = VECTOR('',#13107,1.);
#13107 = DIRECTION('',(1.,0.));
#13108 = ( GEOMETRIC_REPRESENTATION_CONTEXT(2) 
PARAMETRIC_REPRESENTATION_CONTEXT() REPRESENTATION_CONTEXT('2D SPACE',''
  ) );
#13109 = ORIENTED_EDGE('',*,*,#12869,.T.);
#13110 = ORIENTED_EDGE('',*,*,#13111,.T.);
#13111 = EDGE_CURVE('',#12872,#12992,#13112,.T.);
#13112 = SURFACE_CURVE('',#13113,(#13117,#13124),.PCURVE_S1.);
#13113 = LINE('',#13114,#13115);
#13114 = CARTESIAN_POINT('',(0.185,-9.6,0.845));
#13115 = VECTOR('',#13116,1.);
#13116 = DIRECTION('',(1.,0.,0.));
#13117 = PCURVE('',#12892,#13118);
#13118 = DEFINITIONAL_REPRESENTATION('',(#13119),#13123);
#13119 = LINE('',#13120,#13121);
#13120 = CARTESIAN_POINT('',(0.85,0.));
#13121 = VECTOR('',#13122,1.);
#13122 = DIRECTION('',(0.,1.));
#13123 = ( GEOMETRIC_REPRESENTATION_CONTEXT(2) 
PARAMETRIC_REPRESENTATION_CONTEXT() REPRESENTATION_CONTEXT('2D SPACE',''
  ) );
#13124 = PCURVE('',#12974,#13125);
#13125 = DEFINITIONAL_REPRESENTATION('',(#13126),#13130);
#13126 = LINE('',#13127,#13128);
#13127 = CARTESIAN_POINT('',(0.,0.));
#13128 = VECTOR('',#13129,1.);
#13129 = DIRECTION('',(1.,0.));
#13130 = ( GEOMETRIC_REPRESENTATION_CONTEXT(2) 
PARAMETRIC_REPRESENTATION_CONTEXT() REPRESENTATION_CONTEXT('2D SPACE',''
  ) );
#13131 = ORIENTED_EDGE('',*,*,#12989,.F.);
#13132 = ADVANCED_FACE('',(#13133),#12948,.T.);
#13133 = FACE_BOUND('',#13134,.T.);
#13134 = EDGE_LOOP('',(#13135,#13156,#13157,#13178));
#13135 = ORIENTED_EDGE('',*,*,#13136,.F.);
#13136 = EDGE_CURVE('',#12905,#13020,#13137,.T.);
#13137 = SURFACE_CURVE('',#13138,(#13142,#13149),.PCURVE_S1.);
#13138 = LINE('',#13139,#13140);
#13139 = CARTESIAN_POINT('',(0.185,-9.3,-5.E-03));
#13140 = VECTOR('',#13141,1.);
#13141 = DIRECTION('',(1.,0.,0.));
#13142 = PCURVE('',#12948,#13143);
#13143 = DEFINITIONAL_REPRESENTATION('',(#13144),#13148);
#13144 = LINE('',#13145,#13146);
#13145 = CARTESIAN_POINT('',(0.,0.));
#13146 = VECTOR('',#13147,1.);
#13147 = DIRECTION('',(0.,1.));
#13148 = ( GEOMETRIC_REPRESENTATION_CONTEXT(2) 
PARAMETRIC_REPRESENTATION_CONTEXT() REPRESENTATION_CONTEXT('2D SPACE',''
  ) );
#13149 = PCURVE('',#12920,#13150);
#13150 = DEFINITIONAL_REPRESENTATION('',(#13151),#13155);
#13151 = LINE('',#13152,#13153);
#13152 = CARTESIAN_POINT('',(0.,0.3));
#13153 = VECTOR('',#13154,1.);
#13154 = DIRECTION('',(1.,0.));
#13155 = ( GEOMETRIC_REPRESENTATION_CONTEXT(2) 
PARAMETRIC_REPRESENTATION_CONTEXT() REPRESENTATION_CONTEXT('2D SPACE',''
  ) );
#13156 = ORIENTED_EDGE('',*,*,#12932,.T.);
#13157 = ORIENTED_EDGE('',*,*,#13158,.T.);
#13158 = EDGE_CURVE('',#12933,#13043,#13159,.T.);
#13159 = SURFACE_CURVE('',#13160,(#13164,#13171),.PCURVE_S1.);
#13160 = LINE('',#13161,#13162);
#13161 = CARTESIAN_POINT('',(0.185,-9.3,0.845));
#13162 = VECTOR('',#13163,1.);
#13163 = DIRECTION('',(1.,0.,0.));
#13164 = PCURVE('',#12948,#13165);
#13165 = DEFINITIONAL_REPRESENTATION('',(#13166),#13170);
#13166 = LINE('',#13167,#13168);
#13167 = CARTESIAN_POINT('',(0.85,0.));
#13168 = VECTOR('',#13169,1.);
#13169 = DIRECTION('',(0.,1.));
#13170 = ( GEOMETRIC_REPRESENTATION_CONTEXT(2) 
PARAMETRIC_REPRESENTATION_CONTEXT() REPRESENTATION_CONTEXT('2D SPACE',''
  ) );
#13171 = PCURVE('',#12974,#13172);
#13172 = DEFINITIONAL_REPRESENTATION('',(#13173),#13177);
#13173 = LINE('',#13174,#13175);
#13174 = CARTESIAN_POINT('',(0.,0.3));
#13175 = VECTOR('',#13176,1.);
#13176 = DIRECTION('',(1.,0.));
#13177 = ( GEOMETRIC_REPRESENTATION_CONTEXT(2) 
PARAMETRIC_REPRESENTATION_CONTEXT() REPRESENTATION_CONTEXT('2D SPACE',''
  ) );
#13178 = ORIENTED_EDGE('',*,*,#13042,.F.);
#13179 = ADVANCED_FACE('',(#13180),#12920,.F.);
#13180 = FACE_BOUND('',#13181,.F.);
#13181 = EDGE_LOOP('',(#13182,#13183,#13184,#13185));
#13182 = ORIENTED_EDGE('',*,*,#12904,.F.);
#13183 = ORIENTED_EDGE('',*,*,#13089,.T.);
#13184 = ORIENTED_EDGE('',*,*,#13019,.T.);
#13185 = ORIENTED_EDGE('',*,*,#13136,.F.);
#13186 = ADVANCED_FACE('',(#13187),#12974,.T.);
#13187 = FACE_BOUND('',#13188,.T.);
#13188 = EDGE_LOOP('',(#13189,#13190,#13191,#13192));
#13189 = ORIENTED_EDGE('',*,*,#12960,.F.);
#13190 = ORIENTED_EDGE('',*,*,#13111,.T.);
#13191 = ORIENTED_EDGE('',*,*,#13065,.T.);
#13192 = ORIENTED_EDGE('',*,*,#13158,.F.);
#13193 = MANIFOLD_SOLID_BREP('',#13194);
#13194 = CLOSED_SHELL('',(#13195,#13315,#13415,#13462,#13509,#13516));
#13195 = ADVANCED_FACE('',(#13196),#13210,.F.);
#13196 = FACE_BOUND('',#13197,.F.);
#13197 = EDGE_LOOP('',(#13198,#13233,#13261,#13289));
#13198 = ORIENTED_EDGE('',*,*,#13199,.F.);
#13199 = EDGE_CURVE('',#13200,#13202,#13204,.T.);
#13200 = VERTEX_POINT('',#13201);
#13201 = CARTESIAN_POINT('',(1.455,-9.6,-5.E-03));
#13202 = VERTEX_POINT('',#13203);
#13203 = CARTESIAN_POINT('',(1.455,-9.6,0.845));
#13204 = SURFACE_CURVE('',#13205,(#13209,#13221),.PCURVE_S1.);
#13205 = LINE('',#13206,#13207);
#13206 = CARTESIAN_POINT('',(1.455,-9.6,-5.E-03));
#13207 = VECTOR('',#13208,1.);
#13208 = DIRECTION('',(0.,0.,1.));
#13209 = PCURVE('',#13210,#13215);
#13210 = PLANE('',#13211);
#13211 = AXIS2_PLACEMENT_3D('',#13212,#13213,#13214);
#13212 = CARTESIAN_POINT('',(1.455,-9.6,-5.E-03));
#13213 = DIRECTION('',(1.,0.,0.));
#13214 = DIRECTION('',(0.,0.,1.));
#13215 = DEFINITIONAL_REPRESENTATION('',(#13216),#13220);
#13216 = LINE('',#13217,#13218);
#13217 = CARTESIAN_POINT('',(0.,0.));
#13218 = VECTOR('',#13219,1.);
#13219 = DIRECTION('',(1.,0.));
#13220 = ( GEOMETRIC_REPRESENTATION_CONTEXT(2) 
PARAMETRIC_REPRESENTATION_CONTEXT() REPRESENTATION_CONTEXT('2D SPACE',''
  ) );
#13221 = PCURVE('',#13222,#13227);
#13222 = PLANE('',#13223);
#13223 = AXIS2_PLACEMENT_3D('',#13224,#13225,#13226);
#13224 = CARTESIAN_POINT('',(1.455,-9.6,-5.E-03));
#13225 = DIRECTION('',(0.,1.,0.));
#13226 = DIRECTION('',(0.,0.,1.));
#13227 = DEFINITIONAL_REPRESENTATION('',(#13228),#13232);
#13228 = LINE('',#13229,#13230);
#13229 = CARTESIAN_POINT('',(0.,0.));
#13230 = VECTOR('',#13231,1.);
#13231 = DIRECTION('',(1.,0.));
#13232 = ( GEOMETRIC_REPRESENTATION_CONTEXT(2) 
PARAMETRIC_REPRESENTATION_CONTEXT() REPRESENTATION_CONTEXT('2D SPACE',''
  ) );
#13233 = ORIENTED_EDGE('',*,*,#13234,.T.);
#13234 = EDGE_CURVE('',#13200,#13235,#13237,.T.);
#13235 = VERTEX_POINT('',#13236);
#13236 = CARTESIAN_POINT('',(1.455,-9.3,-5.E-03));
#13237 = SURFACE_CURVE('',#13238,(#13242,#13249),.PCURVE_S1.);
#13238 = LINE('',#13239,#13240);
#13239 = CARTESIAN_POINT('',(1.455,-9.6,-5.E-03));
#13240 = VECTOR('',#13241,1.);
#13241 = DIRECTION('',(0.,1.,0.));
#13242 = PCURVE('',#13210,#13243);
#13243 = DEFINITIONAL_REPRESENTATION('',(#13244),#13248);
#13244 = LINE('',#13245,#13246);
#13245 = CARTESIAN_POINT('',(0.,0.));
#13246 = VECTOR('',#13247,1.);
#13247 = DIRECTION('',(0.,-1.));
#13248 = ( GEOMETRIC_REPRESENTATION_CONTEXT(2) 
PARAMETRIC_REPRESENTATION_CONTEXT() REPRESENTATION_CONTEXT('2D SPACE',''
  ) );
#13249 = PCURVE('',#13250,#13255);
#13250 = PLANE('',#13251);
#13251 = AXIS2_PLACEMENT_3D('',#13252,#13253,#13254);
#13252 = CARTESIAN_POINT('',(1.455,-9.6,-5.E-03));
#13253 = DIRECTION('',(0.,0.,1.));
#13254 = DIRECTION('',(1.,0.,0.));
#13255 = DEFINITIONAL_REPRESENTATION('',(#13256),#13260);
#13256 = LINE('',#13257,#13258);
#13257 = CARTESIAN_POINT('',(0.,0.));
#13258 = VECTOR('',#13259,1.);
#13259 = DIRECTION('',(0.,1.));
#13260 = ( GEOMETRIC_REPRESENTATION_CONTEXT(2) 
PARAMETRIC_REPRESENTATION_CONTEXT() REPRESENTATION_CONTEXT('2D SPACE',''
  ) );
#13261 = ORIENTED_EDGE('',*,*,#13262,.T.);
#13262 = EDGE_CURVE('',#13235,#13263,#13265,.T.);
#13263 = VERTEX_POINT('',#13264);
#13264 = CARTESIAN_POINT('',(1.455,-9.3,0.845));
#13265 = SURFACE_CURVE('',#13266,(#13270,#13277),.PCURVE_S1.);
#13266 = LINE('',#13267,#13268);
#13267 = CARTESIAN_POINT('',(1.455,-9.3,-5.E-03));
#13268 = VECTOR('',#13269,1.);
#13269 = DIRECTION('',(0.,0.,1.));
#13270 = PCURVE('',#13210,#13271);
#13271 = DEFINITIONAL_REPRESENTATION('',(#13272),#13276);
#13272 = LINE('',#13273,#13274);
#13273 = CARTESIAN_POINT('',(0.,-0.3));
#13274 = VECTOR('',#13275,1.);
#13275 = DIRECTION('',(1.,0.));
#13276 = ( GEOMETRIC_REPRESENTATION_CONTEXT(2) 
PARAMETRIC_REPRESENTATION_CONTEXT() REPRESENTATION_CONTEXT('2D SPACE',''
  ) );
#13277 = PCURVE('',#13278,#13283);
#13278 = PLANE('',#13279);
#13279 = AXIS2_PLACEMENT_3D('',#13280,#13281,#13282);
#13280 = CARTESIAN_POINT('',(1.455,-9.3,-5.E-03));
#13281 = DIRECTION('',(0.,1.,0.));
#13282 = DIRECTION('',(0.,0.,1.));
#13283 = DEFINITIONAL_REPRESENTATION('',(#13284),#13288);
#13284 = LINE('',#13285,#13286);
#13285 = CARTESIAN_POINT('',(0.,0.));
#13286 = VECTOR('',#13287,1.);
#13287 = DIRECTION('',(1.,0.));
#13288 = ( GEOMETRIC_REPRESENTATION_CONTEXT(2) 
PARAMETRIC_REPRESENTATION_CONTEXT() REPRESENTATION_CONTEXT('2D SPACE',''
  ) );
#13289 = ORIENTED_EDGE('',*,*,#13290,.F.);
#13290 = EDGE_CURVE('',#13202,#13263,#13291,.T.);
#13291 = SURFACE_CURVE('',#13292,(#13296,#13303),.PCURVE_S1.);
#13292 = LINE('',#13293,#13294);
#13293 = CARTESIAN_POINT('',(1.455,-9.6,0.845));
#13294 = VECTOR('',#13295,1.);
#13295 = DIRECTION('',(0.,1.,0.));
#13296 = PCURVE('',#13210,#13297);
#13297 = DEFINITIONAL_REPRESENTATION('',(#13298),#13302);
#13298 = LINE('',#13299,#13300);
#13299 = CARTESIAN_POINT('',(0.85,0.));
#13300 = VECTOR('',#13301,1.);
#13301 = DIRECTION('',(0.,-1.));
#13302 = ( GEOMETRIC_REPRESENTATION_CONTEXT(2) 
PARAMETRIC_REPRESENTATION_CONTEXT() REPRESENTATION_CONTEXT('2D SPACE',''
  ) );
#13303 = PCURVE('',#13304,#13309);
#13304 = PLANE('',#13305);
#13305 = AXIS2_PLACEMENT_3D('',#13306,#13307,#13308);
#13306 = CARTESIAN_POINT('',(1.455,-9.6,0.845));
#13307 = DIRECTION('',(0.,0.,1.));
#13308 = DIRECTION('',(1.,0.,0.));
#13309 = DEFINITIONAL_REPRESENTATION('',(#13310),#13314);
#13310 = LINE('',#13311,#13312);
#13311 = CARTESIAN_POINT('',(0.,0.));
#13312 = VECTOR('',#13313,1.);
#13313 = DIRECTION('',(0.,1.));
#13314 = ( GEOMETRIC_REPRESENTATION_CONTEXT(2) 
PARAMETRIC_REPRESENTATION_CONTEXT() REPRESENTATION_CONTEXT('2D SPACE',''
  ) );
#13315 = ADVANCED_FACE('',(#13316),#13330,.T.);
#13316 = FACE_BOUND('',#13317,.T.);
#13317 = EDGE_LOOP('',(#13318,#13348,#13371,#13394));
#13318 = ORIENTED_EDGE('',*,*,#13319,.F.);
#13319 = EDGE_CURVE('',#13320,#13322,#13324,.T.);
#13320 = VERTEX_POINT('',#13321);
#13321 = CARTESIAN_POINT('',(2.355,-9.6,-5.E-03));
#13322 = VERTEX_POINT('',#13323);
#13323 = CARTESIAN_POINT('',(2.355,-9.6,0.845));
#13324 = SURFACE_CURVE('',#13325,(#13329,#13341),.PCURVE_S1.);
#13325 = LINE('',#13326,#13327);
#13326 = CARTESIAN_POINT('',(2.355,-9.6,-5.E-03));
#13327 = VECTOR('',#13328,1.);
#13328 = DIRECTION('',(0.,0.,1.));
#13329 = PCURVE('',#13330,#13335);
#13330 = PLANE('',#13331);
#13331 = AXIS2_PLACEMENT_3D('',#13332,#13333,#13334);
#13332 = CARTESIAN_POINT('',(2.355,-9.6,-5.E-03));
#13333 = DIRECTION('',(1.,0.,0.));
#13334 = DIRECTION('',(0.,0.,1.));
#13335 = DEFINITIONAL_REPRESENTATION('',(#13336),#13340);
#13336 = LINE('',#13337,#13338);
#13337 = CARTESIAN_POINT('',(0.,0.));
#13338 = VECTOR('',#13339,1.);
#13339 = DIRECTION('',(1.,0.));
#13340 = ( GEOMETRIC_REPRESENTATION_CONTEXT(2) 
PARAMETRIC_REPRESENTATION_CONTEXT() REPRESENTATION_CONTEXT('2D SPACE',''
  ) );
#13341 = PCURVE('',#13222,#13342);
#13342 = DEFINITIONAL_REPRESENTATION('',(#13343),#13347);
#13343 = LINE('',#13344,#13345);
#13344 = CARTESIAN_POINT('',(0.,0.9));
#13345 = VECTOR('',#13346,1.);
#13346 = DIRECTION('',(1.,0.));
#13347 = ( GEOMETRIC_REPRESENTATION_CONTEXT(2) 
PARAMETRIC_REPRESENTATION_CONTEXT() REPRESENTATION_CONTEXT('2D SPACE',''
  ) );
#13348 = ORIENTED_EDGE('',*,*,#13349,.T.);
#13349 = EDGE_CURVE('',#13320,#13350,#13352,.T.);
#13350 = VERTEX_POINT('',#13351);
#13351 = CARTESIAN_POINT('',(2.355,-9.3,-5.E-03));
#13352 = SURFACE_CURVE('',#13353,(#13357,#13364),.PCURVE_S1.);
#13353 = LINE('',#13354,#13355);
#13354 = CARTESIAN_POINT('',(2.355,-9.6,-5.E-03));
#13355 = VECTOR('',#13356,1.);
#13356 = DIRECTION('',(0.,1.,0.));
#13357 = PCURVE('',#13330,#13358);
#13358 = DEFINITIONAL_REPRESENTATION('',(#13359),#13363);
#13359 = LINE('',#13360,#13361);
#13360 = CARTESIAN_POINT('',(0.,0.));
#13361 = VECTOR('',#13362,1.);
#13362 = DIRECTION('',(0.,-1.));
#13363 = ( GEOMETRIC_REPRESENTATION_CONTEXT(2) 
PARAMETRIC_REPRESENTATION_CONTEXT() REPRESENTATION_CONTEXT('2D SPACE',''
  ) );
#13364 = PCURVE('',#13250,#13365);
#13365 = DEFINITIONAL_REPRESENTATION('',(#13366),#13370);
#13366 = LINE('',#13367,#13368);
#13367 = CARTESIAN_POINT('',(0.9,0.));
#13368 = VECTOR('',#13369,1.);
#13369 = DIRECTION('',(0.,1.));
#13370 = ( GEOMETRIC_REPRESENTATION_CONTEXT(2) 
PARAMETRIC_REPRESENTATION_CONTEXT() REPRESENTATION_CONTEXT('2D SPACE',''
  ) );
#13371 = ORIENTED_EDGE('',*,*,#13372,.T.);
#13372 = EDGE_CURVE('',#13350,#13373,#13375,.T.);
#13373 = VERTEX_POINT('',#13374);
#13374 = CARTESIAN_POINT('',(2.355,-9.3,0.845));
#13375 = SURFACE_CURVE('',#13376,(#13380,#13387),.PCURVE_S1.);
#13376 = LINE('',#13377,#13378);
#13377 = CARTESIAN_POINT('',(2.355,-9.3,-5.E-03));
#13378 = VECTOR('',#13379,1.);
#13379 = DIRECTION('',(0.,0.,1.));
#13380 = PCURVE('',#13330,#13381);
#13381 = DEFINITIONAL_REPRESENTATION('',(#13382),#13386);
#13382 = LINE('',#13383,#13384);
#13383 = CARTESIAN_POINT('',(0.,-0.3));
#13384 = VECTOR('',#13385,1.);
#13385 = DIRECTION('',(1.,0.));
#13386 = ( GEOMETRIC_REPRESENTATION_CONTEXT(2) 
PARAMETRIC_REPRESENTATION_CONTEXT() REPRESENTATION_CONTEXT('2D SPACE',''
  ) );
#13387 = PCURVE('',#13278,#13388);
#13388 = DEFINITIONAL_REPRESENTATION('',(#13389),#13393);
#13389 = LINE('',#13390,#13391);
#13390 = CARTESIAN_POINT('',(0.,0.9));
#13391 = VECTOR('',#13392,1.);
#13392 = DIRECTION('',(1.,0.));
#13393 = ( GEOMETRIC_REPRESENTATION_CONTEXT(2) 
PARAMETRIC_REPRESENTATION_CONTEXT() REPRESENTATION_CONTEXT('2D SPACE',''
  ) );
#13394 = ORIENTED_EDGE('',*,*,#13395,.F.);
#13395 = EDGE_CURVE('',#13322,#13373,#13396,.T.);
#13396 = SURFACE_CURVE('',#13397,(#13401,#13408),.PCURVE_S1.);
#13397 = LINE('',#13398,#13399);
#13398 = CARTESIAN_POINT('',(2.355,-9.6,0.845));
#13399 = VECTOR('',#13400,1.);
#13400 = DIRECTION('',(0.,1.,0.));
#13401 = PCURVE('',#13330,#13402);
#13402 = DEFINITIONAL_REPRESENTATION('',(#13403),#13407);
#13403 = LINE('',#13404,#13405);
#13404 = CARTESIAN_POINT('',(0.85,0.));
#13405 = VECTOR('',#13406,1.);
#13406 = DIRECTION('',(0.,-1.));
#13407 = ( GEOMETRIC_REPRESENTATION_CONTEXT(2) 
PARAMETRIC_REPRESENTATION_CONTEXT() REPRESENTATION_CONTEXT('2D SPACE',''
  ) );
#13408 = PCURVE('',#13304,#13409);
#13409 = DEFINITIONAL_REPRESENTATION('',(#13410),#13414);
#13410 = LINE('',#13411,#13412);
#13411 = CARTESIAN_POINT('',(0.9,0.));
#13412 = VECTOR('',#13413,1.);
#13413 = DIRECTION('',(0.,1.));
#13414 = ( GEOMETRIC_REPRESENTATION_CONTEXT(2) 
PARAMETRIC_REPRESENTATION_CONTEXT() REPRESENTATION_CONTEXT('2D SPACE',''
  ) );
#13415 = ADVANCED_FACE('',(#13416),#13222,.F.);
#13416 = FACE_BOUND('',#13417,.F.);
#13417 = EDGE_LOOP('',(#13418,#13439,#13440,#13461));
#13418 = ORIENTED_EDGE('',*,*,#13419,.F.);
#13419 = EDGE_CURVE('',#13200,#13320,#13420,.T.);
#13420 = SURFACE_CURVE('',#13421,(#13425,#13432),.PCURVE_S1.);
#13421 = LINE('',#13422,#13423);
#13422 = CARTESIAN_POINT('',(1.455,-9.6,-5.E-03));
#13423 = VECTOR('',#13424,1.);
#13424 = DIRECTION('',(1.,0.,0.));
#13425 = PCURVE('',#13222,#13426);
#13426 = DEFINITIONAL_REPRESENTATION('',(#13427),#13431);
#13427 = LINE('',#13428,#13429);
#13428 = CARTESIAN_POINT('',(0.,0.));
#13429 = VECTOR('',#13430,1.);
#13430 = DIRECTION('',(0.,1.));
#13431 = ( GEOMETRIC_REPRESENTATION_CONTEXT(2) 
PARAMETRIC_REPRESENTATION_CONTEXT() REPRESENTATION_CONTEXT('2D SPACE',''
  ) );
#13432 = PCURVE('',#13250,#13433);
#13433 = DEFINITIONAL_REPRESENTATION('',(#13434),#13438);
#13434 = LINE('',#13435,#13436);
#13435 = CARTESIAN_POINT('',(0.,0.));
#13436 = VECTOR('',#13437,1.);
#13437 = DIRECTION('',(1.,0.));
#13438 = ( GEOMETRIC_REPRESENTATION_CONTEXT(2) 
PARAMETRIC_REPRESENTATION_CONTEXT() REPRESENTATION_CONTEXT('2D SPACE',''
  ) );
#13439 = ORIENTED_EDGE('',*,*,#13199,.T.);
#13440 = ORIENTED_EDGE('',*,*,#13441,.T.);
#13441 = EDGE_CURVE('',#13202,#13322,#13442,.T.);
#13442 = SURFACE_CURVE('',#13443,(#13447,#13454),.PCURVE_S1.);
#13443 = LINE('',#13444,#13445);
#13444 = CARTESIAN_POINT('',(1.455,-9.6,0.845));
#13445 = VECTOR('',#13446,1.);
#13446 = DIRECTION('',(1.,0.,0.));
#13447 = PCURVE('',#13222,#13448);
#13448 = DEFINITIONAL_REPRESENTATION('',(#13449),#13453);
#13449 = LINE('',#13450,#13451);
#13450 = CARTESIAN_POINT('',(0.85,0.));
#13451 = VECTOR('',#13452,1.);
#13452 = DIRECTION('',(0.,1.));
#13453 = ( GEOMETRIC_REPRESENTATION_CONTEXT(2) 
PARAMETRIC_REPRESENTATION_CONTEXT() REPRESENTATION_CONTEXT('2D SPACE',''
  ) );
#13454 = PCURVE('',#13304,#13455);
#13455 = DEFINITIONAL_REPRESENTATION('',(#13456),#13460);
#13456 = LINE('',#13457,#13458);
#13457 = CARTESIAN_POINT('',(0.,0.));
#13458 = VECTOR('',#13459,1.);
#13459 = DIRECTION('',(1.,0.));
#13460 = ( GEOMETRIC_REPRESENTATION_CONTEXT(2) 
PARAMETRIC_REPRESENTATION_CONTEXT() REPRESENTATION_CONTEXT('2D SPACE',''
  ) );
#13461 = ORIENTED_EDGE('',*,*,#13319,.F.);
#13462 = ADVANCED_FACE('',(#13463),#13278,.T.);
#13463 = FACE_BOUND('',#13464,.T.);
#13464 = EDGE_LOOP('',(#13465,#13486,#13487,#13508));
#13465 = ORIENTED_EDGE('',*,*,#13466,.F.);
#13466 = EDGE_CURVE('',#13235,#13350,#13467,.T.);
#13467 = SURFACE_CURVE('',#13468,(#13472,#13479),.PCURVE_S1.);
#13468 = LINE('',#13469,#13470);
#13469 = CARTESIAN_POINT('',(1.455,-9.3,-5.E-03));
#13470 = VECTOR('',#13471,1.);
#13471 = DIRECTION('',(1.,0.,0.));
#13472 = PCURVE('',#13278,#13473);
#13473 = DEFINITIONAL_REPRESENTATION('',(#13474),#13478);
#13474 = LINE('',#13475,#13476);
#13475 = CARTESIAN_POINT('',(0.,0.));
#13476 = VECTOR('',#13477,1.);
#13477 = DIRECTION('',(0.,1.));
#13478 = ( GEOMETRIC_REPRESENTATION_CONTEXT(2) 
PARAMETRIC_REPRESENTATION_CONTEXT() REPRESENTATION_CONTEXT('2D SPACE',''
  ) );
#13479 = PCURVE('',#13250,#13480);
#13480 = DEFINITIONAL_REPRESENTATION('',(#13481),#13485);
#13481 = LINE('',#13482,#13483);
#13482 = CARTESIAN_POINT('',(0.,0.3));
#13483 = VECTOR('',#13484,1.);
#13484 = DIRECTION('',(1.,0.));
#13485 = ( GEOMETRIC_REPRESENTATION_CONTEXT(2) 
PARAMETRIC_REPRESENTATION_CONTEXT() REPRESENTATION_CONTEXT('2D SPACE',''
  ) );
#13486 = ORIENTED_EDGE('',*,*,#13262,.T.);
#13487 = ORIENTED_EDGE('',*,*,#13488,.T.);
#13488 = EDGE_CURVE('',#13263,#13373,#13489,.T.);
#13489 = SURFACE_CURVE('',#13490,(#13494,#13501),.PCURVE_S1.);
#13490 = LINE('',#13491,#13492);
#13491 = CARTESIAN_POINT('',(1.455,-9.3,0.845));
#13492 = VECTOR('',#13493,1.);
#13493 = DIRECTION('',(1.,0.,0.));
#13494 = PCURVE('',#13278,#13495);
#13495 = DEFINITIONAL_REPRESENTATION('',(#13496),#13500);
#13496 = LINE('',#13497,#13498);
#13497 = CARTESIAN_POINT('',(0.85,0.));
#13498 = VECTOR('',#13499,1.);
#13499 = DIRECTION('',(0.,1.));
#13500 = ( GEOMETRIC_REPRESENTATION_CONTEXT(2) 
PARAMETRIC_REPRESENTATION_CONTEXT() REPRESENTATION_CONTEXT('2D SPACE',''
  ) );
#13501 = PCURVE('',#13304,#13502);
#13502 = DEFINITIONAL_REPRESENTATION('',(#13503),#13507);
#13503 = LINE('',#13504,#13505);
#13504 = CARTESIAN_POINT('',(0.,0.3));
#13505 = VECTOR('',#13506,1.);
#13506 = DIRECTION('',(1.,0.));
#13507 = ( GEOMETRIC_REPRESENTATION_CONTEXT(2) 
PARAMETRIC_REPRESENTATION_CONTEXT() REPRESENTATION_CONTEXT('2D SPACE',''
  ) );
#13508 = ORIENTED_EDGE('',*,*,#13372,.F.);
#13509 = ADVANCED_FACE('',(#13510),#13250,.F.);
#13510 = FACE_BOUND('',#13511,.F.);
#13511 = EDGE_LOOP('',(#13512,#13513,#13514,#13515));
#13512 = ORIENTED_EDGE('',*,*,#13234,.F.);
#13513 = ORIENTED_EDGE('',*,*,#13419,.T.);
#13514 = ORIENTED_EDGE('',*,*,#13349,.T.);
#13515 = ORIENTED_EDGE('',*,*,#13466,.F.);
#13516 = ADVANCED_FACE('',(#13517),#13304,.T.);
#13517 = FACE_BOUND('',#13518,.T.);
#13518 = EDGE_LOOP('',(#13519,#13520,#13521,#13522));
#13519 = ORIENTED_EDGE('',*,*,#13290,.F.);
#13520 = ORIENTED_EDGE('',*,*,#13441,.T.);
#13521 = ORIENTED_EDGE('',*,*,#13395,.T.);
#13522 = ORIENTED_EDGE('',*,*,#13488,.F.);
#13523 = MANIFOLD_SOLID_BREP('',#13524);
#13524 = CLOSED_SHELL('',(#13525,#13645,#13745,#13792,#13839,#13846));
#13525 = ADVANCED_FACE('',(#13526),#13540,.F.);
#13526 = FACE_BOUND('',#13527,.F.);
#13527 = EDGE_LOOP('',(#13528,#13563,#13591,#13619));
#13528 = ORIENTED_EDGE('',*,*,#13529,.F.);
#13529 = EDGE_CURVE('',#13530,#13532,#13534,.T.);
#13530 = VERTEX_POINT('',#13531);
#13531 = CARTESIAN_POINT('',(2.725,-9.6,-5.E-03));
#13532 = VERTEX_POINT('',#13533);
#13533 = CARTESIAN_POINT('',(2.725,-9.6,0.845));
#13534 = SURFACE_CURVE('',#13535,(#13539,#13551),.PCURVE_S1.);
#13535 = LINE('',#13536,#13537);
#13536 = CARTESIAN_POINT('',(2.725,-9.6,-5.E-03));
#13537 = VECTOR('',#13538,1.);
#13538 = DIRECTION('',(0.,0.,1.));
#13539 = PCURVE('',#13540,#13545);
#13540 = PLANE('',#13541);
#13541 = AXIS2_PLACEMENT_3D('',#13542,#13543,#13544);
#13542 = CARTESIAN_POINT('',(2.725,-9.6,-5.E-03));
#13543 = DIRECTION('',(1.,0.,0.));
#13544 = DIRECTION('',(0.,0.,1.));
#13545 = DEFINITIONAL_REPRESENTATION('',(#13546),#13550);
#13546 = LINE('',#13547,#13548);
#13547 = CARTESIAN_POINT('',(0.,0.));
#13548 = VECTOR('',#13549,1.);
#13549 = DIRECTION('',(1.,0.));
#13550 = ( GEOMETRIC_REPRESENTATION_CONTEXT(2) 
PARAMETRIC_REPRESENTATION_CONTEXT() REPRESENTATION_CONTEXT('2D SPACE',''
  ) );
#13551 = PCURVE('',#13552,#13557);
#13552 = PLANE('',#13553);
#13553 = AXIS2_PLACEMENT_3D('',#13554,#13555,#13556);
#13554 = CARTESIAN_POINT('',(2.725,-9.6,-5.E-03));
#13555 = DIRECTION('',(0.,1.,0.));
#13556 = DIRECTION('',(0.,0.,1.));
#13557 = DEFINITIONAL_REPRESENTATION('',(#13558),#13562);
#13558 = LINE('',#13559,#13560);
#13559 = CARTESIAN_POINT('',(0.,0.));
#13560 = VECTOR('',#13561,1.);
#13561 = DIRECTION('',(1.,0.));
#13562 = ( GEOMETRIC_REPRESENTATION_CONTEXT(2) 
PARAMETRIC_REPRESENTATION_CONTEXT() REPRESENTATION_CONTEXT('2D SPACE',''
  ) );
#13563 = ORIENTED_EDGE('',*,*,#13564,.T.);
#13564 = EDGE_CURVE('',#13530,#13565,#13567,.T.);
#13565 = VERTEX_POINT('',#13566);
#13566 = CARTESIAN_POINT('',(2.725,-9.3,-5.E-03));
#13567 = SURFACE_CURVE('',#13568,(#13572,#13579),.PCURVE_S1.);
#13568 = LINE('',#13569,#13570);
#13569 = CARTESIAN_POINT('',(2.725,-9.6,-5.E-03));
#13570 = VECTOR('',#13571,1.);
#13571 = DIRECTION('',(0.,1.,0.));
#13572 = PCURVE('',#13540,#13573);
#13573 = DEFINITIONAL_REPRESENTATION('',(#13574),#13578);
#13574 = LINE('',#13575,#13576);
#13575 = CARTESIAN_POINT('',(0.,0.));
#13576 = VECTOR('',#13577,1.);
#13577 = DIRECTION('',(0.,-1.));
#13578 = ( GEOMETRIC_REPRESENTATION_CONTEXT(2) 
PARAMETRIC_REPRESENTATION_CONTEXT() REPRESENTATION_CONTEXT('2D SPACE',''
  ) );
#13579 = PCURVE('',#13580,#13585);
#13580 = PLANE('',#13581);
#13581 = AXIS2_PLACEMENT_3D('',#13582,#13583,#13584);
#13582 = CARTESIAN_POINT('',(2.725,-9.6,-5.E-03));
#13583 = DIRECTION('',(0.,0.,1.));
#13584 = DIRECTION('',(1.,0.,0.));
#13585 = DEFINITIONAL_REPRESENTATION('',(#13586),#13590);
#13586 = LINE('',#13587,#13588);
#13587 = CARTESIAN_POINT('',(0.,0.));
#13588 = VECTOR('',#13589,1.);
#13589 = DIRECTION('',(0.,1.));
#13590 = ( GEOMETRIC_REPRESENTATION_CONTEXT(2) 
PARAMETRIC_REPRESENTATION_CONTEXT() REPRESENTATION_CONTEXT('2D SPACE',''
  ) );
#13591 = ORIENTED_EDGE('',*,*,#13592,.T.);
#13592 = EDGE_CURVE('',#13565,#13593,#13595,.T.);
#13593 = VERTEX_POINT('',#13594);
#13594 = CARTESIAN_POINT('',(2.725,-9.3,0.845));
#13595 = SURFACE_CURVE('',#13596,(#13600,#13607),.PCURVE_S1.);
#13596 = LINE('',#13597,#13598);
#13597 = CARTESIAN_POINT('',(2.725,-9.3,-5.E-03));
#13598 = VECTOR('',#13599,1.);
#13599 = DIRECTION('',(0.,0.,1.));
#13600 = PCURVE('',#13540,#13601);
#13601 = DEFINITIONAL_REPRESENTATION('',(#13602),#13606);
#13602 = LINE('',#13603,#13604);
#13603 = CARTESIAN_POINT('',(0.,-0.3));
#13604 = VECTOR('',#13605,1.);
#13605 = DIRECTION('',(1.,0.));
#13606 = ( GEOMETRIC_REPRESENTATION_CONTEXT(2) 
PARAMETRIC_REPRESENTATION_CONTEXT() REPRESENTATION_CONTEXT('2D SPACE',''
  ) );
#13607 = PCURVE('',#13608,#13613);
#13608 = PLANE('',#13609);
#13609 = AXIS2_PLACEMENT_3D('',#13610,#13611,#13612);
#13610 = CARTESIAN_POINT('',(2.725,-9.3,-5.E-03));
#13611 = DIRECTION('',(0.,1.,0.));
#13612 = DIRECTION('',(0.,0.,1.));
#13613 = DEFINITIONAL_REPRESENTATION('',(#13614),#13618);
#13614 = LINE('',#13615,#13616);
#13615 = CARTESIAN_POINT('',(0.,0.));
#13616 = VECTOR('',#13617,1.);
#13617 = DIRECTION('',(1.,0.));
#13618 = ( GEOMETRIC_REPRESENTATION_CONTEXT(2) 
PARAMETRIC_REPRESENTATION_CONTEXT() REPRESENTATION_CONTEXT('2D SPACE',''
  ) );
#13619 = ORIENTED_EDGE('',*,*,#13620,.F.);
#13620 = EDGE_CURVE('',#13532,#13593,#13621,.T.);
#13621 = SURFACE_CURVE('',#13622,(#13626,#13633),.PCURVE_S1.);
#13622 = LINE('',#13623,#13624);
#13623 = CARTESIAN_POINT('',(2.725,-9.6,0.845));
#13624 = VECTOR('',#13625,1.);
#13625 = DIRECTION('',(0.,1.,0.));
#13626 = PCURVE('',#13540,#13627);
#13627 = DEFINITIONAL_REPRESENTATION('',(#13628),#13632);
#13628 = LINE('',#13629,#13630);
#13629 = CARTESIAN_POINT('',(0.85,0.));
#13630 = VECTOR('',#13631,1.);
#13631 = DIRECTION('',(0.,-1.));
#13632 = ( GEOMETRIC_REPRESENTATION_CONTEXT(2) 
PARAMETRIC_REPRESENTATION_CONTEXT() REPRESENTATION_CONTEXT('2D SPACE',''
  ) );
#13633 = PCURVE('',#13634,#13639);
#13634 = PLANE('',#13635);
#13635 = AXIS2_PLACEMENT_3D('',#13636,#13637,#13638);
#13636 = CARTESIAN_POINT('',(2.725,-9.6,0.845));
#13637 = DIRECTION('',(0.,0.,1.));
#13638 = DIRECTION('',(1.,0.,0.));
#13639 = DEFINITIONAL_REPRESENTATION('',(#13640),#13644);
#13640 = LINE('',#13641,#13642);
#13641 = CARTESIAN_POINT('',(0.,0.));
#13642 = VECTOR('',#13643,1.);
#13643 = DIRECTION('',(0.,1.));
#13644 = ( GEOMETRIC_REPRESENTATION_CONTEXT(2) 
PARAMETRIC_REPRESENTATION_CONTEXT() REPRESENTATION_CONTEXT('2D SPACE',''
  ) );
#13645 = ADVANCED_FACE('',(#13646),#13660,.T.);
#13646 = FACE_BOUND('',#13647,.T.);
#13647 = EDGE_LOOP('',(#13648,#13678,#13701,#13724));
#13648 = ORIENTED_EDGE('',*,*,#13649,.F.);
#13649 = EDGE_CURVE('',#13650,#13652,#13654,.T.);
#13650 = VERTEX_POINT('',#13651);
#13651 = CARTESIAN_POINT('',(3.625,-9.6,-5.E-03));
#13652 = VERTEX_POINT('',#13653);
#13653 = CARTESIAN_POINT('',(3.625,-9.6,0.845));
#13654 = SURFACE_CURVE('',#13655,(#13659,#13671),.PCURVE_S1.);
#13655 = LINE('',#13656,#13657);
#13656 = CARTESIAN_POINT('',(3.625,-9.6,-5.E-03));
#13657 = VECTOR('',#13658,1.);
#13658 = DIRECTION('',(0.,0.,1.));
#13659 = PCURVE('',#13660,#13665);
#13660 = PLANE('',#13661);
#13661 = AXIS2_PLACEMENT_3D('',#13662,#13663,#13664);
#13662 = CARTESIAN_POINT('',(3.625,-9.6,-5.E-03));
#13663 = DIRECTION('',(1.,0.,0.));
#13664 = DIRECTION('',(0.,0.,1.));
#13665 = DEFINITIONAL_REPRESENTATION('',(#13666),#13670);
#13666 = LINE('',#13667,#13668);
#13667 = CARTESIAN_POINT('',(0.,0.));
#13668 = VECTOR('',#13669,1.);
#13669 = DIRECTION('',(1.,0.));
#13670 = ( GEOMETRIC_REPRESENTATION_CONTEXT(2) 
PARAMETRIC_REPRESENTATION_CONTEXT() REPRESENTATION_CONTEXT('2D SPACE',''
  ) );
#13671 = PCURVE('',#13552,#13672);
#13672 = DEFINITIONAL_REPRESENTATION('',(#13673),#13677);
#13673 = LINE('',#13674,#13675);
#13674 = CARTESIAN_POINT('',(0.,0.9));
#13675 = VECTOR('',#13676,1.);
#13676 = DIRECTION('',(1.,0.));
#13677 = ( GEOMETRIC_REPRESENTATION_CONTEXT(2) 
PARAMETRIC_REPRESENTATION_CONTEXT() REPRESENTATION_CONTEXT('2D SPACE',''
  ) );
#13678 = ORIENTED_EDGE('',*,*,#13679,.T.);
#13679 = EDGE_CURVE('',#13650,#13680,#13682,.T.);
#13680 = VERTEX_POINT('',#13681);
#13681 = CARTESIAN_POINT('',(3.625,-9.3,-5.E-03));
#13682 = SURFACE_CURVE('',#13683,(#13687,#13694),.PCURVE_S1.);
#13683 = LINE('',#13684,#13685);
#13684 = CARTESIAN_POINT('',(3.625,-9.6,-5.E-03));
#13685 = VECTOR('',#13686,1.);
#13686 = DIRECTION('',(0.,1.,0.));
#13687 = PCURVE('',#13660,#13688);
#13688 = DEFINITIONAL_REPRESENTATION('',(#13689),#13693);
#13689 = LINE('',#13690,#13691);
#13690 = CARTESIAN_POINT('',(0.,0.));
#13691 = VECTOR('',#13692,1.);
#13692 = DIRECTION('',(0.,-1.));
#13693 = ( GEOMETRIC_REPRESENTATION_CONTEXT(2) 
PARAMETRIC_REPRESENTATION_CONTEXT() REPRESENTATION_CONTEXT('2D SPACE',''
  ) );
#13694 = PCURVE('',#13580,#13695);
#13695 = DEFINITIONAL_REPRESENTATION('',(#13696),#13700);
#13696 = LINE('',#13697,#13698);
#13697 = CARTESIAN_POINT('',(0.9,0.));
#13698 = VECTOR('',#13699,1.);
#13699 = DIRECTION('',(0.,1.));
#13700 = ( GEOMETRIC_REPRESENTATION_CONTEXT(2) 
PARAMETRIC_REPRESENTATION_CONTEXT() REPRESENTATION_CONTEXT('2D SPACE',''
  ) );
#13701 = ORIENTED_EDGE('',*,*,#13702,.T.);
#13702 = EDGE_CURVE('',#13680,#13703,#13705,.T.);
#13703 = VERTEX_POINT('',#13704);
#13704 = CARTESIAN_POINT('',(3.625,-9.3,0.845));
#13705 = SURFACE_CURVE('',#13706,(#13710,#13717),.PCURVE_S1.);
#13706 = LINE('',#13707,#13708);
#13707 = CARTESIAN_POINT('',(3.625,-9.3,-5.E-03));
#13708 = VECTOR('',#13709,1.);
#13709 = DIRECTION('',(0.,0.,1.));
#13710 = PCURVE('',#13660,#13711);
#13711 = DEFINITIONAL_REPRESENTATION('',(#13712),#13716);
#13712 = LINE('',#13713,#13714);
#13713 = CARTESIAN_POINT('',(0.,-0.3));
#13714 = VECTOR('',#13715,1.);
#13715 = DIRECTION('',(1.,0.));
#13716 = ( GEOMETRIC_REPRESENTATION_CONTEXT(2) 
PARAMETRIC_REPRESENTATION_CONTEXT() REPRESENTATION_CONTEXT('2D SPACE',''
  ) );
#13717 = PCURVE('',#13608,#13718);
#13718 = DEFINITIONAL_REPRESENTATION('',(#13719),#13723);
#13719 = LINE('',#13720,#13721);
#13720 = CARTESIAN_POINT('',(0.,0.9));
#13721 = VECTOR('',#13722,1.);
#13722 = DIRECTION('',(1.,0.));
#13723 = ( GEOMETRIC_REPRESENTATION_CONTEXT(2) 
PARAMETRIC_REPRESENTATION_CONTEXT() REPRESENTATION_CONTEXT('2D SPACE',''
  ) );
#13724 = ORIENTED_EDGE('',*,*,#13725,.F.);
#13725 = EDGE_CURVE('',#13652,#13703,#13726,.T.);
#13726 = SURFACE_CURVE('',#13727,(#13731,#13738),.PCURVE_S1.);
#13727 = LINE('',#13728,#13729);
#13728 = CARTESIAN_POINT('',(3.625,-9.6,0.845));
#13729 = VECTOR('',#13730,1.);
#13730 = DIRECTION('',(0.,1.,0.));
#13731 = PCURVE('',#13660,#13732);
#13732 = DEFINITIONAL_REPRESENTATION('',(#13733),#13737);
#13733 = LINE('',#13734,#13735);
#13734 = CARTESIAN_POINT('',(0.85,0.));
#13735 = VECTOR('',#13736,1.);
#13736 = DIRECTION('',(0.,-1.));
#13737 = ( GEOMETRIC_REPRESENTATION_CONTEXT(2) 
PARAMETRIC_REPRESENTATION_CONTEXT() REPRESENTATION_CONTEXT('2D SPACE',''
  ) );
#13738 = PCURVE('',#13634,#13739);
#13739 = DEFINITIONAL_REPRESENTATION('',(#13740),#13744);
#13740 = LINE('',#13741,#13742);
#13741 = CARTESIAN_POINT('',(0.9,0.));
#13742 = VECTOR('',#13743,1.);
#13743 = DIRECTION('',(0.,1.));
#13744 = ( GEOMETRIC_REPRESENTATION_CONTEXT(2) 
PARAMETRIC_REPRESENTATION_CONTEXT() REPRESENTATION_CONTEXT('2D SPACE',''
  ) );
#13745 = ADVANCED_FACE('',(#13746),#13552,.F.);
#13746 = FACE_BOUND('',#13747,.F.);
#13747 = EDGE_LOOP('',(#13748,#13769,#13770,#13791));
#13748 = ORIENTED_EDGE('',*,*,#13749,.F.);
#13749 = EDGE_CURVE('',#13530,#13650,#13750,.T.);
#13750 = SURFACE_CURVE('',#13751,(#13755,#13762),.PCURVE_S1.);
#13751 = LINE('',#13752,#13753);
#13752 = CARTESIAN_POINT('',(2.725,-9.6,-5.E-03));
#13753 = VECTOR('',#13754,1.);
#13754 = DIRECTION('',(1.,0.,0.));
#13755 = PCURVE('',#13552,#13756);
#13756 = DEFINITIONAL_REPRESENTATION('',(#13757),#13761);
#13757 = LINE('',#13758,#13759);
#13758 = CARTESIAN_POINT('',(0.,0.));
#13759 = VECTOR('',#13760,1.);
#13760 = DIRECTION('',(0.,1.));
#13761 = ( GEOMETRIC_REPRESENTATION_CONTEXT(2) 
PARAMETRIC_REPRESENTATION_CONTEXT() REPRESENTATION_CONTEXT('2D SPACE',''
  ) );
#13762 = PCURVE('',#13580,#13763);
#13763 = DEFINITIONAL_REPRESENTATION('',(#13764),#13768);
#13764 = LINE('',#13765,#13766);
#13765 = CARTESIAN_POINT('',(0.,0.));
#13766 = VECTOR('',#13767,1.);
#13767 = DIRECTION('',(1.,0.));
#13768 = ( GEOMETRIC_REPRESENTATION_CONTEXT(2) 
PARAMETRIC_REPRESENTATION_CONTEXT() REPRESENTATION_CONTEXT('2D SPACE',''
  ) );
#13769 = ORIENTED_EDGE('',*,*,#13529,.T.);
#13770 = ORIENTED_EDGE('',*,*,#13771,.T.);
#13771 = EDGE_CURVE('',#13532,#13652,#13772,.T.);
#13772 = SURFACE_CURVE('',#13773,(#13777,#13784),.PCURVE_S1.);
#13773 = LINE('',#13774,#13775);
#13774 = CARTESIAN_POINT('',(2.725,-9.6,0.845));
#13775 = VECTOR('',#13776,1.);
#13776 = DIRECTION('',(1.,0.,0.));
#13777 = PCURVE('',#13552,#13778);
#13778 = DEFINITIONAL_REPRESENTATION('',(#13779),#13783);
#13779 = LINE('',#13780,#13781);
#13780 = CARTESIAN_POINT('',(0.85,0.));
#13781 = VECTOR('',#13782,1.);
#13782 = DIRECTION('',(0.,1.));
#13783 = ( GEOMETRIC_REPRESENTATION_CONTEXT(2) 
PARAMETRIC_REPRESENTATION_CONTEXT() REPRESENTATION_CONTEXT('2D SPACE',''
  ) );
#13784 = PCURVE('',#13634,#13785);
#13785 = DEFINITIONAL_REPRESENTATION('',(#13786),#13790);
#13786 = LINE('',#13787,#13788);
#13787 = CARTESIAN_POINT('',(0.,0.));
#13788 = VECTOR('',#13789,1.);
#13789 = DIRECTION('',(1.,0.));
#13790 = ( GEOMETRIC_REPRESENTATION_CONTEXT(2) 
PARAMETRIC_REPRESENTATION_CONTEXT() REPRESENTATION_CONTEXT('2D SPACE',''
  ) );
#13791 = ORIENTED_EDGE('',*,*,#13649,.F.);
#13792 = ADVANCED_FACE('',(#13793),#13608,.T.);
#13793 = FACE_BOUND('',#13794,.T.);
#13794 = EDGE_LOOP('',(#13795,#13816,#13817,#13838));
#13795 = ORIENTED_EDGE('',*,*,#13796,.F.);
#13796 = EDGE_CURVE('',#13565,#13680,#13797,.T.);
#13797 = SURFACE_CURVE('',#13798,(#13802,#13809),.PCURVE_S1.);
#13798 = LINE('',#13799,#13800);
#13799 = CARTESIAN_POINT('',(2.725,-9.3,-5.E-03));
#13800 = VECTOR('',#13801,1.);
#13801 = DIRECTION('',(1.,0.,0.));
#13802 = PCURVE('',#13608,#13803);
#13803 = DEFINITIONAL_REPRESENTATION('',(#13804),#13808);
#13804 = LINE('',#13805,#13806);
#13805 = CARTESIAN_POINT('',(0.,0.));
#13806 = VECTOR('',#13807,1.);
#13807 = DIRECTION('',(0.,1.));
#13808 = ( GEOMETRIC_REPRESENTATION_CONTEXT(2) 
PARAMETRIC_REPRESENTATION_CONTEXT() REPRESENTATION_CONTEXT('2D SPACE',''
  ) );
#13809 = PCURVE('',#13580,#13810);
#13810 = DEFINITIONAL_REPRESENTATION('',(#13811),#13815);
#13811 = LINE('',#13812,#13813);
#13812 = CARTESIAN_POINT('',(0.,0.3));
#13813 = VECTOR('',#13814,1.);
#13814 = DIRECTION('',(1.,0.));
#13815 = ( GEOMETRIC_REPRESENTATION_CONTEXT(2) 
PARAMETRIC_REPRESENTATION_CONTEXT() REPRESENTATION_CONTEXT('2D SPACE',''
  ) );
#13816 = ORIENTED_EDGE('',*,*,#13592,.T.);
#13817 = ORIENTED_EDGE('',*,*,#13818,.T.);
#13818 = EDGE_CURVE('',#13593,#13703,#13819,.T.);
#13819 = SURFACE_CURVE('',#13820,(#13824,#13831),.PCURVE_S1.);
#13820 = LINE('',#13821,#13822);
#13821 = CARTESIAN_POINT('',(2.725,-9.3,0.845));
#13822 = VECTOR('',#13823,1.);
#13823 = DIRECTION('',(1.,0.,0.));
#13824 = PCURVE('',#13608,#13825);
#13825 = DEFINITIONAL_REPRESENTATION('',(#13826),#13830);
#13826 = LINE('',#13827,#13828);
#13827 = CARTESIAN_POINT('',(0.85,0.));
#13828 = VECTOR('',#13829,1.);
#13829 = DIRECTION('',(0.,1.));
#13830 = ( GEOMETRIC_REPRESENTATION_CONTEXT(2) 
PARAMETRIC_REPRESENTATION_CONTEXT() REPRESENTATION_CONTEXT('2D SPACE',''
  ) );
#13831 = PCURVE('',#13634,#13832);
#13832 = DEFINITIONAL_REPRESENTATION('',(#13833),#13837);
#13833 = LINE('',#13834,#13835);
#13834 = CARTESIAN_POINT('',(0.,0.3));
#13835 = VECTOR('',#13836,1.);
#13836 = DIRECTION('',(1.,0.));
#13837 = ( GEOMETRIC_REPRESENTATION_CONTEXT(2) 
PARAMETRIC_REPRESENTATION_CONTEXT() REPRESENTATION_CONTEXT('2D SPACE',''
  ) );
#13838 = ORIENTED_EDGE('',*,*,#13702,.F.);
#13839 = ADVANCED_FACE('',(#13840),#13580,.F.);
#13840 = FACE_BOUND('',#13841,.F.);
#13841 = EDGE_LOOP('',(#13842,#13843,#13844,#13845));
#13842 = ORIENTED_EDGE('',*,*,#13564,.F.);
#13843 = ORIENTED_EDGE('',*,*,#13749,.T.);
#13844 = ORIENTED_EDGE('',*,*,#13679,.T.);
#13845 = ORIENTED_EDGE('',*,*,#13796,.F.);
#13846 = ADVANCED_FACE('',(#13847),#13634,.T.);
#13847 = FACE_BOUND('',#13848,.T.);
#13848 = EDGE_LOOP('',(#13849,#13850,#13851,#13852));
#13849 = ORIENTED_EDGE('',*,*,#13620,.F.);
#13850 = ORIENTED_EDGE('',*,*,#13771,.T.);
#13851 = ORIENTED_EDGE('',*,*,#13725,.T.);
#13852 = ORIENTED_EDGE('',*,*,#13818,.F.);
#13853 = MANIFOLD_SOLID_BREP('',#13854);
#13854 = CLOSED_SHELL('',(#13855,#13975,#14075,#14122,#14169,#14176));
#13855 = ADVANCED_FACE('',(#13856),#13870,.F.);
#13856 = FACE_BOUND('',#13857,.F.);
#13857 = EDGE_LOOP('',(#13858,#13893,#13921,#13949));
#13858 = ORIENTED_EDGE('',*,*,#13859,.F.);
#13859 = EDGE_CURVE('',#13860,#13862,#13864,.T.);
#13860 = VERTEX_POINT('',#13861);
#13861 = CARTESIAN_POINT('',(3.995,-9.6,-5.E-03));
#13862 = VERTEX_POINT('',#13863);
#13863 = CARTESIAN_POINT('',(3.995,-9.6,0.845));
#13864 = SURFACE_CURVE('',#13865,(#13869,#13881),.PCURVE_S1.);
#13865 = LINE('',#13866,#13867);
#13866 = CARTESIAN_POINT('',(3.995,-9.6,-5.E-03));
#13867 = VECTOR('',#13868,1.);
#13868 = DIRECTION('',(0.,0.,1.));
#13869 = PCURVE('',#13870,#13875);
#13870 = PLANE('',#13871);
#13871 = AXIS2_PLACEMENT_3D('',#13872,#13873,#13874);
#13872 = CARTESIAN_POINT('',(3.995,-9.6,-5.E-03));
#13873 = DIRECTION('',(1.,0.,0.));
#13874 = DIRECTION('',(0.,0.,1.));
#13875 = DEFINITIONAL_REPRESENTATION('',(#13876),#13880);
#13876 = LINE('',#13877,#13878);
#13877 = CARTESIAN_POINT('',(0.,0.));
#13878 = VECTOR('',#13879,1.);
#13879 = DIRECTION('',(1.,0.));
#13880 = ( GEOMETRIC_REPRESENTATION_CONTEXT(2) 
PARAMETRIC_REPRESENTATION_CONTEXT() REPRESENTATION_CONTEXT('2D SPACE',''
  ) );
#13881 = PCURVE('',#13882,#13887);
#13882 = PLANE('',#13883);
#13883 = AXIS2_PLACEMENT_3D('',#13884,#13885,#13886);
#13884 = CARTESIAN_POINT('',(3.995,-9.6,-5.E-03));
#13885 = DIRECTION('',(0.,1.,0.));
#13886 = DIRECTION('',(0.,0.,1.));
#13887 = DEFINITIONAL_REPRESENTATION('',(#13888),#13892);
#13888 = LINE('',#13889,#13890);
#13889 = CARTESIAN_POINT('',(0.,0.));
#13890 = VECTOR('',#13891,1.);
#13891 = DIRECTION('',(1.,0.));
#13892 = ( GEOMETRIC_REPRESENTATION_CONTEXT(2) 
PARAMETRIC_REPRESENTATION_CONTEXT() REPRESENTATION_CONTEXT('2D SPACE',''
  ) );
#13893 = ORIENTED_EDGE('',*,*,#13894,.T.);
#13894 = EDGE_CURVE('',#13860,#13895,#13897,.T.);
#13895 = VERTEX_POINT('',#13896);
#13896 = CARTESIAN_POINT('',(3.995,-9.3,-5.E-03));
#13897 = SURFACE_CURVE('',#13898,(#13902,#13909),.PCURVE_S1.);
#13898 = LINE('',#13899,#13900);
#13899 = CARTESIAN_POINT('',(3.995,-9.6,-5.E-03));
#13900 = VECTOR('',#13901,1.);
#13901 = DIRECTION('',(0.,1.,0.));
#13902 = PCURVE('',#13870,#13903);
#13903 = DEFINITIONAL_REPRESENTATION('',(#13904),#13908);
#13904 = LINE('',#13905,#13906);
#13905 = CARTESIAN_POINT('',(0.,0.));
#13906 = VECTOR('',#13907,1.);
#13907 = DIRECTION('',(0.,-1.));
#13908 = ( GEOMETRIC_REPRESENTATION_CONTEXT(2) 
PARAMETRIC_REPRESENTATION_CONTEXT() REPRESENTATION_CONTEXT('2D SPACE',''
  ) );
#13909 = PCURVE('',#13910,#13915);
#13910 = PLANE('',#13911);
#13911 = AXIS2_PLACEMENT_3D('',#13912,#13913,#13914);
#13912 = CARTESIAN_POINT('',(3.995,-9.6,-5.E-03));
#13913 = DIRECTION('',(0.,0.,1.));
#13914 = DIRECTION('',(1.,0.,0.));
#13915 = DEFINITIONAL_REPRESENTATION('',(#13916),#13920);
#13916 = LINE('',#13917,#13918);
#13917 = CARTESIAN_POINT('',(0.,0.));
#13918 = VECTOR('',#13919,1.);
#13919 = DIRECTION('',(0.,1.));
#13920 = ( GEOMETRIC_REPRESENTATION_CONTEXT(2) 
PARAMETRIC_REPRESENTATION_CONTEXT() REPRESENTATION_CONTEXT('2D SPACE',''
  ) );
#13921 = ORIENTED_EDGE('',*,*,#13922,.T.);
#13922 = EDGE_CURVE('',#13895,#13923,#13925,.T.);
#13923 = VERTEX_POINT('',#13924);
#13924 = CARTESIAN_POINT('',(3.995,-9.3,0.845));
#13925 = SURFACE_CURVE('',#13926,(#13930,#13937),.PCURVE_S1.);
#13926 = LINE('',#13927,#13928);
#13927 = CARTESIAN_POINT('',(3.995,-9.3,-5.E-03));
#13928 = VECTOR('',#13929,1.);
#13929 = DIRECTION('',(0.,0.,1.));
#13930 = PCURVE('',#13870,#13931);
#13931 = DEFINITIONAL_REPRESENTATION('',(#13932),#13936);
#13932 = LINE('',#13933,#13934);
#13933 = CARTESIAN_POINT('',(0.,-0.3));
#13934 = VECTOR('',#13935,1.);
#13935 = DIRECTION('',(1.,0.));
#13936 = ( GEOMETRIC_REPRESENTATION_CONTEXT(2) 
PARAMETRIC_REPRESENTATION_CONTEXT() REPRESENTATION_CONTEXT('2D SPACE',''
  ) );
#13937 = PCURVE('',#13938,#13943);
#13938 = PLANE('',#13939);
#13939 = AXIS2_PLACEMENT_3D('',#13940,#13941,#13942);
#13940 = CARTESIAN_POINT('',(3.995,-9.3,-5.E-03));
#13941 = DIRECTION('',(0.,1.,0.));
#13942 = DIRECTION('',(0.,0.,1.));
#13943 = DEFINITIONAL_REPRESENTATION('',(#13944),#13948);
#13944 = LINE('',#13945,#13946);
#13945 = CARTESIAN_POINT('',(0.,0.));
#13946 = VECTOR('',#13947,1.);
#13947 = DIRECTION('',(1.,0.));
#13948 = ( GEOMETRIC_REPRESENTATION_CONTEXT(2) 
PARAMETRIC_REPRESENTATION_CONTEXT() REPRESENTATION_CONTEXT('2D SPACE',''
  ) );
#13949 = ORIENTED_EDGE('',*,*,#13950,.F.);
#13950 = EDGE_CURVE('',#13862,#13923,#13951,.T.);
#13951 = SURFACE_CURVE('',#13952,(#13956,#13963),.PCURVE_S1.);
#13952 = LINE('',#13953,#13954);
#13953 = CARTESIAN_POINT('',(3.995,-9.6,0.845));
#13954 = VECTOR('',#13955,1.);
#13955 = DIRECTION('',(0.,1.,0.));
#13956 = PCURVE('',#13870,#13957);
#13957 = DEFINITIONAL_REPRESENTATION('',(#13958),#13962);
#13958 = LINE('',#13959,#13960);
#13959 = CARTESIAN_POINT('',(0.85,0.));
#13960 = VECTOR('',#13961,1.);
#13961 = DIRECTION('',(0.,-1.));
#13962 = ( GEOMETRIC_REPRESENTATION_CONTEXT(2) 
PARAMETRIC_REPRESENTATION_CONTEXT() REPRESENTATION_CONTEXT('2D SPACE',''
  ) );
#13963 = PCURVE('',#13964,#13969);
#13964 = PLANE('',#13965);
#13965 = AXIS2_PLACEMENT_3D('',#13966,#13967,#13968);
#13966 = CARTESIAN_POINT('',(3.995,-9.6,0.845));
#13967 = DIRECTION('',(0.,0.,1.));
#13968 = DIRECTION('',(1.,0.,0.));
#13969 = DEFINITIONAL_REPRESENTATION('',(#13970),#13974);
#13970 = LINE('',#13971,#13972);
#13971 = CARTESIAN_POINT('',(0.,0.));
#13972 = VECTOR('',#13973,1.);
#13973 = DIRECTION('',(0.,1.));
#13974 = ( GEOMETRIC_REPRESENTATION_CONTEXT(2) 
PARAMETRIC_REPRESENTATION_CONTEXT() REPRESENTATION_CONTEXT('2D SPACE',''
  ) );
#13975 = ADVANCED_FACE('',(#13976),#13990,.T.);
#13976 = FACE_BOUND('',#13977,.T.);
#13977 = EDGE_LOOP('',(#13978,#14008,#14031,#14054));
#13978 = ORIENTED_EDGE('',*,*,#13979,.F.);
#13979 = EDGE_CURVE('',#13980,#13982,#13984,.T.);
#13980 = VERTEX_POINT('',#13981);
#13981 = CARTESIAN_POINT('',(4.895,-9.6,-5.E-03));
#13982 = VERTEX_POINT('',#13983);
#13983 = CARTESIAN_POINT('',(4.895,-9.6,0.845));
#13984 = SURFACE_CURVE('',#13985,(#13989,#14001),.PCURVE_S1.);
#13985 = LINE('',#13986,#13987);
#13986 = CARTESIAN_POINT('',(4.895,-9.6,-5.E-03));
#13987 = VECTOR('',#13988,1.);
#13988 = DIRECTION('',(0.,0.,1.));
#13989 = PCURVE('',#13990,#13995);
#13990 = PLANE('',#13991);
#13991 = AXIS2_PLACEMENT_3D('',#13992,#13993,#13994);
#13992 = CARTESIAN_POINT('',(4.895,-9.6,-5.E-03));
#13993 = DIRECTION('',(1.,0.,0.));
#13994 = DIRECTION('',(0.,0.,1.));
#13995 = DEFINITIONAL_REPRESENTATION('',(#13996),#14000);
#13996 = LINE('',#13997,#13998);
#13997 = CARTESIAN_POINT('',(0.,0.));
#13998 = VECTOR('',#13999,1.);
#13999 = DIRECTION('',(1.,0.));
#14000 = ( GEOMETRIC_REPRESENTATION_CONTEXT(2) 
PARAMETRIC_REPRESENTATION_CONTEXT() REPRESENTATION_CONTEXT('2D SPACE',''
  ) );
#14001 = PCURVE('',#13882,#14002);
#14002 = DEFINITIONAL_REPRESENTATION('',(#14003),#14007);
#14003 = LINE('',#14004,#14005);
#14004 = CARTESIAN_POINT('',(0.,0.9));
#14005 = VECTOR('',#14006,1.);
#14006 = DIRECTION('',(1.,0.));
#14007 = ( GEOMETRIC_REPRESENTATION_CONTEXT(2) 
PARAMETRIC_REPRESENTATION_CONTEXT() REPRESENTATION_CONTEXT('2D SPACE',''
  ) );
#14008 = ORIENTED_EDGE('',*,*,#14009,.T.);
#14009 = EDGE_CURVE('',#13980,#14010,#14012,.T.);
#14010 = VERTEX_POINT('',#14011);
#14011 = CARTESIAN_POINT('',(4.895,-9.3,-5.E-03));
#14012 = SURFACE_CURVE('',#14013,(#14017,#14024),.PCURVE_S1.);
#14013 = LINE('',#14014,#14015);
#14014 = CARTESIAN_POINT('',(4.895,-9.6,-5.E-03));
#14015 = VECTOR('',#14016,1.);
#14016 = DIRECTION('',(0.,1.,0.));
#14017 = PCURVE('',#13990,#14018);
#14018 = DEFINITIONAL_REPRESENTATION('',(#14019),#14023);
#14019 = LINE('',#14020,#14021);
#14020 = CARTESIAN_POINT('',(0.,0.));
#14021 = VECTOR('',#14022,1.);
#14022 = DIRECTION('',(0.,-1.));
#14023 = ( GEOMETRIC_REPRESENTATION_CONTEXT(2) 
PARAMETRIC_REPRESENTATION_CONTEXT() REPRESENTATION_CONTEXT('2D SPACE',''
  ) );
#14024 = PCURVE('',#13910,#14025);
#14025 = DEFINITIONAL_REPRESENTATION('',(#14026),#14030);
#14026 = LINE('',#14027,#14028);
#14027 = CARTESIAN_POINT('',(0.9,0.));
#14028 = VECTOR('',#14029,1.);
#14029 = DIRECTION('',(0.,1.));
#14030 = ( GEOMETRIC_REPRESENTATION_CONTEXT(2) 
PARAMETRIC_REPRESENTATION_CONTEXT() REPRESENTATION_CONTEXT('2D SPACE',''
  ) );
#14031 = ORIENTED_EDGE('',*,*,#14032,.T.);
#14032 = EDGE_CURVE('',#14010,#14033,#14035,.T.);
#14033 = VERTEX_POINT('',#14034);
#14034 = CARTESIAN_POINT('',(4.895,-9.3,0.845));
#14035 = SURFACE_CURVE('',#14036,(#14040,#14047),.PCURVE_S1.);
#14036 = LINE('',#14037,#14038);
#14037 = CARTESIAN_POINT('',(4.895,-9.3,-5.E-03));
#14038 = VECTOR('',#14039,1.);
#14039 = DIRECTION('',(0.,0.,1.));
#14040 = PCURVE('',#13990,#14041);
#14041 = DEFINITIONAL_REPRESENTATION('',(#14042),#14046);
#14042 = LINE('',#14043,#14044);
#14043 = CARTESIAN_POINT('',(0.,-0.3));
#14044 = VECTOR('',#14045,1.);
#14045 = DIRECTION('',(1.,0.));
#14046 = ( GEOMETRIC_REPRESENTATION_CONTEXT(2) 
PARAMETRIC_REPRESENTATION_CONTEXT() REPRESENTATION_CONTEXT('2D SPACE',''
  ) );
#14047 = PCURVE('',#13938,#14048);
#14048 = DEFINITIONAL_REPRESENTATION('',(#14049),#14053);
#14049 = LINE('',#14050,#14051);
#14050 = CARTESIAN_POINT('',(0.,0.9));
#14051 = VECTOR('',#14052,1.);
#14052 = DIRECTION('',(1.,0.));
#14053 = ( GEOMETRIC_REPRESENTATION_CONTEXT(2) 
PARAMETRIC_REPRESENTATION_CONTEXT() REPRESENTATION_CONTEXT('2D SPACE',''
  ) );
#14054 = ORIENTED_EDGE('',*,*,#14055,.F.);
#14055 = EDGE_CURVE('',#13982,#14033,#14056,.T.);
#14056 = SURFACE_CURVE('',#14057,(#14061,#14068),.PCURVE_S1.);
#14057 = LINE('',#14058,#14059);
#14058 = CARTESIAN_POINT('',(4.895,-9.6,0.845));
#14059 = VECTOR('',#14060,1.);
#14060 = DIRECTION('',(0.,1.,0.));
#14061 = PCURVE('',#13990,#14062);
#14062 = DEFINITIONAL_REPRESENTATION('',(#14063),#14067);
#14063 = LINE('',#14064,#14065);
#14064 = CARTESIAN_POINT('',(0.85,0.));
#14065 = VECTOR('',#14066,1.);
#14066 = DIRECTION('',(0.,-1.));
#14067 = ( GEOMETRIC_REPRESENTATION_CONTEXT(2) 
PARAMETRIC_REPRESENTATION_CONTEXT() REPRESENTATION_CONTEXT('2D SPACE',''
  ) );
#14068 = PCURVE('',#13964,#14069);
#14069 = DEFINITIONAL_REPRESENTATION('',(#14070),#14074);
#14070 = LINE('',#14071,#14072);
#14071 = CARTESIAN_POINT('',(0.9,0.));
#14072 = VECTOR('',#14073,1.);
#14073 = DIRECTION('',(0.,1.));
#14074 = ( GEOMETRIC_REPRESENTATION_CONTEXT(2) 
PARAMETRIC_REPRESENTATION_CONTEXT() REPRESENTATION_CONTEXT('2D SPACE',''
  ) );
#14075 = ADVANCED_FACE('',(#14076),#13882,.F.);
#14076 = FACE_BOUND('',#14077,.F.);
#14077 = EDGE_LOOP('',(#14078,#14099,#14100,#14121));
#14078 = ORIENTED_EDGE('',*,*,#14079,.F.);
#14079 = EDGE_CURVE('',#13860,#13980,#14080,.T.);
#14080 = SURFACE_CURVE('',#14081,(#14085,#14092),.PCURVE_S1.);
#14081 = LINE('',#14082,#14083);
#14082 = CARTESIAN_POINT('',(3.995,-9.6,-5.E-03));
#14083 = VECTOR('',#14084,1.);
#14084 = DIRECTION('',(1.,0.,0.));
#14085 = PCURVE('',#13882,#14086);
#14086 = DEFINITIONAL_REPRESENTATION('',(#14087),#14091);
#14087 = LINE('',#14088,#14089);
#14088 = CARTESIAN_POINT('',(0.,0.));
#14089 = VECTOR('',#14090,1.);
#14090 = DIRECTION('',(0.,1.));
#14091 = ( GEOMETRIC_REPRESENTATION_CONTEXT(2) 
PARAMETRIC_REPRESENTATION_CONTEXT() REPRESENTATION_CONTEXT('2D SPACE',''
  ) );
#14092 = PCURVE('',#13910,#14093);
#14093 = DEFINITIONAL_REPRESENTATION('',(#14094),#14098);
#14094 = LINE('',#14095,#14096);
#14095 = CARTESIAN_POINT('',(0.,0.));
#14096 = VECTOR('',#14097,1.);
#14097 = DIRECTION('',(1.,0.));
#14098 = ( GEOMETRIC_REPRESENTATION_CONTEXT(2) 
PARAMETRIC_REPRESENTATION_CONTEXT() REPRESENTATION_CONTEXT('2D SPACE',''
  ) );
#14099 = ORIENTED_EDGE('',*,*,#13859,.T.);
#14100 = ORIENTED_EDGE('',*,*,#14101,.T.);
#14101 = EDGE_CURVE('',#13862,#13982,#14102,.T.);
#14102 = SURFACE_CURVE('',#14103,(#14107,#14114),.PCURVE_S1.);
#14103 = LINE('',#14104,#14105);
#14104 = CARTESIAN_POINT('',(3.995,-9.6,0.845));
#14105 = VECTOR('',#14106,1.);
#14106 = DIRECTION('',(1.,0.,0.));
#14107 = PCURVE('',#13882,#14108);
#14108 = DEFINITIONAL_REPRESENTATION('',(#14109),#14113);
#14109 = LINE('',#14110,#14111);
#14110 = CARTESIAN_POINT('',(0.85,0.));
#14111 = VECTOR('',#14112,1.);
#14112 = DIRECTION('',(0.,1.));
#14113 = ( GEOMETRIC_REPRESENTATION_CONTEXT(2) 
PARAMETRIC_REPRESENTATION_CONTEXT() REPRESENTATION_CONTEXT('2D SPACE',''
  ) );
#14114 = PCURVE('',#13964,#14115);
#14115 = DEFINITIONAL_REPRESENTATION('',(#14116),#14120);
#14116 = LINE('',#14117,#14118);
#14117 = CARTESIAN_POINT('',(0.,0.));
#14118 = VECTOR('',#14119,1.);
#14119 = DIRECTION('',(1.,0.));
#14120 = ( GEOMETRIC_REPRESENTATION_CONTEXT(2) 
PARAMETRIC_REPRESENTATION_CONTEXT() REPRESENTATION_CONTEXT('2D SPACE',''
  ) );
#14121 = ORIENTED_EDGE('',*,*,#13979,.F.);
#14122 = ADVANCED_FACE('',(#14123),#13938,.T.);
#14123 = FACE_BOUND('',#14124,.T.);
#14124 = EDGE_LOOP('',(#14125,#14146,#14147,#14168));
#14125 = ORIENTED_EDGE('',*,*,#14126,.F.);
#14126 = EDGE_CURVE('',#13895,#14010,#14127,.T.);
#14127 = SURFACE_CURVE('',#14128,(#14132,#14139),.PCURVE_S1.);
#14128 = LINE('',#14129,#14130);
#14129 = CARTESIAN_POINT('',(3.995,-9.3,-5.E-03));
#14130 = VECTOR('',#14131,1.);
#14131 = DIRECTION('',(1.,0.,0.));
#14132 = PCURVE('',#13938,#14133);
#14133 = DEFINITIONAL_REPRESENTATION('',(#14134),#14138);
#14134 = LINE('',#14135,#14136);
#14135 = CARTESIAN_POINT('',(0.,0.));
#14136 = VECTOR('',#14137,1.);
#14137 = DIRECTION('',(0.,1.));
#14138 = ( GEOMETRIC_REPRESENTATION_CONTEXT(2) 
PARAMETRIC_REPRESENTATION_CONTEXT() REPRESENTATION_CONTEXT('2D SPACE',''
  ) );
#14139 = PCURVE('',#13910,#14140);
#14140 = DEFINITIONAL_REPRESENTATION('',(#14141),#14145);
#14141 = LINE('',#14142,#14143);
#14142 = CARTESIAN_POINT('',(0.,0.3));
#14143 = VECTOR('',#14144,1.);
#14144 = DIRECTION('',(1.,0.));
#14145 = ( GEOMETRIC_REPRESENTATION_CONTEXT(2) 
PARAMETRIC_REPRESENTATION_CONTEXT() REPRESENTATION_CONTEXT('2D SPACE',''
  ) );
#14146 = ORIENTED_EDGE('',*,*,#13922,.T.);
#14147 = ORIENTED_EDGE('',*,*,#14148,.T.);
#14148 = EDGE_CURVE('',#13923,#14033,#14149,.T.);
#14149 = SURFACE_CURVE('',#14150,(#14154,#14161),.PCURVE_S1.);
#14150 = LINE('',#14151,#14152);
#14151 = CARTESIAN_POINT('',(3.995,-9.3,0.845));
#14152 = VECTOR('',#14153,1.);
#14153 = DIRECTION('',(1.,0.,0.));
#14154 = PCURVE('',#13938,#14155);
#14155 = DEFINITIONAL_REPRESENTATION('',(#14156),#14160);
#14156 = LINE('',#14157,#14158);
#14157 = CARTESIAN_POINT('',(0.85,0.));
#14158 = VECTOR('',#14159,1.);
#14159 = DIRECTION('',(0.,1.));
#14160 = ( GEOMETRIC_REPRESENTATION_CONTEXT(2) 
PARAMETRIC_REPRESENTATION_CONTEXT() REPRESENTATION_CONTEXT('2D SPACE',''
  ) );
#14161 = PCURVE('',#13964,#14162);
#14162 = DEFINITIONAL_REPRESENTATION('',(#14163),#14167);
#14163 = LINE('',#14164,#14165);
#14164 = CARTESIAN_POINT('',(0.,0.3));
#14165 = VECTOR('',#14166,1.);
#14166 = DIRECTION('',(1.,0.));
#14167 = ( GEOMETRIC_REPRESENTATION_CONTEXT(2) 
PARAMETRIC_REPRESENTATION_CONTEXT() REPRESENTATION_CONTEXT('2D SPACE',''
  ) );
#14168 = ORIENTED_EDGE('',*,*,#14032,.F.);
#14169 = ADVANCED_FACE('',(#14170),#13910,.F.);
#14170 = FACE_BOUND('',#14171,.F.);
#14171 = EDGE_LOOP('',(#14172,#14173,#14174,#14175));
#14172 = ORIENTED_EDGE('',*,*,#13894,.F.);
#14173 = ORIENTED_EDGE('',*,*,#14079,.T.);
#14174 = ORIENTED_EDGE('',*,*,#14009,.T.);
#14175 = ORIENTED_EDGE('',*,*,#14126,.F.);
#14176 = ADVANCED_FACE('',(#14177),#13964,.T.);
#14177 = FACE_BOUND('',#14178,.T.);
#14178 = EDGE_LOOP('',(#14179,#14180,#14181,#14182));
#14179 = ORIENTED_EDGE('',*,*,#13950,.F.);
#14180 = ORIENTED_EDGE('',*,*,#14101,.T.);
#14181 = ORIENTED_EDGE('',*,*,#14055,.T.);
#14182 = ORIENTED_EDGE('',*,*,#14148,.F.);
#14183 = MANIFOLD_SOLID_BREP('',#14184);
#14184 = CLOSED_SHELL('',(#14185,#14305,#14405,#14452,#14499,#14506));
#14185 = ADVANCED_FACE('',(#14186),#14200,.F.);
#14186 = FACE_BOUND('',#14187,.F.);
#14187 = EDGE_LOOP('',(#14188,#14223,#14251,#14279));
#14188 = ORIENTED_EDGE('',*,*,#14189,.F.);
#14189 = EDGE_CURVE('',#14190,#14192,#14194,.T.);
#14190 = VERTEX_POINT('',#14191);
#14191 = CARTESIAN_POINT('',(5.265,-9.6,-5.E-03));
#14192 = VERTEX_POINT('',#14193);
#14193 = CARTESIAN_POINT('',(5.265,-9.6,0.845));
#14194 = SURFACE_CURVE('',#14195,(#14199,#14211),.PCURVE_S1.);
#14195 = LINE('',#14196,#14197);
#14196 = CARTESIAN_POINT('',(5.265,-9.6,-5.E-03));
#14197 = VECTOR('',#14198,1.);
#14198 = DIRECTION('',(0.,0.,1.));
#14199 = PCURVE('',#14200,#14205);
#14200 = PLANE('',#14201);
#14201 = AXIS2_PLACEMENT_3D('',#14202,#14203,#14204);
#14202 = CARTESIAN_POINT('',(5.265,-9.6,-5.E-03));
#14203 = DIRECTION('',(1.,0.,0.));
#14204 = DIRECTION('',(0.,0.,1.));
#14205 = DEFINITIONAL_REPRESENTATION('',(#14206),#14210);
#14206 = LINE('',#14207,#14208);
#14207 = CARTESIAN_POINT('',(0.,0.));
#14208 = VECTOR('',#14209,1.);
#14209 = DIRECTION('',(1.,0.));
#14210 = ( GEOMETRIC_REPRESENTATION_CONTEXT(2) 
PARAMETRIC_REPRESENTATION_CONTEXT() REPRESENTATION_CONTEXT('2D SPACE',''
  ) );
#14211 = PCURVE('',#14212,#14217);
#14212 = PLANE('',#14213);
#14213 = AXIS2_PLACEMENT_3D('',#14214,#14215,#14216);
#14214 = CARTESIAN_POINT('',(5.265,-9.6,-5.E-03));
#14215 = DIRECTION('',(0.,1.,0.));
#14216 = DIRECTION('',(0.,0.,1.));
#14217 = DEFINITIONAL_REPRESENTATION('',(#14218),#14222);
#14218 = LINE('',#14219,#14220);
#14219 = CARTESIAN_POINT('',(0.,0.));
#14220 = VECTOR('',#14221,1.);
#14221 = DIRECTION('',(1.,0.));
#14222 = ( GEOMETRIC_REPRESENTATION_CONTEXT(2) 
PARAMETRIC_REPRESENTATION_CONTEXT() REPRESENTATION_CONTEXT('2D SPACE',''
  ) );
#14223 = ORIENTED_EDGE('',*,*,#14224,.T.);
#14224 = EDGE_CURVE('',#14190,#14225,#14227,.T.);
#14225 = VERTEX_POINT('',#14226);
#14226 = CARTESIAN_POINT('',(5.265,-9.3,-5.E-03));
#14227 = SURFACE_CURVE('',#14228,(#14232,#14239),.PCURVE_S1.);
#14228 = LINE('',#14229,#14230);
#14229 = CARTESIAN_POINT('',(5.265,-9.6,-5.E-03));
#14230 = VECTOR('',#14231,1.);
#14231 = DIRECTION('',(0.,1.,0.));
#14232 = PCURVE('',#14200,#14233);
#14233 = DEFINITIONAL_REPRESENTATION('',(#14234),#14238);
#14234 = LINE('',#14235,#14236);
#14235 = CARTESIAN_POINT('',(0.,0.));
#14236 = VECTOR('',#14237,1.);
#14237 = DIRECTION('',(0.,-1.));
#14238 = ( GEOMETRIC_REPRESENTATION_CONTEXT(2) 
PARAMETRIC_REPRESENTATION_CONTEXT() REPRESENTATION_CONTEXT('2D SPACE',''
  ) );
#14239 = PCURVE('',#14240,#14245);
#14240 = PLANE('',#14241);
#14241 = AXIS2_PLACEMENT_3D('',#14242,#14243,#14244);
#14242 = CARTESIAN_POINT('',(5.265,-9.6,-5.E-03));
#14243 = DIRECTION('',(0.,0.,1.));
#14244 = DIRECTION('',(1.,0.,0.));
#14245 = DEFINITIONAL_REPRESENTATION('',(#14246),#14250);
#14246 = LINE('',#14247,#14248);
#14247 = CARTESIAN_POINT('',(0.,0.));
#14248 = VECTOR('',#14249,1.);
#14249 = DIRECTION('',(0.,1.));
#14250 = ( GEOMETRIC_REPRESENTATION_CONTEXT(2) 
PARAMETRIC_REPRESENTATION_CONTEXT() REPRESENTATION_CONTEXT('2D SPACE',''
  ) );
#14251 = ORIENTED_EDGE('',*,*,#14252,.T.);
#14252 = EDGE_CURVE('',#14225,#14253,#14255,.T.);
#14253 = VERTEX_POINT('',#14254);
#14254 = CARTESIAN_POINT('',(5.265,-9.3,0.845));
#14255 = SURFACE_CURVE('',#14256,(#14260,#14267),.PCURVE_S1.);
#14256 = LINE('',#14257,#14258);
#14257 = CARTESIAN_POINT('',(5.265,-9.3,-5.E-03));
#14258 = VECTOR('',#14259,1.);
#14259 = DIRECTION('',(0.,0.,1.));
#14260 = PCURVE('',#14200,#14261);
#14261 = DEFINITIONAL_REPRESENTATION('',(#14262),#14266);
#14262 = LINE('',#14263,#14264);
#14263 = CARTESIAN_POINT('',(0.,-0.3));
#14264 = VECTOR('',#14265,1.);
#14265 = DIRECTION('',(1.,0.));
#14266 = ( GEOMETRIC_REPRESENTATION_CONTEXT(2) 
PARAMETRIC_REPRESENTATION_CONTEXT() REPRESENTATION_CONTEXT('2D SPACE',''
  ) );
#14267 = PCURVE('',#14268,#14273);
#14268 = PLANE('',#14269);
#14269 = AXIS2_PLACEMENT_3D('',#14270,#14271,#14272);
#14270 = CARTESIAN_POINT('',(5.265,-9.3,-5.E-03));
#14271 = DIRECTION('',(0.,1.,0.));
#14272 = DIRECTION('',(0.,0.,1.));
#14273 = DEFINITIONAL_REPRESENTATION('',(#14274),#14278);
#14274 = LINE('',#14275,#14276);
#14275 = CARTESIAN_POINT('',(0.,0.));
#14276 = VECTOR('',#14277,1.);
#14277 = DIRECTION('',(1.,0.));
#14278 = ( GEOMETRIC_REPRESENTATION_CONTEXT(2) 
PARAMETRIC_REPRESENTATION_CONTEXT() REPRESENTATION_CONTEXT('2D SPACE',''
  ) );
#14279 = ORIENTED_EDGE('',*,*,#14280,.F.);
#14280 = EDGE_CURVE('',#14192,#14253,#14281,.T.);
#14281 = SURFACE_CURVE('',#14282,(#14286,#14293),.PCURVE_S1.);
#14282 = LINE('',#14283,#14284);
#14283 = CARTESIAN_POINT('',(5.265,-9.6,0.845));
#14284 = VECTOR('',#14285,1.);
#14285 = DIRECTION('',(0.,1.,0.));
#14286 = PCURVE('',#14200,#14287);
#14287 = DEFINITIONAL_REPRESENTATION('',(#14288),#14292);
#14288 = LINE('',#14289,#14290);
#14289 = CARTESIAN_POINT('',(0.85,0.));
#14290 = VECTOR('',#14291,1.);
#14291 = DIRECTION('',(0.,-1.));
#14292 = ( GEOMETRIC_REPRESENTATION_CONTEXT(2) 
PARAMETRIC_REPRESENTATION_CONTEXT() REPRESENTATION_CONTEXT('2D SPACE',''
  ) );
#14293 = PCURVE('',#14294,#14299);
#14294 = PLANE('',#14295);
#14295 = AXIS2_PLACEMENT_3D('',#14296,#14297,#14298);
#14296 = CARTESIAN_POINT('',(5.265,-9.6,0.845));
#14297 = DIRECTION('',(0.,0.,1.));
#14298 = DIRECTION('',(1.,0.,0.));
#14299 = DEFINITIONAL_REPRESENTATION('',(#14300),#14304);
#14300 = LINE('',#14301,#14302);
#14301 = CARTESIAN_POINT('',(0.,0.));
#14302 = VECTOR('',#14303,1.);
#14303 = DIRECTION('',(0.,1.));
#14304 = ( GEOMETRIC_REPRESENTATION_CONTEXT(2) 
PARAMETRIC_REPRESENTATION_CONTEXT() REPRESENTATION_CONTEXT('2D SPACE',''
  ) );
#14305 = ADVANCED_FACE('',(#14306),#14320,.T.);
#14306 = FACE_BOUND('',#14307,.T.);
#14307 = EDGE_LOOP('',(#14308,#14338,#14361,#14384));
#14308 = ORIENTED_EDGE('',*,*,#14309,.F.);
#14309 = EDGE_CURVE('',#14310,#14312,#14314,.T.);
#14310 = VERTEX_POINT('',#14311);
#14311 = CARTESIAN_POINT('',(6.165,-9.6,-5.E-03));
#14312 = VERTEX_POINT('',#14313);
#14313 = CARTESIAN_POINT('',(6.165,-9.6,0.845));
#14314 = SURFACE_CURVE('',#14315,(#14319,#14331),.PCURVE_S1.);
#14315 = LINE('',#14316,#14317);
#14316 = CARTESIAN_POINT('',(6.165,-9.6,-5.E-03));
#14317 = VECTOR('',#14318,1.);
#14318 = DIRECTION('',(0.,0.,1.));
#14319 = PCURVE('',#14320,#14325);
#14320 = PLANE('',#14321);
#14321 = AXIS2_PLACEMENT_3D('',#14322,#14323,#14324);
#14322 = CARTESIAN_POINT('',(6.165,-9.6,-5.E-03));
#14323 = DIRECTION('',(1.,0.,0.));
#14324 = DIRECTION('',(0.,0.,1.));
#14325 = DEFINITIONAL_REPRESENTATION('',(#14326),#14330);
#14326 = LINE('',#14327,#14328);
#14327 = CARTESIAN_POINT('',(0.,0.));
#14328 = VECTOR('',#14329,1.);
#14329 = DIRECTION('',(1.,0.));
#14330 = ( GEOMETRIC_REPRESENTATION_CONTEXT(2) 
PARAMETRIC_REPRESENTATION_CONTEXT() REPRESENTATION_CONTEXT('2D SPACE',''
  ) );
#14331 = PCURVE('',#14212,#14332);
#14332 = DEFINITIONAL_REPRESENTATION('',(#14333),#14337);
#14333 = LINE('',#14334,#14335);
#14334 = CARTESIAN_POINT('',(0.,0.9));
#14335 = VECTOR('',#14336,1.);
#14336 = DIRECTION('',(1.,0.));
#14337 = ( GEOMETRIC_REPRESENTATION_CONTEXT(2) 
PARAMETRIC_REPRESENTATION_CONTEXT() REPRESENTATION_CONTEXT('2D SPACE',''
  ) );
#14338 = ORIENTED_EDGE('',*,*,#14339,.T.);
#14339 = EDGE_CURVE('',#14310,#14340,#14342,.T.);
#14340 = VERTEX_POINT('',#14341);
#14341 = CARTESIAN_POINT('',(6.165,-9.3,-5.E-03));
#14342 = SURFACE_CURVE('',#14343,(#14347,#14354),.PCURVE_S1.);
#14343 = LINE('',#14344,#14345);
#14344 = CARTESIAN_POINT('',(6.165,-9.6,-5.E-03));
#14345 = VECTOR('',#14346,1.);
#14346 = DIRECTION('',(0.,1.,0.));
#14347 = PCURVE('',#14320,#14348);
#14348 = DEFINITIONAL_REPRESENTATION('',(#14349),#14353);
#14349 = LINE('',#14350,#14351);
#14350 = CARTESIAN_POINT('',(0.,0.));
#14351 = VECTOR('',#14352,1.);
#14352 = DIRECTION('',(0.,-1.));
#14353 = ( GEOMETRIC_REPRESENTATION_CONTEXT(2) 
PARAMETRIC_REPRESENTATION_CONTEXT() REPRESENTATION_CONTEXT('2D SPACE',''
  ) );
#14354 = PCURVE('',#14240,#14355);
#14355 = DEFINITIONAL_REPRESENTATION('',(#14356),#14360);
#14356 = LINE('',#14357,#14358);
#14357 = CARTESIAN_POINT('',(0.9,0.));
#14358 = VECTOR('',#14359,1.);
#14359 = DIRECTION('',(0.,1.));
#14360 = ( GEOMETRIC_REPRESENTATION_CONTEXT(2) 
PARAMETRIC_REPRESENTATION_CONTEXT() REPRESENTATION_CONTEXT('2D SPACE',''
  ) );
#14361 = ORIENTED_EDGE('',*,*,#14362,.T.);
#14362 = EDGE_CURVE('',#14340,#14363,#14365,.T.);
#14363 = VERTEX_POINT('',#14364);
#14364 = CARTESIAN_POINT('',(6.165,-9.3,0.845));
#14365 = SURFACE_CURVE('',#14366,(#14370,#14377),.PCURVE_S1.);
#14366 = LINE('',#14367,#14368);
#14367 = CARTESIAN_POINT('',(6.165,-9.3,-5.E-03));
#14368 = VECTOR('',#14369,1.);
#14369 = DIRECTION('',(0.,0.,1.));
#14370 = PCURVE('',#14320,#14371);
#14371 = DEFINITIONAL_REPRESENTATION('',(#14372),#14376);
#14372 = LINE('',#14373,#14374);
#14373 = CARTESIAN_POINT('',(0.,-0.3));
#14374 = VECTOR('',#14375,1.);
#14375 = DIRECTION('',(1.,0.));
#14376 = ( GEOMETRIC_REPRESENTATION_CONTEXT(2) 
PARAMETRIC_REPRESENTATION_CONTEXT() REPRESENTATION_CONTEXT('2D SPACE',''
  ) );
#14377 = PCURVE('',#14268,#14378);
#14378 = DEFINITIONAL_REPRESENTATION('',(#14379),#14383);
#14379 = LINE('',#14380,#14381);
#14380 = CARTESIAN_POINT('',(0.,0.9));
#14381 = VECTOR('',#14382,1.);
#14382 = DIRECTION('',(1.,0.));
#14383 = ( GEOMETRIC_REPRESENTATION_CONTEXT(2) 
PARAMETRIC_REPRESENTATION_CONTEXT() REPRESENTATION_CONTEXT('2D SPACE',''
  ) );
#14384 = ORIENTED_EDGE('',*,*,#14385,.F.);
#14385 = EDGE_CURVE('',#14312,#14363,#14386,.T.);
#14386 = SURFACE_CURVE('',#14387,(#14391,#14398),.PCURVE_S1.);
#14387 = LINE('',#14388,#14389);
#14388 = CARTESIAN_POINT('',(6.165,-9.6,0.845));
#14389 = VECTOR('',#14390,1.);
#14390 = DIRECTION('',(0.,1.,0.));
#14391 = PCURVE('',#14320,#14392);
#14392 = DEFINITIONAL_REPRESENTATION('',(#14393),#14397);
#14393 = LINE('',#14394,#14395);
#14394 = CARTESIAN_POINT('',(0.85,0.));
#14395 = VECTOR('',#14396,1.);
#14396 = DIRECTION('',(0.,-1.));
#14397 = ( GEOMETRIC_REPRESENTATION_CONTEXT(2) 
PARAMETRIC_REPRESENTATION_CONTEXT() REPRESENTATION_CONTEXT('2D SPACE',''
  ) );
#14398 = PCURVE('',#14294,#14399);
#14399 = DEFINITIONAL_REPRESENTATION('',(#14400),#14404);
#14400 = LINE('',#14401,#14402);
#14401 = CARTESIAN_POINT('',(0.9,0.));
#14402 = VECTOR('',#14403,1.);
#14403 = DIRECTION('',(0.,1.));
#14404 = ( GEOMETRIC_REPRESENTATION_CONTEXT(2) 
PARAMETRIC_REPRESENTATION_CONTEXT() REPRESENTATION_CONTEXT('2D SPACE',''
  ) );
#14405 = ADVANCED_FACE('',(#14406),#14212,.F.);
#14406 = FACE_BOUND('',#14407,.F.);
#14407 = EDGE_LOOP('',(#14408,#14429,#14430,#14451));
#14408 = ORIENTED_EDGE('',*,*,#14409,.F.);
#14409 = EDGE_CURVE('',#14190,#14310,#14410,.T.);
#14410 = SURFACE_CURVE('',#14411,(#14415,#14422),.PCURVE_S1.);
#14411 = LINE('',#14412,#14413);
#14412 = CARTESIAN_POINT('',(5.265,-9.6,-5.E-03));
#14413 = VECTOR('',#14414,1.);
#14414 = DIRECTION('',(1.,0.,0.));
#14415 = PCURVE('',#14212,#14416);
#14416 = DEFINITIONAL_REPRESENTATION('',(#14417),#14421);
#14417 = LINE('',#14418,#14419);
#14418 = CARTESIAN_POINT('',(0.,0.));
#14419 = VECTOR('',#14420,1.);
#14420 = DIRECTION('',(0.,1.));
#14421 = ( GEOMETRIC_REPRESENTATION_CONTEXT(2) 
PARAMETRIC_REPRESENTATION_CONTEXT() REPRESENTATION_CONTEXT('2D SPACE',''
  ) );
#14422 = PCURVE('',#14240,#14423);
#14423 = DEFINITIONAL_REPRESENTATION('',(#14424),#14428);
#14424 = LINE('',#14425,#14426);
#14425 = CARTESIAN_POINT('',(0.,0.));
#14426 = VECTOR('',#14427,1.);
#14427 = DIRECTION('',(1.,0.));
#14428 = ( GEOMETRIC_REPRESENTATION_CONTEXT(2) 
PARAMETRIC_REPRESENTATION_CONTEXT() REPRESENTATION_CONTEXT('2D SPACE',''
  ) );
#14429 = ORIENTED_EDGE('',*,*,#14189,.T.);
#14430 = ORIENTED_EDGE('',*,*,#14431,.T.);
#14431 = EDGE_CURVE('',#14192,#14312,#14432,.T.);
#14432 = SURFACE_CURVE('',#14433,(#14437,#14444),.PCURVE_S1.);
#14433 = LINE('',#14434,#14435);
#14434 = CARTESIAN_POINT('',(5.265,-9.6,0.845));
#14435 = VECTOR('',#14436,1.);
#14436 = DIRECTION('',(1.,0.,0.));
#14437 = PCURVE('',#14212,#14438);
#14438 = DEFINITIONAL_REPRESENTATION('',(#14439),#14443);
#14439 = LINE('',#14440,#14441);
#14440 = CARTESIAN_POINT('',(0.85,0.));
#14441 = VECTOR('',#14442,1.);
#14442 = DIRECTION('',(0.,1.));
#14443 = ( GEOMETRIC_REPRESENTATION_CONTEXT(2) 
PARAMETRIC_REPRESENTATION_CONTEXT() REPRESENTATION_CONTEXT('2D SPACE',''
  ) );
#14444 = PCURVE('',#14294,#14445);
#14445 = DEFINITIONAL_REPRESENTATION('',(#14446),#14450);
#14446 = LINE('',#14447,#14448);
#14447 = CARTESIAN_POINT('',(0.,0.));
#14448 = VECTOR('',#14449,1.);
#14449 = DIRECTION('',(1.,0.));
#14450 = ( GEOMETRIC_REPRESENTATION_CONTEXT(2) 
PARAMETRIC_REPRESENTATION_CONTEXT() REPRESENTATION_CONTEXT('2D SPACE',''
  ) );
#14451 = ORIENTED_EDGE('',*,*,#14309,.F.);
#14452 = ADVANCED_FACE('',(#14453),#14268,.T.);
#14453 = FACE_BOUND('',#14454,.T.);
#14454 = EDGE_LOOP('',(#14455,#14476,#14477,#14498));
#14455 = ORIENTED_EDGE('',*,*,#14456,.F.);
#14456 = EDGE_CURVE('',#14225,#14340,#14457,.T.);
#14457 = SURFACE_CURVE('',#14458,(#14462,#14469),.PCURVE_S1.);
#14458 = LINE('',#14459,#14460);
#14459 = CARTESIAN_POINT('',(5.265,-9.3,-5.E-03));
#14460 = VECTOR('',#14461,1.);
#14461 = DIRECTION('',(1.,0.,0.));
#14462 = PCURVE('',#14268,#14463);
#14463 = DEFINITIONAL_REPRESENTATION('',(#14464),#14468);
#14464 = LINE('',#14465,#14466);
#14465 = CARTESIAN_POINT('',(0.,0.));
#14466 = VECTOR('',#14467,1.);
#14467 = DIRECTION('',(0.,1.));
#14468 = ( GEOMETRIC_REPRESENTATION_CONTEXT(2) 
PARAMETRIC_REPRESENTATION_CONTEXT() REPRESENTATION_CONTEXT('2D SPACE',''
  ) );
#14469 = PCURVE('',#14240,#14470);
#14470 = DEFINITIONAL_REPRESENTATION('',(#14471),#14475);
#14471 = LINE('',#14472,#14473);
#14472 = CARTESIAN_POINT('',(0.,0.3));
#14473 = VECTOR('',#14474,1.);
#14474 = DIRECTION('',(1.,0.));
#14475 = ( GEOMETRIC_REPRESENTATION_CONTEXT(2) 
PARAMETRIC_REPRESENTATION_CONTEXT() REPRESENTATION_CONTEXT('2D SPACE',''
  ) );
#14476 = ORIENTED_EDGE('',*,*,#14252,.T.);
#14477 = ORIENTED_EDGE('',*,*,#14478,.T.);
#14478 = EDGE_CURVE('',#14253,#14363,#14479,.T.);
#14479 = SURFACE_CURVE('',#14480,(#14484,#14491),.PCURVE_S1.);
#14480 = LINE('',#14481,#14482);
#14481 = CARTESIAN_POINT('',(5.265,-9.3,0.845));
#14482 = VECTOR('',#14483,1.);
#14483 = DIRECTION('',(1.,0.,0.));
#14484 = PCURVE('',#14268,#14485);
#14485 = DEFINITIONAL_REPRESENTATION('',(#14486),#14490);
#14486 = LINE('',#14487,#14488);
#14487 = CARTESIAN_POINT('',(0.85,0.));
#14488 = VECTOR('',#14489,1.);
#14489 = DIRECTION('',(0.,1.));
#14490 = ( GEOMETRIC_REPRESENTATION_CONTEXT(2) 
PARAMETRIC_REPRESENTATION_CONTEXT() REPRESENTATION_CONTEXT('2D SPACE',''
  ) );
#14491 = PCURVE('',#14294,#14492);
#14492 = DEFINITIONAL_REPRESENTATION('',(#14493),#14497);
#14493 = LINE('',#14494,#14495);
#14494 = CARTESIAN_POINT('',(0.,0.3));
#14495 = VECTOR('',#14496,1.);
#14496 = DIRECTION('',(1.,0.));
#14497 = ( GEOMETRIC_REPRESENTATION_CONTEXT(2) 
PARAMETRIC_REPRESENTATION_CONTEXT() REPRESENTATION_CONTEXT('2D SPACE',''
  ) );
#14498 = ORIENTED_EDGE('',*,*,#14362,.F.);
#14499 = ADVANCED_FACE('',(#14500),#14240,.F.);
#14500 = FACE_BOUND('',#14501,.F.);
#14501 = EDGE_LOOP('',(#14502,#14503,#14504,#14505));
#14502 = ORIENTED_EDGE('',*,*,#14224,.F.);
#14503 = ORIENTED_EDGE('',*,*,#14409,.T.);
#14504 = ORIENTED_EDGE('',*,*,#14339,.T.);
#14505 = ORIENTED_EDGE('',*,*,#14456,.F.);
#14506 = ADVANCED_FACE('',(#14507),#14294,.T.);
#14507 = FACE_BOUND('',#14508,.T.);
#14508 = EDGE_LOOP('',(#14509,#14510,#14511,#14512));
#14509 = ORIENTED_EDGE('',*,*,#14280,.F.);
#14510 = ORIENTED_EDGE('',*,*,#14431,.T.);
#14511 = ORIENTED_EDGE('',*,*,#14385,.T.);
#14512 = ORIENTED_EDGE('',*,*,#14478,.F.);
#14513 = MANIFOLD_SOLID_BREP('',#14514);
#14514 = CLOSED_SHELL('',(#14515,#14635,#14735,#14782,#14829,#14836));
#14515 = ADVANCED_FACE('',(#14516),#14530,.F.);
#14516 = FACE_BOUND('',#14517,.F.);
#14517 = EDGE_LOOP('',(#14518,#14553,#14581,#14609));
#14518 = ORIENTED_EDGE('',*,*,#14519,.F.);
#14519 = EDGE_CURVE('',#14520,#14522,#14524,.T.);
#14520 = VERTEX_POINT('',#14521);
#14521 = CARTESIAN_POINT('',(6.535,-9.6,-5.E-03));
#14522 = VERTEX_POINT('',#14523);
#14523 = CARTESIAN_POINT('',(6.535,-9.6,0.845));
#14524 = SURFACE_CURVE('',#14525,(#14529,#14541),.PCURVE_S1.);
#14525 = LINE('',#14526,#14527);
#14526 = CARTESIAN_POINT('',(6.535,-9.6,-5.E-03));
#14527 = VECTOR('',#14528,1.);
#14528 = DIRECTION('',(0.,0.,1.));
#14529 = PCURVE('',#14530,#14535);
#14530 = PLANE('',#14531);
#14531 = AXIS2_PLACEMENT_3D('',#14532,#14533,#14534);
#14532 = CARTESIAN_POINT('',(6.535,-9.6,-5.E-03));
#14533 = DIRECTION('',(1.,0.,0.));
#14534 = DIRECTION('',(0.,0.,1.));
#14535 = DEFINITIONAL_REPRESENTATION('',(#14536),#14540);
#14536 = LINE('',#14537,#14538);
#14537 = CARTESIAN_POINT('',(0.,0.));
#14538 = VECTOR('',#14539,1.);
#14539 = DIRECTION('',(1.,0.));
#14540 = ( GEOMETRIC_REPRESENTATION_CONTEXT(2) 
PARAMETRIC_REPRESENTATION_CONTEXT() REPRESENTATION_CONTEXT('2D SPACE',''
  ) );
#14541 = PCURVE('',#14542,#14547);
#14542 = PLANE('',#14543);
#14543 = AXIS2_PLACEMENT_3D('',#14544,#14545,#14546);
#14544 = CARTESIAN_POINT('',(6.535,-9.6,-5.E-03));
#14545 = DIRECTION('',(0.,1.,0.));
#14546 = DIRECTION('',(0.,0.,1.));
#14547 = DEFINITIONAL_REPRESENTATION('',(#14548),#14552);
#14548 = LINE('',#14549,#14550);
#14549 = CARTESIAN_POINT('',(0.,0.));
#14550 = VECTOR('',#14551,1.);
#14551 = DIRECTION('',(1.,0.));
#14552 = ( GEOMETRIC_REPRESENTATION_CONTEXT(2) 
PARAMETRIC_REPRESENTATION_CONTEXT() REPRESENTATION_CONTEXT('2D SPACE',''
  ) );
#14553 = ORIENTED_EDGE('',*,*,#14554,.T.);
#14554 = EDGE_CURVE('',#14520,#14555,#14557,.T.);
#14555 = VERTEX_POINT('',#14556);
#14556 = CARTESIAN_POINT('',(6.535,-9.3,-5.E-03));
#14557 = SURFACE_CURVE('',#14558,(#14562,#14569),.PCURVE_S1.);
#14558 = LINE('',#14559,#14560);
#14559 = CARTESIAN_POINT('',(6.535,-9.6,-5.E-03));
#14560 = VECTOR('',#14561,1.);
#14561 = DIRECTION('',(0.,1.,0.));
#14562 = PCURVE('',#14530,#14563);
#14563 = DEFINITIONAL_REPRESENTATION('',(#14564),#14568);
#14564 = LINE('',#14565,#14566);
#14565 = CARTESIAN_POINT('',(0.,0.));
#14566 = VECTOR('',#14567,1.);
#14567 = DIRECTION('',(0.,-1.));
#14568 = ( GEOMETRIC_REPRESENTATION_CONTEXT(2) 
PARAMETRIC_REPRESENTATION_CONTEXT() REPRESENTATION_CONTEXT('2D SPACE',''
  ) );
#14569 = PCURVE('',#14570,#14575);
#14570 = PLANE('',#14571);
#14571 = AXIS2_PLACEMENT_3D('',#14572,#14573,#14574);
#14572 = CARTESIAN_POINT('',(6.535,-9.6,-5.E-03));
#14573 = DIRECTION('',(0.,0.,1.));
#14574 = DIRECTION('',(1.,0.,0.));
#14575 = DEFINITIONAL_REPRESENTATION('',(#14576),#14580);
#14576 = LINE('',#14577,#14578);
#14577 = CARTESIAN_POINT('',(0.,0.));
#14578 = VECTOR('',#14579,1.);
#14579 = DIRECTION('',(0.,1.));
#14580 = ( GEOMETRIC_REPRESENTATION_CONTEXT(2) 
PARAMETRIC_REPRESENTATION_CONTEXT() REPRESENTATION_CONTEXT('2D SPACE',''
  ) );
#14581 = ORIENTED_EDGE('',*,*,#14582,.T.);
#14582 = EDGE_CURVE('',#14555,#14583,#14585,.T.);
#14583 = VERTEX_POINT('',#14584);
#14584 = CARTESIAN_POINT('',(6.535,-9.3,0.845));
#14585 = SURFACE_CURVE('',#14586,(#14590,#14597),.PCURVE_S1.);
#14586 = LINE('',#14587,#14588);
#14587 = CARTESIAN_POINT('',(6.535,-9.3,-5.E-03));
#14588 = VECTOR('',#14589,1.);
#14589 = DIRECTION('',(0.,0.,1.));
#14590 = PCURVE('',#14530,#14591);
#14591 = DEFINITIONAL_REPRESENTATION('',(#14592),#14596);
#14592 = LINE('',#14593,#14594);
#14593 = CARTESIAN_POINT('',(0.,-0.3));
#14594 = VECTOR('',#14595,1.);
#14595 = DIRECTION('',(1.,0.));
#14596 = ( GEOMETRIC_REPRESENTATION_CONTEXT(2) 
PARAMETRIC_REPRESENTATION_CONTEXT() REPRESENTATION_CONTEXT('2D SPACE',''
  ) );
#14597 = PCURVE('',#14598,#14603);
#14598 = PLANE('',#14599);
#14599 = AXIS2_PLACEMENT_3D('',#14600,#14601,#14602);
#14600 = CARTESIAN_POINT('',(6.535,-9.3,-5.E-03));
#14601 = DIRECTION('',(0.,1.,0.));
#14602 = DIRECTION('',(0.,0.,1.));
#14603 = DEFINITIONAL_REPRESENTATION('',(#14604),#14608);
#14604 = LINE('',#14605,#14606);
#14605 = CARTESIAN_POINT('',(0.,0.));
#14606 = VECTOR('',#14607,1.);
#14607 = DIRECTION('',(1.,0.));
#14608 = ( GEOMETRIC_REPRESENTATION_CONTEXT(2) 
PARAMETRIC_REPRESENTATION_CONTEXT() REPRESENTATION_CONTEXT('2D SPACE',''
  ) );
#14609 = ORIENTED_EDGE('',*,*,#14610,.F.);
#14610 = EDGE_CURVE('',#14522,#14583,#14611,.T.);
#14611 = SURFACE_CURVE('',#14612,(#14616,#14623),.PCURVE_S1.);
#14612 = LINE('',#14613,#14614);
#14613 = CARTESIAN_POINT('',(6.535,-9.6,0.845));
#14614 = VECTOR('',#14615,1.);
#14615 = DIRECTION('',(0.,1.,0.));
#14616 = PCURVE('',#14530,#14617);
#14617 = DEFINITIONAL_REPRESENTATION('',(#14618),#14622);
#14618 = LINE('',#14619,#14620);
#14619 = CARTESIAN_POINT('',(0.85,0.));
#14620 = VECTOR('',#14621,1.);
#14621 = DIRECTION('',(0.,-1.));
#14622 = ( GEOMETRIC_REPRESENTATION_CONTEXT(2) 
PARAMETRIC_REPRESENTATION_CONTEXT() REPRESENTATION_CONTEXT('2D SPACE',''
  ) );
#14623 = PCURVE('',#14624,#14629);
#14624 = PLANE('',#14625);
#14625 = AXIS2_PLACEMENT_3D('',#14626,#14627,#14628);
#14626 = CARTESIAN_POINT('',(6.535,-9.6,0.845));
#14627 = DIRECTION('',(0.,0.,1.));
#14628 = DIRECTION('',(1.,0.,0.));
#14629 = DEFINITIONAL_REPRESENTATION('',(#14630),#14634);
#14630 = LINE('',#14631,#14632);
#14631 = CARTESIAN_POINT('',(0.,0.));
#14632 = VECTOR('',#14633,1.);
#14633 = DIRECTION('',(0.,1.));
#14634 = ( GEOMETRIC_REPRESENTATION_CONTEXT(2) 
PARAMETRIC_REPRESENTATION_CONTEXT() REPRESENTATION_CONTEXT('2D SPACE',''
  ) );
#14635 = ADVANCED_FACE('',(#14636),#14650,.T.);
#14636 = FACE_BOUND('',#14637,.T.);
#14637 = EDGE_LOOP('',(#14638,#14668,#14691,#14714));
#14638 = ORIENTED_EDGE('',*,*,#14639,.F.);
#14639 = EDGE_CURVE('',#14640,#14642,#14644,.T.);
#14640 = VERTEX_POINT('',#14641);
#14641 = CARTESIAN_POINT('',(7.435,-9.6,-5.E-03));
#14642 = VERTEX_POINT('',#14643);
#14643 = CARTESIAN_POINT('',(7.435,-9.6,0.845));
#14644 = SURFACE_CURVE('',#14645,(#14649,#14661),.PCURVE_S1.);
#14645 = LINE('',#14646,#14647);
#14646 = CARTESIAN_POINT('',(7.435,-9.6,-5.E-03));
#14647 = VECTOR('',#14648,1.);
#14648 = DIRECTION('',(0.,0.,1.));
#14649 = PCURVE('',#14650,#14655);
#14650 = PLANE('',#14651);
#14651 = AXIS2_PLACEMENT_3D('',#14652,#14653,#14654);
#14652 = CARTESIAN_POINT('',(7.435,-9.6,-5.E-03));
#14653 = DIRECTION('',(1.,0.,0.));
#14654 = DIRECTION('',(0.,0.,1.));
#14655 = DEFINITIONAL_REPRESENTATION('',(#14656),#14660);
#14656 = LINE('',#14657,#14658);
#14657 = CARTESIAN_POINT('',(0.,0.));
#14658 = VECTOR('',#14659,1.);
#14659 = DIRECTION('',(1.,0.));
#14660 = ( GEOMETRIC_REPRESENTATION_CONTEXT(2) 
PARAMETRIC_REPRESENTATION_CONTEXT() REPRESENTATION_CONTEXT('2D SPACE',''
  ) );
#14661 = PCURVE('',#14542,#14662);
#14662 = DEFINITIONAL_REPRESENTATION('',(#14663),#14667);
#14663 = LINE('',#14664,#14665);
#14664 = CARTESIAN_POINT('',(0.,0.9));
#14665 = VECTOR('',#14666,1.);
#14666 = DIRECTION('',(1.,0.));
#14667 = ( GEOMETRIC_REPRESENTATION_CONTEXT(2) 
PARAMETRIC_REPRESENTATION_CONTEXT() REPRESENTATION_CONTEXT('2D SPACE',''
  ) );
#14668 = ORIENTED_EDGE('',*,*,#14669,.T.);
#14669 = EDGE_CURVE('',#14640,#14670,#14672,.T.);
#14670 = VERTEX_POINT('',#14671);
#14671 = CARTESIAN_POINT('',(7.435,-9.3,-5.E-03));
#14672 = SURFACE_CURVE('',#14673,(#14677,#14684),.PCURVE_S1.);
#14673 = LINE('',#14674,#14675);
#14674 = CARTESIAN_POINT('',(7.435,-9.6,-5.E-03));
#14675 = VECTOR('',#14676,1.);
#14676 = DIRECTION('',(0.,1.,0.));
#14677 = PCURVE('',#14650,#14678);
#14678 = DEFINITIONAL_REPRESENTATION('',(#14679),#14683);
#14679 = LINE('',#14680,#14681);
#14680 = CARTESIAN_POINT('',(0.,0.));
#14681 = VECTOR('',#14682,1.);
#14682 = DIRECTION('',(0.,-1.));
#14683 = ( GEOMETRIC_REPRESENTATION_CONTEXT(2) 
PARAMETRIC_REPRESENTATION_CONTEXT() REPRESENTATION_CONTEXT('2D SPACE',''
  ) );
#14684 = PCURVE('',#14570,#14685);
#14685 = DEFINITIONAL_REPRESENTATION('',(#14686),#14690);
#14686 = LINE('',#14687,#14688);
#14687 = CARTESIAN_POINT('',(0.9,0.));
#14688 = VECTOR('',#14689,1.);
#14689 = DIRECTION('',(0.,1.));
#14690 = ( GEOMETRIC_REPRESENTATION_CONTEXT(2) 
PARAMETRIC_REPRESENTATION_CONTEXT() REPRESENTATION_CONTEXT('2D SPACE',''
  ) );
#14691 = ORIENTED_EDGE('',*,*,#14692,.T.);
#14692 = EDGE_CURVE('',#14670,#14693,#14695,.T.);
#14693 = VERTEX_POINT('',#14694);
#14694 = CARTESIAN_POINT('',(7.435,-9.3,0.845));
#14695 = SURFACE_CURVE('',#14696,(#14700,#14707),.PCURVE_S1.);
#14696 = LINE('',#14697,#14698);
#14697 = CARTESIAN_POINT('',(7.435,-9.3,-5.E-03));
#14698 = VECTOR('',#14699,1.);
#14699 = DIRECTION('',(0.,0.,1.));
#14700 = PCURVE('',#14650,#14701);
#14701 = DEFINITIONAL_REPRESENTATION('',(#14702),#14706);
#14702 = LINE('',#14703,#14704);
#14703 = CARTESIAN_POINT('',(0.,-0.3));
#14704 = VECTOR('',#14705,1.);
#14705 = DIRECTION('',(1.,0.));
#14706 = ( GEOMETRIC_REPRESENTATION_CONTEXT(2) 
PARAMETRIC_REPRESENTATION_CONTEXT() REPRESENTATION_CONTEXT('2D SPACE',''
  ) );
#14707 = PCURVE('',#14598,#14708);
#14708 = DEFINITIONAL_REPRESENTATION('',(#14709),#14713);
#14709 = LINE('',#14710,#14711);
#14710 = CARTESIAN_POINT('',(0.,0.9));
#14711 = VECTOR('',#14712,1.);
#14712 = DIRECTION('',(1.,0.));
#14713 = ( GEOMETRIC_REPRESENTATION_CONTEXT(2) 
PARAMETRIC_REPRESENTATION_CONTEXT() REPRESENTATION_CONTEXT('2D SPACE',''
  ) );
#14714 = ORIENTED_EDGE('',*,*,#14715,.F.);
#14715 = EDGE_CURVE('',#14642,#14693,#14716,.T.);
#14716 = SURFACE_CURVE('',#14717,(#14721,#14728),.PCURVE_S1.);
#14717 = LINE('',#14718,#14719);
#14718 = CARTESIAN_POINT('',(7.435,-9.6,0.845));
#14719 = VECTOR('',#14720,1.);
#14720 = DIRECTION('',(0.,1.,0.));
#14721 = PCURVE('',#14650,#14722);
#14722 = DEFINITIONAL_REPRESENTATION('',(#14723),#14727);
#14723 = LINE('',#14724,#14725);
#14724 = CARTESIAN_POINT('',(0.85,0.));
#14725 = VECTOR('',#14726,1.);
#14726 = DIRECTION('',(0.,-1.));
#14727 = ( GEOMETRIC_REPRESENTATION_CONTEXT(2) 
PARAMETRIC_REPRESENTATION_CONTEXT() REPRESENTATION_CONTEXT('2D SPACE',''
  ) );
#14728 = PCURVE('',#14624,#14729);
#14729 = DEFINITIONAL_REPRESENTATION('',(#14730),#14734);
#14730 = LINE('',#14731,#14732);
#14731 = CARTESIAN_POINT('',(0.9,0.));
#14732 = VECTOR('',#14733,1.);
#14733 = DIRECTION('',(0.,1.));
#14734 = ( GEOMETRIC_REPRESENTATION_CONTEXT(2) 
PARAMETRIC_REPRESENTATION_CONTEXT() REPRESENTATION_CONTEXT('2D SPACE',''
  ) );
#14735 = ADVANCED_FACE('',(#14736),#14542,.F.);
#14736 = FACE_BOUND('',#14737,.F.);
#14737 = EDGE_LOOP('',(#14738,#14759,#14760,#14781));
#14738 = ORIENTED_EDGE('',*,*,#14739,.F.);
#14739 = EDGE_CURVE('',#14520,#14640,#14740,.T.);
#14740 = SURFACE_CURVE('',#14741,(#14745,#14752),.PCURVE_S1.);
#14741 = LINE('',#14742,#14743);
#14742 = CARTESIAN_POINT('',(6.535,-9.6,-5.E-03));
#14743 = VECTOR('',#14744,1.);
#14744 = DIRECTION('',(1.,0.,0.));
#14745 = PCURVE('',#14542,#14746);
#14746 = DEFINITIONAL_REPRESENTATION('',(#14747),#14751);
#14747 = LINE('',#14748,#14749);
#14748 = CARTESIAN_POINT('',(0.,0.));
#14749 = VECTOR('',#14750,1.);
#14750 = DIRECTION('',(0.,1.));
#14751 = ( GEOMETRIC_REPRESENTATION_CONTEXT(2) 
PARAMETRIC_REPRESENTATION_CONTEXT() REPRESENTATION_CONTEXT('2D SPACE',''
  ) );
#14752 = PCURVE('',#14570,#14753);
#14753 = DEFINITIONAL_REPRESENTATION('',(#14754),#14758);
#14754 = LINE('',#14755,#14756);
#14755 = CARTESIAN_POINT('',(0.,0.));
#14756 = VECTOR('',#14757,1.);
#14757 = DIRECTION('',(1.,0.));
#14758 = ( GEOMETRIC_REPRESENTATION_CONTEXT(2) 
PARAMETRIC_REPRESENTATION_CONTEXT() REPRESENTATION_CONTEXT('2D SPACE',''
  ) );
#14759 = ORIENTED_EDGE('',*,*,#14519,.T.);
#14760 = ORIENTED_EDGE('',*,*,#14761,.T.);
#14761 = EDGE_CURVE('',#14522,#14642,#14762,.T.);
#14762 = SURFACE_CURVE('',#14763,(#14767,#14774),.PCURVE_S1.);
#14763 = LINE('',#14764,#14765);
#14764 = CARTESIAN_POINT('',(6.535,-9.6,0.845));
#14765 = VECTOR('',#14766,1.);
#14766 = DIRECTION('',(1.,0.,0.));
#14767 = PCURVE('',#14542,#14768);
#14768 = DEFINITIONAL_REPRESENTATION('',(#14769),#14773);
#14769 = LINE('',#14770,#14771);
#14770 = CARTESIAN_POINT('',(0.85,0.));
#14771 = VECTOR('',#14772,1.);
#14772 = DIRECTION('',(0.,1.));
#14773 = ( GEOMETRIC_REPRESENTATION_CONTEXT(2) 
PARAMETRIC_REPRESENTATION_CONTEXT() REPRESENTATION_CONTEXT('2D SPACE',''
  ) );
#14774 = PCURVE('',#14624,#14775);
#14775 = DEFINITIONAL_REPRESENTATION('',(#14776),#14780);
#14776 = LINE('',#14777,#14778);
#14777 = CARTESIAN_POINT('',(0.,0.));
#14778 = VECTOR('',#14779,1.);
#14779 = DIRECTION('',(1.,0.));
#14780 = ( GEOMETRIC_REPRESENTATION_CONTEXT(2) 
PARAMETRIC_REPRESENTATION_CONTEXT() REPRESENTATION_CONTEXT('2D SPACE',''
  ) );
#14781 = ORIENTED_EDGE('',*,*,#14639,.F.);
#14782 = ADVANCED_FACE('',(#14783),#14598,.T.);
#14783 = FACE_BOUND('',#14784,.T.);
#14784 = EDGE_LOOP('',(#14785,#14806,#14807,#14828));
#14785 = ORIENTED_EDGE('',*,*,#14786,.F.);
#14786 = EDGE_CURVE('',#14555,#14670,#14787,.T.);
#14787 = SURFACE_CURVE('',#14788,(#14792,#14799),.PCURVE_S1.);
#14788 = LINE('',#14789,#14790);
#14789 = CARTESIAN_POINT('',(6.535,-9.3,-5.E-03));
#14790 = VECTOR('',#14791,1.);
#14791 = DIRECTION('',(1.,0.,0.));
#14792 = PCURVE('',#14598,#14793);
#14793 = DEFINITIONAL_REPRESENTATION('',(#14794),#14798);
#14794 = LINE('',#14795,#14796);
#14795 = CARTESIAN_POINT('',(0.,0.));
#14796 = VECTOR('',#14797,1.);
#14797 = DIRECTION('',(0.,1.));
#14798 = ( GEOMETRIC_REPRESENTATION_CONTEXT(2) 
PARAMETRIC_REPRESENTATION_CONTEXT() REPRESENTATION_CONTEXT('2D SPACE',''
  ) );
#14799 = PCURVE('',#14570,#14800);
#14800 = DEFINITIONAL_REPRESENTATION('',(#14801),#14805);
#14801 = LINE('',#14802,#14803);
#14802 = CARTESIAN_POINT('',(0.,0.3));
#14803 = VECTOR('',#14804,1.);
#14804 = DIRECTION('',(1.,0.));
#14805 = ( GEOMETRIC_REPRESENTATION_CONTEXT(2) 
PARAMETRIC_REPRESENTATION_CONTEXT() REPRESENTATION_CONTEXT('2D SPACE',''
  ) );
#14806 = ORIENTED_EDGE('',*,*,#14582,.T.);
#14807 = ORIENTED_EDGE('',*,*,#14808,.T.);
#14808 = EDGE_CURVE('',#14583,#14693,#14809,.T.);
#14809 = SURFACE_CURVE('',#14810,(#14814,#14821),.PCURVE_S1.);
#14810 = LINE('',#14811,#14812);
#14811 = CARTESIAN_POINT('',(6.535,-9.3,0.845));
#14812 = VECTOR('',#14813,1.);
#14813 = DIRECTION('',(1.,0.,0.));
#14814 = PCURVE('',#14598,#14815);
#14815 = DEFINITIONAL_REPRESENTATION('',(#14816),#14820);
#14816 = LINE('',#14817,#14818);
#14817 = CARTESIAN_POINT('',(0.85,0.));
#14818 = VECTOR('',#14819,1.);
#14819 = DIRECTION('',(0.,1.));
#14820 = ( GEOMETRIC_REPRESENTATION_CONTEXT(2) 
PARAMETRIC_REPRESENTATION_CONTEXT() REPRESENTATION_CONTEXT('2D SPACE',''
  ) );
#14821 = PCURVE('',#14624,#14822);
#14822 = DEFINITIONAL_REPRESENTATION('',(#14823),#14827);
#14823 = LINE('',#14824,#14825);
#14824 = CARTESIAN_POINT('',(0.,0.3));
#14825 = VECTOR('',#14826,1.);
#14826 = DIRECTION('',(1.,0.));
#14827 = ( GEOMETRIC_REPRESENTATION_CONTEXT(2) 
PARAMETRIC_REPRESENTATION_CONTEXT() REPRESENTATION_CONTEXT('2D SPACE',''
  ) );
#14828 = ORIENTED_EDGE('',*,*,#14692,.F.);
#14829 = ADVANCED_FACE('',(#14830),#14570,.F.);
#14830 = FACE_BOUND('',#14831,.F.);
#14831 = EDGE_LOOP('',(#14832,#14833,#14834,#14835));
#14832 = ORIENTED_EDGE('',*,*,#14554,.F.);
#14833 = ORIENTED_EDGE('',*,*,#14739,.T.);
#14834 = ORIENTED_EDGE('',*,*,#14669,.T.);
#14835 = ORIENTED_EDGE('',*,*,#14786,.F.);
#14836 = ADVANCED_FACE('',(#14837),#14624,.T.);
#14837 = FACE_BOUND('',#14838,.T.);
#14838 = EDGE_LOOP('',(#14839,#14840,#14841,#14842));
#14839 = ORIENTED_EDGE('',*,*,#14610,.F.);
#14840 = ORIENTED_EDGE('',*,*,#14761,.T.);
#14841 = ORIENTED_EDGE('',*,*,#14715,.T.);
#14842 = ORIENTED_EDGE('',*,*,#14808,.F.);
#14843 = ( GEOMETRIC_REPRESENTATION_CONTEXT(3) 
GLOBAL_UNCERTAINTY_ASSIGNED_CONTEXT((#14847)) 
GLOBAL_UNIT_ASSIGNED_CONTEXT((#14844,#14845,#14846)) 
REPRESENTATION_CONTEXT('Context #1',
  '3D Context with UNIT and UNCERTAINTY') );
#14844 = ( LENGTH_UNIT() NAMED_UNIT(*) SI_UNIT(.MILLI.,.METRE.) );
#14845 = ( NAMED_UNIT(*) PLANE_ANGLE_UNIT() SI_UNIT($,.RADIAN.) );
#14846 = ( NAMED_UNIT(*) SI_UNIT($,.STERADIAN.) SOLID_ANGLE_UNIT() );
#14847 = UNCERTAINTY_MEASURE_WITH_UNIT(LENGTH_MEASURE(1.E-07),#14844,
  'distance_accuracy_value','confusion accuracy');
#14848 = CONTEXT_DEPENDENT_SHAPE_REPRESENTATION(#14849,#14851);
#14849 = ( REPRESENTATION_RELATIONSHIP('','',#1642,#10) 
REPRESENTATION_RELATIONSHIP_WITH_TRANSFORMATION(#14850) 
SHAPE_REPRESENTATION_RELATIONSHIP() );
#14850 = ITEM_DEFINED_TRANSFORMATION('','',#11,#31);
#14851 = PRODUCT_DEFINITION_SHAPE('Placement','Placement of an item',
  #14852);
#14852 = NEXT_ASSEMBLY_USAGE_OCCURRENCE('14','pads','',#5,#1637,$);
#14853 = PRODUCT_RELATED_PRODUCT_CATEGORY('part',$,(#1639));
#14854 = MECHANICAL_DESIGN_GEOMETRIC_PRESENTATION_REPRESENTATION('',(
    #14855),#1413);
#14855 = STYLED_ITEM('color',(#14856),#1083);
#14856 = PRESENTATION_STYLE_ASSIGNMENT((#14857));
#14857 = SURFACE_STYLE_USAGE(.BOTH.,#14858);
#14858 = SURFACE_SIDE_STYLE('',(#14859));
#14859 = SURFACE_STYLE_FILL_AREA(#14860);
#14860 = FILL_AREA_STYLE('',(#14861));
#14861 = FILL_AREA_STYLE_COLOUR('',#14862);
#14862 = COLOUR_RGB('',0.850000012718,0.679999990811,0.250000000672);
#14863 = MECHANICAL_DESIGN_GEOMETRIC_PRESENTATION_REPRESENTATION('',(
    #14864),#379);
#14864 = STYLED_ITEM('color',(#14865),#49);
#14865 = PRESENTATION_STYLE_ASSIGNMENT((#14866));
#14866 = SURFACE_STYLE_USAGE(.BOTH.,#14867);
#14867 = SURFACE_SIDE_STYLE('',(#14868));
#14868 = SURFACE_STYLE_FILL_AREA(#14869);
#14869 = FILL_AREA_STYLE('',(#14870));
#14870 = FILL_AREA_STYLE_COLOUR('',#14871);
#14871 = COLOUR_RGB('',7.999999887273E-02,7.999999887273E-02,
  9.999999991362E-02);
#14872 = MECHANICAL_DESIGN_GEOMETRIC_PRESENTATION_REPRESENTATION('',(
    #14873),#1064);
#14873 = STYLED_ITEM('color',(#14874),#398);
#14874 = PRESENTATION_STYLE_ASSIGNMENT((#14875));
#14875 = SURFACE_STYLE_USAGE(.BOTH.,#14876);
#14876 = SURFACE_SIDE_STYLE('',(#14877));
#14877 = SURFACE_STYLE_FILL_AREA(#14878);
#14878 = FILL_AREA_STYLE('',(#14879));
#14879 = FILL_AREA_STYLE_COLOUR('',#14880);
#14880 = COLOUR_RGB('',0.819999987296,0.819999987296,0.850000012718);
#14881 = MECHANICAL_DESIGN_GEOMETRIC_PRESENTATION_REPRESENTATION('',(
    #14882),#1624);
#14882 = STYLED_ITEM('color',(#14883),#1432);
#14883 = PRESENTATION_STYLE_ASSIGNMENT((#14884));
#14884 = SURFACE_STYLE_USAGE(.BOTH.,#14885);
#14885 = SURFACE_SIDE_STYLE('',(#14886));
#14886 = SURFACE_STYLE_FILL_AREA(#14887);
#14887 = FILL_AREA_STYLE('',(#14888));
#14888 = FILL_AREA_STYLE_COLOUR('',#14862);
#14889 = MECHANICAL_DESIGN_GEOMETRIC_PRESENTATION_REPRESENTATION('',(
    #14890,#14897,#14904,#14911,#14918,#14925,#14932,#14939,#14946,
    #14953,#14960,#14967,#14974,#14981,#14988,#14995,#15002,#15009,
    #15016,#15023,#15030,#15037,#15044,#15051,#15058,#15065,#15072,
    #15079,#15086,#15093,#15100,#15107,#15114,#15121,#15128,#15135,
    #15142,#15149,#15156,#15163),#14843);
#14890 = STYLED_ITEM('color',(#14891),#1643);
#14891 = PRESENTATION_STYLE_ASSIGNMENT((#14892));
#14892 = SURFACE_STYLE_USAGE(.BOTH.,#14893);
#14893 = SURFACE_SIDE_STYLE('',(#14894));
#14894 = SURFACE_STYLE_FILL_AREA(#14895);
#14895 = FILL_AREA_STYLE('',(#14896));
#14896 = FILL_AREA_STYLE_COLOUR('',#14862);
#14897 = STYLED_ITEM('color',(#14898),#1973);
#14898 = PRESENTATION_STYLE_ASSIGNMENT((#14899));
#14899 = SURFACE_STYLE_USAGE(.BOTH.,#14900);
#14900 = SURFACE_SIDE_STYLE('',(#14901));
#14901 = SURFACE_STYLE_FILL_AREA(#14902);
#14902 = FILL_AREA_STYLE('',(#14903));
#14903 = FILL_AREA_STYLE_COLOUR('',#14862);
#14904 = STYLED_ITEM('color',(#14905),#2303);
#14905 = PRESENTATION_STYLE_ASSIGNMENT((#14906));
#14906 = SURFACE_STYLE_USAGE(.BOTH.,#14907);
#14907 = SURFACE_SIDE_STYLE('',(#14908));
#14908 = SURFACE_STYLE_FILL_AREA(#14909);
#14909 = FILL_AREA_STYLE('',(#14910));
#14910 = FILL_AREA_STYLE_COLOUR('',#14862);
#14911 = STYLED_ITEM('color',(#14912),#2633);
#14912 = PRESENTATION_STYLE_ASSIGNMENT((#14913));
#14913 = SURFACE_STYLE_USAGE(.BOTH.,#14914);
#14914 = SURFACE_SIDE_STYLE('',(#14915));
#14915 = SURFACE_STYLE_FILL_AREA(#14916);
#14916 = FILL_AREA_STYLE('',(#14917));
#14917 = FILL_AREA_STYLE_COLOUR('',#14862);
#14918 = STYLED_ITEM('color',(#14919),#2963);
#14919 = PRESENTATION_STYLE_ASSIGNMENT((#14920));
#14920 = SURFACE_STYLE_USAGE(.BOTH.,#14921);
#14921 = SURFACE_SIDE_STYLE('',(#14922));
#14922 = SURFACE_STYLE_FILL_AREA(#14923);
#14923 = FILL_AREA_STYLE('',(#14924));
#14924 = FILL_AREA_STYLE_COLOUR('',#14862);
#14925 = STYLED_ITEM('color',(#14926),#3293);
#14926 = PRESENTATION_STYLE_ASSIGNMENT((#14927));
#14927 = SURFACE_STYLE_USAGE(.BOTH.,#14928);
#14928 = SURFACE_SIDE_STYLE('',(#14929));
#14929 = SURFACE_STYLE_FILL_AREA(#14930);
#14930 = FILL_AREA_STYLE('',(#14931));
#14931 = FILL_AREA_STYLE_COLOUR('',#14862);
#14932 = STYLED_ITEM('color',(#14933),#3623);
#14933 = PRESENTATION_STYLE_ASSIGNMENT((#14934));
#14934 = SURFACE_STYLE_USAGE(.BOTH.,#14935);
#14935 = SURFACE_SIDE_STYLE('',(#14936));
#14936 = SURFACE_STYLE_FILL_AREA(#14937);
#14937 = FILL_AREA_STYLE('',(#14938));
#14938 = FILL_AREA_STYLE_COLOUR('',#14862);
#14939 = STYLED_ITEM('color',(#14940),#3953);
#14940 = PRESENTATION_STYLE_ASSIGNMENT((#14941));
#14941 = SURFACE_STYLE_USAGE(.BOTH.,#14942);
#14942 = SURFACE_SIDE_STYLE('',(#14943));
#14943 = SURFACE_STYLE_FILL_AREA(#14944);
#14944 = FILL_AREA_STYLE('',(#14945));
#14945 = FILL_AREA_STYLE_COLOUR('',#14862);
#14946 = STYLED_ITEM('color',(#14947),#4283);
#14947 = PRESENTATION_STYLE_ASSIGNMENT((#14948));
#14948 = SURFACE_STYLE_USAGE(.BOTH.,#14949);
#14949 = SURFACE_SIDE_STYLE('',(#14950));
#14950 = SURFACE_STYLE_FILL_AREA(#14951);
#14951 = FILL_AREA_STYLE('',(#14952));
#14952 = FILL_AREA_STYLE_COLOUR('',#14862);
#14953 = STYLED_ITEM('color',(#14954),#4613);
#14954 = PRESENTATION_STYLE_ASSIGNMENT((#14955));
#14955 = SURFACE_STYLE_USAGE(.BOTH.,#14956);
#14956 = SURFACE_SIDE_STYLE('',(#14957));
#14957 = SURFACE_STYLE_FILL_AREA(#14958);
#14958 = FILL_AREA_STYLE('',(#14959));
#14959 = FILL_AREA_STYLE_COLOUR('',#14862);
#14960 = STYLED_ITEM('color',(#14961),#4943);
#14961 = PRESENTATION_STYLE_ASSIGNMENT((#14962));
#14962 = SURFACE_STYLE_USAGE(.BOTH.,#14963);
#14963 = SURFACE_SIDE_STYLE('',(#14964));
#14964 = SURFACE_STYLE_FILL_AREA(#14965);
#14965 = FILL_AREA_STYLE('',(#14966));
#14966 = FILL_AREA_STYLE_COLOUR('',#14862);
#14967 = STYLED_ITEM('color',(#14968),#5273);
#14968 = PRESENTATION_STYLE_ASSIGNMENT((#14969));
#14969 = SURFACE_STYLE_USAGE(.BOTH.,#14970);
#14970 = SURFACE_SIDE_STYLE('',(#14971));
#14971 = SURFACE_STYLE_FILL_AREA(#14972);
#14972 = FILL_AREA_STYLE('',(#14973));
#14973 = FILL_AREA_STYLE_COLOUR('',#14862);
#14974 = STYLED_ITEM('color',(#14975),#5603);
#14975 = PRESENTATION_STYLE_ASSIGNMENT((#14976));
#14976 = SURFACE_STYLE_USAGE(.BOTH.,#14977);
#14977 = SURFACE_SIDE_STYLE('',(#14978));
#14978 = SURFACE_STYLE_FILL_AREA(#14979);
#14979 = FILL_AREA_STYLE('',(#14980));
#14980 = FILL_AREA_STYLE_COLOUR('',#14862);
#14981 = STYLED_ITEM('color',(#14982),#5933);
#14982 = PRESENTATION_STYLE_ASSIGNMENT((#14983));
#14983 = SURFACE_STYLE_USAGE(.BOTH.,#14984);
#14984 = SURFACE_SIDE_STYLE('',(#14985));
#14985 = SURFACE_STYLE_FILL_AREA(#14986);
#14986 = FILL_AREA_STYLE('',(#14987));
#14987 = FILL_AREA_STYLE_COLOUR('',#14862);
#14988 = STYLED_ITEM('color',(#14989),#6263);
#14989 = PRESENTATION_STYLE_ASSIGNMENT((#14990));
#14990 = SURFACE_STYLE_USAGE(.BOTH.,#14991);
#14991 = SURFACE_SIDE_STYLE('',(#14992));
#14992 = SURFACE_STYLE_FILL_AREA(#14993);
#14993 = FILL_AREA_STYLE('',(#14994));
#14994 = FILL_AREA_STYLE_COLOUR('',#14862);
#14995 = STYLED_ITEM('color',(#14996),#6593);
#14996 = PRESENTATION_STYLE_ASSIGNMENT((#14997));
#14997 = SURFACE_STYLE_USAGE(.BOTH.,#14998);
#14998 = SURFACE_SIDE_STYLE('',(#14999));
#14999 = SURFACE_STYLE_FILL_AREA(#15000);
#15000 = FILL_AREA_STYLE('',(#15001));
#15001 = FILL_AREA_STYLE_COLOUR('',#14862);
#15002 = STYLED_ITEM('color',(#15003),#6923);
#15003 = PRESENTATION_STYLE_ASSIGNMENT((#15004));
#15004 = SURFACE_STYLE_USAGE(.BOTH.,#15005);
#15005 = SURFACE_SIDE_STYLE('',(#15006));
#15006 = SURFACE_STYLE_FILL_AREA(#15007);
#15007 = FILL_AREA_STYLE('',(#15008));
#15008 = FILL_AREA_STYLE_COLOUR('',#14862);
#15009 = STYLED_ITEM('color',(#15010),#7253);
#15010 = PRESENTATION_STYLE_ASSIGNMENT((#15011));
#15011 = SURFACE_STYLE_USAGE(.BOTH.,#15012);
#15012 = SURFACE_SIDE_STYLE('',(#15013));
#15013 = SURFACE_STYLE_FILL_AREA(#15014);
#15014 = FILL_AREA_STYLE('',(#15015));
#15015 = FILL_AREA_STYLE_COLOUR('',#14862);
#15016 = STYLED_ITEM('color',(#15017),#7583);
#15017 = PRESENTATION_STYLE_ASSIGNMENT((#15018));
#15018 = SURFACE_STYLE_USAGE(.BOTH.,#15019);
#15019 = SURFACE_SIDE_STYLE('',(#15020));
#15020 = SURFACE_STYLE_FILL_AREA(#15021);
#15021 = FILL_AREA_STYLE('',(#15022));
#15022 = FILL_AREA_STYLE_COLOUR('',#14862);
#15023 = STYLED_ITEM('color',(#15024),#7913);
#15024 = PRESENTATION_STYLE_ASSIGNMENT((#15025));
#15025 = SURFACE_STYLE_USAGE(.BOTH.,#15026);
#15026 = SURFACE_SIDE_STYLE('',(#15027));
#15027 = SURFACE_STYLE_FILL_AREA(#15028);
#15028 = FILL_AREA_STYLE('',(#15029));
#15029 = FILL_AREA_STYLE_COLOUR('',#14862);
#15030 = STYLED_ITEM('color',(#15031),#8243);
#15031 = PRESENTATION_STYLE_ASSIGNMENT((#15032));
#15032 = SURFACE_STYLE_USAGE(.BOTH.,#15033);
#15033 = SURFACE_SIDE_STYLE('',(#15034));
#15034 = SURFACE_STYLE_FILL_AREA(#15035);
#15035 = FILL_AREA_STYLE('',(#15036));
#15036 = FILL_AREA_STYLE_COLOUR('',#14862);
#15037 = STYLED_ITEM('color',(#15038),#8573);
#15038 = PRESENTATION_STYLE_ASSIGNMENT((#15039));
#15039 = SURFACE_STYLE_USAGE(.BOTH.,#15040);
#15040 = SURFACE_SIDE_STYLE('',(#15041));
#15041 = SURFACE_STYLE_FILL_AREA(#15042);
#15042 = FILL_AREA_STYLE('',(#15043));
#15043 = FILL_AREA_STYLE_COLOUR('',#14862);
#15044 = STYLED_ITEM('color',(#15045),#8903);
#15045 = PRESENTATION_STYLE_ASSIGNMENT((#15046));
#15046 = SURFACE_STYLE_USAGE(.BOTH.,#15047);
#15047 = SURFACE_SIDE_STYLE('',(#15048));
#15048 = SURFACE_STYLE_FILL_AREA(#15049);
#15049 = FILL_AREA_STYLE('',(#15050));
#15050 = FILL_AREA_STYLE_COLOUR('',#14862);
#15051 = STYLED_ITEM('color',(#15052),#9233);
#15052 = PRESENTATION_STYLE_ASSIGNMENT((#15053));
#15053 = SURFACE_STYLE_USAGE(.BOTH.,#15054);
#15054 = SURFACE_SIDE_STYLE('',(#15055));
#15055 = SURFACE_STYLE_FILL_AREA(#15056);
#15056 = FILL_AREA_STYLE('',(#15057));
#15057 = FILL_AREA_STYLE_COLOUR('',#14862);
#15058 = STYLED_ITEM('color',(#15059),#9563);
#15059 = PRESENTATION_STYLE_ASSIGNMENT((#15060));
#15060 = SURFACE_STYLE_USAGE(.BOTH.,#15061);
#15061 = SURFACE_SIDE_STYLE('',(#15062));
#15062 = SURFACE_STYLE_FILL_AREA(#15063);
#15063 = FILL_AREA_STYLE('',(#15064));
#15064 = FILL_AREA_STYLE_COLOUR('',#14862);
#15065 = STYLED_ITEM('color',(#15066),#9893);
#15066 = PRESENTATION_STYLE_ASSIGNMENT((#15067));
#15067 = SURFACE_STYLE_USAGE(.BOTH.,#15068);
#15068 = SURFACE_SIDE_STYLE('',(#15069));
#15069 = SURFACE_STYLE_FILL_AREA(#15070);
#15070 = FILL_AREA_STYLE('',(#15071));
#15071 = FILL_AREA_STYLE_COLOUR('',#14862);
#15072 = STYLED_ITEM('color',(#15073),#10223);
#15073 = PRESENTATION_STYLE_ASSIGNMENT((#15074));
#15074 = SURFACE_STYLE_USAGE(.BOTH.,#15075);
#15075 = SURFACE_SIDE_STYLE('',(#15076));
#15076 = SURFACE_STYLE_FILL_AREA(#15077);
#15077 = FILL_AREA_STYLE('',(#15078));
#15078 = FILL_AREA_STYLE_COLOUR('',#14862);
#15079 = STYLED_ITEM('color',(#15080),#10553);
#15080 = PRESENTATION_STYLE_ASSIGNMENT((#15081));
#15081 = SURFACE_STYLE_USAGE(.BOTH.,#15082);
#15082 = SURFACE_SIDE_STYLE('',(#15083));
#15083 = SURFACE_STYLE_FILL_AREA(#15084);
#15084 = FILL_AREA_STYLE('',(#15085));
#15085 = FILL_AREA_STYLE_COLOUR('',#14862);
#15086 = STYLED_ITEM('color',(#15087),#10883);
#15087 = PRESENTATION_STYLE_ASSIGNMENT((#15088));
#15088 = SURFACE_STYLE_USAGE(.BOTH.,#15089);
#15089 = SURFACE_SIDE_STYLE('',(#15090));
#15090 = SURFACE_STYLE_FILL_AREA(#15091);
#15091 = FILL_AREA_STYLE('',(#15092));
#15092 = FILL_AREA_STYLE_COLOUR('',#14862);
#15093 = STYLED_ITEM('color',(#15094),#11213);
#15094 = PRESENTATION_STYLE_ASSIGNMENT((#15095));
#15095 = SURFACE_STYLE_USAGE(.BOTH.,#15096);
#15096 = SURFACE_SIDE_STYLE('',(#15097));
#15097 = SURFACE_STYLE_FILL_AREA(#15098);
#15098 = FILL_AREA_STYLE('',(#15099));
#15099 = FILL_AREA_STYLE_COLOUR('',#14862);
#15100 = STYLED_ITEM('color',(#15101),#11543);
#15101 = PRESENTATION_STYLE_ASSIGNMENT((#15102));
#15102 = SURFACE_STYLE_USAGE(.BOTH.,#15103);
#15103 = SURFACE_SIDE_STYLE('',(#15104));
#15104 = SURFACE_STYLE_FILL_AREA(#15105);
#15105 = FILL_AREA_STYLE('',(#15106));
#15106 = FILL_AREA_STYLE_COLOUR('',#14862);
#15107 = STYLED_ITEM('color',(#15108),#11873);
#15108 = PRESENTATION_STYLE_ASSIGNMENT((#15109));
#15109 = SURFACE_STYLE_USAGE(.BOTH.,#15110);
#15110 = SURFACE_SIDE_STYLE('',(#15111));
#15111 = SURFACE_STYLE_FILL_AREA(#15112);
#15112 = FILL_AREA_STYLE('',(#15113));
#15113 = FILL_AREA_STYLE_COLOUR('',#14862);
#15114 = STYLED_ITEM('color',(#15115),#12203);
#15115 = PRESENTATION_STYLE_ASSIGNMENT((#15116));
#15116 = SURFACE_STYLE_USAGE(.BOTH.,#15117);
#15117 = SURFACE_SIDE_STYLE('',(#15118));
#15118 = SURFACE_STYLE_FILL_AREA(#15119);
#15119 = FILL_AREA_STYLE('',(#15120));
#15120 = FILL_AREA_STYLE_COLOUR('',#14862);
#15121 = STYLED_ITEM('color',(#15122),#12533);
#15122 = PRESENTATION_STYLE_ASSIGNMENT((#15123));
#15123 = SURFACE_STYLE_USAGE(.BOTH.,#15124);
#15124 = SURFACE_SIDE_STYLE('',(#15125));
#15125 = SURFACE_STYLE_FILL_AREA(#15126);
#15126 = FILL_AREA_STYLE('',(#15127));
#15127 = FILL_AREA_STYLE_COLOUR('',#14862);
#15128 = STYLED_ITEM('color',(#15129),#12863);
#15129 = PRESENTATION_STYLE_ASSIGNMENT((#15130));
#15130 = SURFACE_STYLE_USAGE(.BOTH.,#15131);
#15131 = SURFACE_SIDE_STYLE('',(#15132));
#15132 = SURFACE_STYLE_FILL_AREA(#15133);
#15133 = FILL_AREA_STYLE('',(#15134));
#15134 = FILL_AREA_STYLE_COLOUR('',#14862);
#15135 = STYLED_ITEM('color',(#15136),#13193);
#15136 = PRESENTATION_STYLE_ASSIGNMENT((#15137));
#15137 = SURFACE_STYLE_USAGE(.BOTH.,#15138);
#15138 = SURFACE_SIDE_STYLE('',(#15139));
#15139 = SURFACE_STYLE_FILL_AREA(#15140);
#15140 = FILL_AREA_STYLE('',(#15141));
#15141 = FILL_AREA_STYLE_COLOUR('',#14862);
#15142 = STYLED_ITEM('color',(#15143),#13523);
#15143 = PRESENTATION_STYLE_ASSIGNMENT((#15144));
#15144 = SURFACE_STYLE_USAGE(.BOTH.,#15145);
#15145 = SURFACE_SIDE_STYLE('',(#15146));
#15146 = SURFACE_STYLE_FILL_AREA(#15147);
#15147 = FILL_AREA_STYLE('',(#15148));
#15148 = FILL_AREA_STYLE_COLOUR('',#14862);
#15149 = STYLED_ITEM('color',(#15150),#13853);
#15150 = PRESENTATION_STYLE_ASSIGNMENT((#15151));
#15151 = SURFACE_STYLE_USAGE(.BOTH.,#15152);
#15152 = SURFACE_SIDE_STYLE('',(#15153));
#15153 = SURFACE_STYLE_FILL_AREA(#15154);
#15154 = FILL_AREA_STYLE('',(#15155));
#15155 = FILL_AREA_STYLE_COLOUR('',#14862);
#15156 = STYLED_ITEM('color',(#15157),#14183);
#15157 = PRESENTATION_STYLE_ASSIGNMENT((#15158));
#15158 = SURFACE_STYLE_USAGE(.BOTH.,#15159);
#15159 = SURFACE_SIDE_STYLE('',(#15160));
#15160 = SURFACE_STYLE_FILL_AREA(#15161);
#15161 = FILL_AREA_STYLE('',(#15162));
#15162 = FILL_AREA_STYLE_COLOUR('',#14862);
#15163 = STYLED_ITEM('color',(#15164),#14513);
#15164 = PRESENTATION_STYLE_ASSIGNMENT((#15165));
#15165 = SURFACE_STYLE_USAGE(.BOTH.,#15166);
#15166 = SURFACE_SIDE_STYLE('',(#15167));
#15167 = SURFACE_STYLE_FILL_AREA(#15168);
#15168 = FILL_AREA_STYLE('',(#15169));
#15169 = FILL_AREA_STYLE_COLOUR('',#14862);
ENDSEC;
END-ISO-10303-21;
